"Compound ChEMBL ID","Smiles","Smiles (RDKit Mol)"
"CHEMBL151562","C/N=C(\N)c1ccc(/C=C2/CCCC/C(=C/c3ccc(C(=N)N)cc3)C2=O)cc1","C/N=C(\N)c1ccc(/C=C2/CCCC/C(=C/c3ccc(C(=N)N)cc3)C2=O)cc1"
"CHEMBL1630638","O=C1/C(=C/c2ccc(N3CCOCC3)cc2)CC/C1=C\c1ccc(N2CCOCC2)cc1","O=C1/C(=C/c2ccc(N3CCOCC3)cc2)CC/C1=C\c1ccc(N2CCOCC2)cc1"
"CHEMBL150612","N=C(N)c1ccc(/C=C2/CC(c3ccccc3)C/C(=C\c3ccc(C(=N)N)cc3)C2=O)cc1","N=C(N)c1ccc(/C=C2/CC(c3ccccc3)C/C(=C\c3ccc(C(=N)N)cc3)C2=O)cc1"
"CHEMBL5284389","CC1(C)C=C(CN2C/C(=C\c3ccc(F)cc3)C(=O)/C(=C/c3ccc(F)cc3)C2)C(C)(C)N1O","CC1(C)C=C(CN2C/C(=C\c3ccc(F)cc3)C(=O)/C(=C/c3ccc(F)cc3)C2)C(C)(C)N1O"
"CHEMBL406574","O=C1/C(=C/c2ccc(O)c(Br)c2)CSC/C1=C\c1ccc(O)c(Br)c1","O=C1/C(=C/c2ccc(O)c(Br)c2)CSC/C1=C\c1ccc(O)c(Br)c1"
"CHEMBL259458","O=C1/C(=C/c2ccc(O)c(Br)c2)CCCC/C1=C\c1ccc(O)c(Br)c1","O=C1/C(=C/c2ccc(O)c(Br)c2)CCCC/C1=C\c1ccc(O)c(Br)c1"
"CHEMBL457298","O=C(/C=C/c1ccc([N+](=O)[O-])cc1)/C=C/c1ccc([N+](=O)[O-])cc1","O=C(/C=C/c1ccc([N+](=O)[O-])cc1)/C=C/c1ccc([N+](=O)[O-])cc1"
"CHEMBL1767226","CN(C)c1ccc(/C=C/C(=O)/C=C/c2ccc(OCc3ccccc3)cc2)cc1","CN(C)c1ccc(/C=C/C(=O)/C=C/c2ccc(OCc3ccccc3)cc2)cc1"
"CHEMBL2064108","COc1cc(OC)c(/C=C/C(=O)C(=Cc2cc(OC)c(O)c(OC)c2)C(=O)/C=C/c2c(OC)cc(OC)cc2OC)c(OC)c1","COc1cc(OC)c(/C=C/C(=O)C(=Cc2cc(OC)c(O)c(OC)c2)C(=O)/C=C/c2c(OC)cc(OC)cc2OC)c(OC)c1"
"CHEMBL504452","O=C(/C=C/c1ccccc1Br)/C=C/c1ccccc1Br","O=C(/C=C/c1ccccc1Br)/C=C/c1ccccc1Br"
"CHEMBL423698","COc1ccc(/C=C/C(=O)/C=C/c2ccc(OC)c(OC)c2)cc1OC","COc1ccc(/C=C/C(=O)/C=C/c2ccc(OC)c(OC)c2)cc1OC"
"CHEMBL4068653","O=C1/C(=C/c2ccccc2)CCC/C1=C\c1ccc(OC(=O)c2cccnc2)cc1","O=C1/C(=C/c2ccccc2)CCC/C1=C\c1ccc(OC(=O)c2cccnc2)cc1"
"CHEMBL4208759","O=C1/C(=C/c2ccccc2)CCC/C1=C\c1ccc(O)c(O)c1","O=C1/C(=C/c2ccccc2)CCC/C1=C\c1ccc(O)c(O)c1"
"CHEMBL1988349","CN(C)Cc1cc(/C=C2/CCC/C(=C/c3ccc(O)c(CN(C)C)c3)C2=O)ccc1O","CN(C)Cc1cc(/C=C2/CCC/C(=C/c3ccc(O)c(CN(C)C)c3)C2=O)ccc1O"
"CHEMBL1535339","CN1C/C(=C/c2ccc(B(O)O)cc2)C(=O)/C(=C/c2ccc(B(O)O)cc2)C1","CN1C/C(=C/c2ccc(B(O)O)cc2)C(=O)/C(=C/c2ccc(B(O)O)cc2)C1"
"CHEMBL150277","N=C(N)c1ccc(/C=C2/CCC/C(=C/c3ccc(C(=N)N)cc3)C2=O)cc1","N=C(N)c1ccc(/C=C2/CCC/C(=C/c3ccc(C(=N)N)cc3)C2=O)cc1"
"CHEMBL4549105","COc1cc(/C=C/C(=O)/C=C/c2ccc(OCC(=O)Nc3ccccc3)c(OC)c2)ccc1OCC(=O)Nc1ccccc1","COc1cc(/C=C/C(=O)/C=C/c2ccc(OCC(=O)Nc3ccccc3)c(OC)c2)ccc1OCC(=O)Nc1ccccc1"
"CHEMBL3314654","O=C1/C(=C/c2cccc(F)c2)CSC/C1=C\c1cccc(F)c1","O=C1/C(=C/c2cccc(F)c2)CSC/C1=C\c1cccc(F)c1"
"CHEMBL1928975","COc1ccc(/C=C/c2cc(OC)cc(OC)c2/C=C/C(=O)/C=C/c2cccc(Br)c2)cc1","COc1ccc(/C=C/c2cc(OC)cc(OC)c2/C=C/C(=O)/C=C/c2cccc(Br)c2)cc1"
"CHEMBL1773417","Cc1ccc(/C=C2\CN(C(=O)CCSCCO)C/C(=C\c3ccc(C)cc3)C2=O)cc1","Cc1ccc(/C=C2\CN(C(=O)CCSCCO)C/C(=C\c3ccc(C)cc3)C2=O)cc1"
"CHEMBL1929149","COc1ccc(/C=C/c2cc(OC)cc(OC)c2/C=C/C(=O)/C=C/c2cccc(O[N+](=O)[O-])c2)cc1","COc1ccc(/C=C/c2cc(OC)cc(OC)c2/C=C/C(=O)/C=C/c2cccc(O[N+](=O)[O-])c2)cc1"
"CHEMBL1519655","CCN1C/C(=C/c2ccc(N3CCOCC3)cc2)C(=O)/C(=C/c2ccc(N3CCOCC3)cc2)C1","CCN1C/C(=C/c2ccc(N3CCOCC3)cc2)C(=O)/C(=C/c2ccc(N3CCOCC3)cc2)C1"
"CHEMBL1984940","O=C1C(c2ccccc2)=C(c2ccccc2)C(c2ccc(Sc3ccc(C4=C(c5ccccc5)C(=O)C(c5ccccc5)=C4c4ccccc4)cc3)cc2)=C1c1ccccc1","O=C1C(c2ccccc2)=C(c2ccccc2)C(c2ccc(Sc3ccc(C4=C(c5ccccc5)C(=O)C(c5ccccc5)=C4c4ccccc4)cc3)cc2)=C1c1ccccc1"
"CHEMBL5639109","O=C(CN1C/C(=C\c2ccccc2F)C(=O)/C(=C/c2ccccc2F)C1)NCCOCCOCCOCCNc1cccc2c1C(=O)N(C1CCC(=O)NC1=O)C2=O","O=C(CN1C/C(=C\c2ccccc2F)C(=O)/C(=C/c2ccccc2F)C1)NCCOCCOCCOCCNc1cccc2c1C(=O)N(C1CCC(=O)NC1=O)C2=O"
"CHEMBL1983777","CN1C2CCC1/C(=C/c1cccc3c1OCO3)C(=O)/C2=C\c1cccc2c1OCO2","CN1C2CCC1/C(=C/c1cccc3c1OCO3)C(=O)/C2=C\c1cccc2c1OCO2"
"CHEMBL1094316","O=C(/C=C/c1ccccc1Br)C1=Cc2cc(Cl)ccc2OC1","O=C(/C=C/c1ccccc1Br)C1=Cc2cc(Cl)ccc2OC1"
"CHEMBL151144","COC(=O)C1C/C(=C/c2ccc(C(=N)N)cc2)C(=O)/C(=C\c2ccc(C(=N)N)cc2)C1","COC(=O)C1C/C(=C/c2ccc(C(=N)N)cc2)C(=O)/C(=C\c2ccc(C(=N)N)cc2)C1"
"CHEMBL3410527","COc1ccc(/C=C2\CS(=O)(=O)C/C(=C\c3ccc(OC)cc3)C2=O)cc1","COc1ccc(/C=C2\CS(=O)(=O)C/C(=C\c3ccc(OC)cc3)C2=O)cc1"
"CHEMBL6188934","CCOP(=O)(CCCn1cc(CN2C/C(=C\c3ccc(C#N)cc3)C(=O)/C(=C/c3ccc(C#N)cc3)C2)nn1)OCC","CCOP(=O)(CCCn1cc(CN2C/C(=C\c3ccc(C#N)cc3)C(=O)/C(=C/c3ccc(C#N)cc3)C2)nn1)OCC"
"CHEMBL1928978","COc1ccc(/C=C/c2cc(OC)cc(OC)c2/C=C/C(=O)/C=C/c2ccc(Br)cc2)cc1","COc1ccc(/C=C/c2cc(OC)cc(OC)c2/C=C/C(=O)/C=C/c2ccc(Br)cc2)cc1"
"CHEMBL523919","O=C1/C(=C/c2cccc(Cl)c2)CC/C1=C\c1cccc(Cl)c1","O=C1/C(=C/c2cccc(Cl)c2)CC/C1=C\c1cccc(Cl)c1"
"CHEMBL1928966","COc1ccc(/C=C/c2cc(OC)cc(OC)c2/C=C/C(=O)/C=C/c2cc(OC)ccc2OC)cc1","COc1ccc(/C=C/c2cc(OC)cc(OC)c2/C=C/C(=O)/C=C/c2cc(OC)ccc2OC)cc1"
"CHEMBL1928970","COc1ccc(/C=C/c2cc(OC)cc(OC)c2/C=C/C(=O)/C=C/c2ccccc2F)cc1","COc1ccc(/C=C/c2cc(OC)cc(OC)c2/C=C/C(=O)/C=C/c2ccccc2F)cc1"
"CHEMBL3104700","O=C1/C(=C/c2cccc3cnccc23)CC/C1=C\c1cccc2cnccc12","O=C1/C(=C/c2cccc3cnccc23)CC/C1=C\c1cccc2cnccc12"
"CHEMBL374083","N=C(N)NCCC[C@@H](NC(=O)[C@@H](NC(=O)[C@@H](Cc1ccccc1)NC(=O)CCC(=O)N1C/C(=C\c2ccccc2F)C(=O)/C(=C/c2ccccc2F)C1)C(=O)c1ccccc1)C(=O)CCl.O=C(O)C(F)(F)F","N=C(N)NCCC[C@@H](NC(=O)[C@@H](NC(=O)[C@@H](Cc1ccccc1)NC(=O)CCC(=O)N1C/C(=C\c2ccccc2F)C(=O)/C(=C/c2ccccc2F)C1)C(=O)c1ccccc1)C(=O)CCl.O=C(O)C(F)(F)F"
"CHEMBL4781363","CCOc1cc(/C=C2\CC/C(=C\c3ccc(OCCCN4CCCC(C)C4)c(OCC)c3)C2=O)ccc1OCCCN1CCCC(C)C1.Cl.Cl","CCOc1cc(/C=C2\CC/C(=C\c3ccc(OCCCN4CCCC(C)C4)c(OCC)c3)C2=O)ccc1OCCCN1CCCC(C)C1.Cl.Cl"
"CHEMBL3219865","O=C(/C=C/c1ccc(F)cc1)/C=C/c1ccccc1OCc1ccc(F)cc1","O=C(/C=C/c1ccc(F)cc1)/C=C/c1ccccc1OCc1ccc(F)cc1"
"CHEMBL4301031","O=C(O)CCN(CCC(=O)O)c1ccc(/C=C2\CC/C(=C\c3ccc(N(CCC(=O)O)CCC(=O)O)cc3)C2=O)cc1","O=C(O)CCN(CCC(=O)O)c1ccc(/C=C2\CC/C(=C\c3ccc(N(CCC(=O)O)CCC(=O)O)cc3)C2=O)cc1"
"CHEMBL2315381","COc1cc(/C=C2\CC/C(=C\c3ccc(OCCCn4ccnc4)c(OC)c3)C2=O)ccc1OCCCn1ccnc1","COc1cc(/C=C2\CC/C(=C\c3ccc(OCCCn4ccnc4)c(OC)c3)C2=O)ccc1OCCCn1ccnc1"
"CHEMBL2009499","O=C1/C(=C/c2ccc(Cl)c(Cl)c2)CN(C(=O)CCN2CCOCC2)C/C1=C\c1ccc(Cl)c(Cl)c1","O=C1/C(=C/c2ccc(Cl)c(Cl)c2)CN(C(=O)CCN2CCOCC2)C/C1=C\c1ccc(Cl)c(Cl)c1"
"CHEMBL1767216","CN(C)c1ccc(/C=C/C(=O)/C=C/c2ccc(O)cc2)cc1","CN(C)c1ccc(/C=C/C(=O)/C=C/c2ccc(O)cc2)cc1"
"CHEMBL1767377","CN(C)c1ccc(/C=C/C(=O)/C=C/c2ccccc2Cl)cc1","CN(C)c1ccc(/C=C/C(=O)/C=C/c2ccccc2Cl)cc1"
"CHEMBL5286103","COc1ccc(/C=C/C(=O)/C=C/c2ccc(O)c(O)c2)cc1","COc1ccc(/C=C/C(=O)/C=C/c2ccc(O)c(O)c2)cc1"
"CHEMBL150547","N=C(N)c1ccc(/C=C2\CCCC/C(=C\c3ccc(C(N)=O)cc3)C2=O)cc1","N=C(N)c1ccc(/C=C2\CCCC/C(=C\c3ccc(C(N)=O)cc3)C2=O)cc1"
"CHEMBL4579536","CC(C)(C)OC(=O)N1C/C(=C\c2ccc(O)cc2)C(=O)/C(=C/c2ccc(O)cc2)C1","CC(C)(C)OC(=O)N1C/C(=C\c2ccc(O)cc2)C(=O)/C(=C/c2ccc(O)cc2)C1"
"CHEMBL517462","CN(C)CCOc1ccc(C(=O)N2C/C(=C\c3ccccc3)C(=O)/C(=C/c3ccccc3)C2)cc1.Cl","CN(C)CCOc1ccc(C(=O)N2C/C(=C\c3ccccc3)C(=O)/C(=C/c3ccccc3)C2)cc1.Cl"
"CHEMBL1289761","C[n+]1cccc2cc(/C=C3\C[N+](C)(C)C/C(=C\c4ccc5c(ccc[n+]5C)c4)C3=O)ccc21.[I-].[I-].[I-]","C[n+]1cccc2cc(/C=C3\C[N+](C)(C)C/C(=C\c4ccc5c(ccc[n+]5C)c4)C3=O)ccc21.[I-].[I-].[I-]"
"CHEMBL1094726","C=C(Br)C(=O)Nc1cccc(/C=C2\CCC/C(=C\c3cccc(NC(=O)C(=C)Br)c3)C2=O)c1","C=C(Br)C(=O)Nc1cccc(/C=C2\CCC/C(=C\c3cccc(NC(=O)C(=C)Br)c3)C2=O)c1"
"CHEMBL3792876","CCN(CC)c1ccc(/C=C2\CCC/C(=C\c3ccc(O)c(OC)c3)C2=O)cc1","CCN(CC)c1ccc(/C=C2\CCC/C(=C\c3ccc(O)c(OC)c3)C2=O)cc1"
"CHEMBL3798003","COc1cccc(/C=C/C(=O)/C=C/c2ccc(OCc3cn(CCOc4cc(=O)oc5ccccc45)nn3)c(OC)c2)c1","COc1cccc(/C=C/C(=O)/C=C/c2ccc(OCc3cn(CCOc4cc(=O)oc5ccccc45)nn3)c(OC)c2)c1"
"CHEMBL1986296","CC1CC/C(=C\c2ccc(N(C)C)cc2)C(=O)/C1=C/c1ccc(N(C)C)cc1","CC1CC/C(=C\c2ccc(N(C)C)cc2)C(=O)/C1=C/c1ccc(N(C)C)cc1"
"CHEMBL498573","COc1cc(/C=C2\CCC/C(=C\c3ccccc3[N+](=O)[O-])C2=O)cc(OC)c1OC","COc1cc(/C=C2\CCC/C(=C\c3ccccc3[N+](=O)[O-])C2=O)cc(OC)c1OC"
"CHEMBL183244","COc1ccc(/C=C2\CCC/C(=C\c3ccc([N+](=O)[O-])cc3)C2=O)cc1","COc1ccc(/C=C2\CCC/C(=C\c3ccc([N+](=O)[O-])cc3)C2=O)cc1"
"CHEMBL592171","COc1cc(OC)c(OC)cc1/C=C1\CCC/C(=C\c2ccc([N+](=O)[O-])cc2)C1=O","COc1cc(OC)c(OC)cc1/C=C1\CCC/C(=C\c2ccc([N+](=O)[O-])cc2)C1=O"
"CHEMBL1255036","Cc1ccc(S(=O)(=O)N2C/C(=C\c3ccccc3F)C(=O)/C(=C/c3ccccc3F)C2)cc1","Cc1ccc(S(=O)(=O)N2C/C(=C\c3ccccc3F)C(=O)/C(=C/c3ccccc3F)C2)cc1"
"CHEMBL497137","CCc1cc(/C=C2\CC/C(=C\c3cc(CC)c(O)c(CC)c3)C2=O)cc(CC)c1O","CCc1cc(/C=C2\CC/C(=C\c3cc(CC)c(O)c(CC)c3)C2=O)cc(CC)c1O"
"CHEMBL493001","COc1cc(/C=C/C(=O)/C=C/c2cc(OC)c(O)c(OC)c2)cc(OC)c1O","COc1cc(/C=C/C(=O)/C=C/c2cc(OC)c(O)c(OC)c2)cc(OC)c1O"
"CHEMBL4071911","CCC(=O)Oc1ccc(/C=C2\CC/C(=C\c3ccc(C(=O)CC)cc3)C2=O)cc1OC","CCC(=O)Oc1ccc(/C=C2\CC/C(=C\c3ccc(C(=O)CC)cc3)C2=O)cc1OC"
"CHEMBL1289656","C[n+]1cccc2cc(/C=C3\CC/C(=C\c4ccc5c(ccc[n+]5C)c4)C3=O)ccc21.[I-].[I-]","C[n+]1cccc2cc(/C=C3\CC/C(=C\c4ccc5c(ccc[n+]5C)c4)C3=O)ccc21.[I-].[I-]"
"CHEMBL1618403","C[n+]1cccc2cc(/C=C3\CC/C(=C\c4ccc5c(ccc[n+]5C)c4)C3=O)ccc21","C[n+]1cccc2cc(/C=C3\CC/C(=C\c4ccc5c(ccc[n+]5C)c4)C3=O)ccc21"
"CHEMBL4568532","Cc1ccccc1/C=C1\CN(C(=S)Nc2ccccc2)C/C(=C\c2ccccc2C)C1=O","Cc1ccccc1/C=C1\CN(C(=S)Nc2ccccc2)C/C(=C\c2ccccc2C)C1=O"
"CHEMBL473014","CN1C2CCC1/C(=C\c1ccc([N+](=O)[O-])cc1)C(=O)/C2=C/c1ccc([N+](=O)[O-])cc1","CN1C2CCC1/C(=C\c1ccc([N+](=O)[O-])cc1)C(=O)/C2=C/c1ccc([N+](=O)[O-])cc1"
"CHEMBL502160","Cc1ccc(/C=C2\CCC/C(=C\c3ccc(C)cc3)C2=O)cc1","Cc1ccc(/C=C2\CCC/C(=C\c3ccc(C)cc3)C2=O)cc1"
"CHEMBL496321","O=C(/C=C/c1ccc(Cl)cc1)/C=C/c1ccc(Cl)cc1","O=C(/C=C/c1ccc(Cl)cc1)/C=C/c1ccc(Cl)cc1"
"CHEMBL149960","N=C(N)c1ccc(/C=C2/CC/C(=C\c3ccc(C(=N)N)cc3)C2=O)cc1","N=C(N)c1ccc(/C=C2/CC/C(=C\c3ccc(C(=N)N)cc3)C2=O)cc1"
"CHEMBL1411125","COc1cc(/C=C2\COC/C(=C\c3ccc(O)c(OC)c3)C2=O)ccc1O","COc1cc(/C=C2\COC/C(=C\c3ccc(O)c(OC)c3)C2=O)ccc1O"
"CHEMBL5419600","COc1cc(/C=C/C(=O)C(=Cc2ccc(Cl)cc2)C(=O)/C=C/c2ccc(O)c(OC)c2)ccc1O","COc1cc(/C=C/C(=O)C(=Cc2ccc(Cl)cc2)C(=O)/C=C/c2ccc(O)c(OC)c2)ccc1O"
"CHEMBL3309949","CN1C/C(=C\c2ccc(N(C)C)cc2[N+](=O)[O-])C(=O)/C(=C/c2ccc(N(C)C)cc2[N+](=O)[O-])C1","CN1C/C(=C\c2ccc(N(C)C)cc2[N+](=O)[O-])C(=O)/C(=C/c2ccc(N(C)C)cc2[N+](=O)[O-])C1"
"CHEMBL3104696","Cc1ccc(/C=C2\CC/C(=C\c3ccc(C)cc3)C2=O)cc1","Cc1ccc(/C=C2\CC/C(=C\c3ccc(C)cc3)C2=O)cc1"
"CHEMBL515654","C=CCOc1cc(/C=C2\CC/C(=C\c3ccc(OC)c(OCC=C)c3)C2=O)ccc1OC","C=CCOc1cc(/C=C2\CC/C(=C\c3ccc(OC)c(OCC=C)c3)C2=O)ccc1OC"
"CHEMBL478689","Cc1ccc(C)c(/C=C/C(=O)/C=C/c2cc(C)ccc2C)c1","Cc1ccc(C)c(/C=C/C(=O)/C=C/c2cc(C)ccc2C)c1"
"CHEMBL6189487","CCOP(=O)(CCCn1cc(CN2C/C(=C\c3ccc([N+](=O)[O-])cc3)C(=O)/C(=C/c3ccc([N+](=O)[O-])cc3)C2)nn1)OCC","CCOP(=O)(CCCn1cc(CN2C/C(=C\c3ccc([N+](=O)[O-])cc3)C(=O)/C(=C/c3ccc([N+](=O)[O-])cc3)C2)nn1)OCC"
"CHEMBL1767183","COc1cc(/C=C/C(=O)/C=C/c2ccc(N(C)C)cc2)ccc1OCc1ccccc1","COc1cc(/C=C/C(=O)/C=C/c2ccc(N(C)C)cc2)ccc1OCc1ccccc1"
"CHEMBL180541","COc1cc(/C=C2\Cc3ccccc3/C(=C\c3ccc([N+](=O)[O-])cc3)C2=O)cc(OC)c1OC","COc1cc(/C=C2\Cc3ccccc3/C(=C\c3ccc([N+](=O)[O-])cc3)C2=O)cc(OC)c1OC"
"CHEMBL3984763","C=CCOc1ccc(/C=C/C(=O)/C=C/c2c(/C=C/c3ccc(OC)cc3)cc(OC)cc2OC)cc1","C=CCOc1ccc(/C=C/C(=O)/C=C/c2c(/C=C/c3ccc(OC)cc3)cc(OC)cc2OC)cc1"
"CHEMBL237013","CC(=O)c1ccc(NC(=O)/C=C/C(=O)N2C/C(=C\c3ccc([N+](=O)[O-])cc3)C(=O)/C(=C/c3ccc([N+](=O)[O-])cc3)C2)cc1","CC(=O)c1ccc(NC(=O)/C=C/C(=O)N2C/C(=C\c3ccc([N+](=O)[O-])cc3)C(=O)/C(=C/c3ccc([N+](=O)[O-])cc3)C2)cc1"
"CHEMBL395438","O=C(/C=C/C(=O)N1C/C(=C\c2ccc([N+](=O)[O-])cc2)C(=O)/C(=C/c2ccc([N+](=O)[O-])cc2)C1)Nc1ccc(Cl)c(Cl)c1","O=C(/C=C/C(=O)N1C/C(=C\c2ccc([N+](=O)[O-])cc2)C(=O)/C(=C/c2ccc([N+](=O)[O-])cc2)C1)Nc1ccc(Cl)c(Cl)c1"
"CHEMBL570299","CCOC(=O)[C@H](CC(C)C)NC(=O)/C=C\C(=O)N1C/C(=C\c2ccccc2)C(=O)/C(=C/c2ccccc2)C1","CCOC(=O)[C@H](CC(C)C)NC(=O)/C=C\C(=O)N1C/C(=C\c2ccccc2)C(=O)/C(=C/c2ccccc2)C1"
"CHEMBL4163868","C#CCOc1ccc(/C=C/C(=O)/C=C/c2ccc(OCC#C)c(OC)c2)cc1OC","C#CCOc1ccc(/C=C/C(=O)/C=C/c2ccc(OCC#C)c(OC)c2)cc1OC"
"CHEMBL1290577","COc1cc(OC)c(OC)cc1/C=C/C(=O)/C=C/c1ccc(Br)cc1","COc1cc(OC)c(OC)cc1/C=C/C(=O)/C=C/c1ccc(Br)cc1"
"CHEMBL1650135","CC(C)C[C@H](NC(=O)N1C/C(=C\c2ccc(Cl)c(Cl)c2)C(=O)/C(=C/c2ccc(Cl)c(Cl)c2)C1)C(=O)O","CC(C)C[C@H](NC(=O)N1C/C(=C\c2ccc(Cl)c(Cl)c2)C(=O)/C(=C/c2ccc(Cl)c(Cl)c2)C1)C(=O)O"
"CHEMBL1631824","O=C(/C=C/c1ccc(N2CCOCC2)cc1)/C=C/c1ccc(N2CCOCC2)cc1","O=C(/C=C/c1ccc(N2CCOCC2)cc1)/C=C/c1ccc(N2CCOCC2)cc1"
"CHEMBL153659","CN(C)C(=N)c1ccc(/C=C2\CCCC/C(=C\c3ccc(C(=N)N)cc3)C2=O)cc1","CN(C)C(=N)c1ccc(/C=C2\CCCC/C(=C\c3ccc(C(=N)N)cc3)C2=O)cc1"
"CHEMBL4162528","COc1ccccc1/C=C/C(=O)/C=C/c1ccccc1Br","COc1ccccc1/C=C/C(=O)/C=C/c1ccccc1Br"
"CHEMBL410624","COc1cc(/C=C2\CC/C(=C\c3ccc(OC4CCCCO4)c(OC)c3)C2=O)ccc1OC1CCCCO1","COc1cc(/C=C2\CC/C(=C\c3ccc(OC4CCCCO4)c(OC)c3)C2=O)ccc1OC1CCCCO1"
"CHEMBL150308","N=C(N)c1ccc(/C=C2\CCC/C(=C\c3ccc(C(=N)N)cc3)C2=O)cc1","N=C(N)c1ccc(/C=C2\CCC/C(=C\c3ccc(C(=N)N)cc3)C2=O)cc1"
"CHEMBL150138","NC(=O)c1ccc(/C=C2/CCCC/C(=C/c3ccc(C(N)=O)cc3)C2=O)cc1","NC(=O)c1ccc(/C=C2/CCCC/C(=C/c3ccc(C(N)=O)cc3)C2=O)cc1"
"CHEMBL2002675","CC(=O)N1C/C(=C\c2ccc(N(C)C)cc2)C(=O)/C(=C/c2ccc(N(C)C)cc2)C1","CC(=O)N1C/C(=C\c2ccc(N(C)C)cc2)C(=O)/C(=C/c2ccc(N(C)C)cc2)C1"
"CHEMBL3983017","O=C1/C(=C/c2ccc(Br)cc2)CN(Cc2ccc3ccccc3c2)C/C1=C\c1ccc(Br)cc1","O=C1/C(=C/c2ccc(Br)cc2)CN(Cc2ccc3ccccc3c2)C/C1=C\c1ccc(Br)cc1"
"CHEMBL3289939","CN(C)c1ccc(/C=C/C(=O)/C=C/c2ccc(N(C)C)cc2[N+](=O)[O-])c([N+](=O)[O-])c1","CN(C)c1ccc(/C=C/C(=O)/C=C/c2ccc(N(C)C)cc2[N+](=O)[O-])c([N+](=O)[O-])c1"
"CHEMBL2064001","COc1ccc(OC)c(/C=C/C(=O)C(=Cc2ccc(O)c(F)c2)C(=O)/C=C/c2cc(OC)ccc2OC)c1","COc1ccc(OC)c(/C=C/C(=O)C(=Cc2ccc(O)c(F)c2)C(=O)/C=C/c2cc(OC)ccc2OC)c1"
"CHEMBL4213592","CN1C/C(=C\c2ccccc2Br)C(=O)/C(=C/c2ccccc2Br)C1","CN1C/C(=C\c2ccccc2Br)C(=O)/C(=C/c2ccccc2Br)C1"
"CHEMBL5647125","COc1cccc(OC)c1/C=C/C(=O)/C=C/c1ccc(-c2cccnc2)cc1","COc1cccc(OC)c1/C=C/C(=O)/C=C/c1ccc(-c2cccnc2)cc1"
"CHEMBL2316141","COc1cc(/C=C2\CCC/C(=C\c3cccc(Cl)c3)C2=O)cc(OC)c1","COc1cc(/C=C2\CCC/C(=C\c3cccc(Cl)c3)C2=O)cc(OC)c1"
"CHEMBL3115551","C=CCc1cc(/C=C/C(=O)/C=C/c2cccc(Cl)c2Cl)ccc1OC","C=CCc1cc(/C=C/C(=O)/C=C/c2cccc(Cl)c2Cl)ccc1OC"
"CHEMBL151093","NC(=O)c1ccc(/C=C2/CCCC/C(=C\c3ccc(C(N)=O)cc3)C2=O)cc1","NC(=O)c1ccc(/C=C2/CCCC/C(=C\c3ccc(C(N)=O)cc3)C2=O)cc1"
"CHEMBL3629756","COc1cc(/C=C/C(=O)/C=C/c2cc(OC)c(OC)c(OC)c2)ccc1OCc1cn(CCN2C(=O)C(=O)c3cc(Br)ccc32)nn1","COc1cc(/C=C/C(=O)/C=C/c2cc(OC)c(OC)c(OC)c2)ccc1OCc1cn(CCN2C(=O)C(=O)c3cc(Br)ccc32)nn1"
"CHEMBL1093526","O=C1/C(=C/c2ccc(Cl)cc2Cl)CCC/C1=C\c1ccc(Cl)cc1Cl","O=C1/C(=C/c2ccc(Cl)cc2Cl)CCC/C1=C\c1ccc(Cl)cc1Cl"
"CHEMBL2386412","CN1C/C(=C\c2ccccc2F)C(=O)/C(=C/c2ccccc2F)C1","CN1C/C(=C\c2ccccc2F)C(=O)/C(=C/c2ccccc2F)C1"
"CHEMBL345990","COC(=O)C1C/C(=C\c2ccc(C(=N)N)cc2)C(=O)/C(=C/c2ccc(C(=N)N)cc2)C1","COC(=O)C1C/C(=C\c2ccc(C(=N)N)cc2)C(=O)/C(=C/c2ccc(C(=N)N)cc2)C1"
"CHEMBL1093206","COc1cc(OC)c(/C=C2\CCC/C(=C\c3c(OC)cc(OC)cc3OC)C2=O)c(OC)c1","COc1cc(OC)c(/C=C2\CCC/C(=C\c3c(OC)cc(OC)cc3OC)C2=O)c(OC)c1"
"CHEMBL1814585","CC1(C)C=C(CN2C/C(=C\c3ccc(C(F)(F)F)cc3)C(=O)/C(=C/c3ccc(C(F)(F)F)cc3)C2)C(C)(C)N1[O]","CC1(C)C=C(CN2C/C(=C\c3ccc(C(F)(F)F)cc3)C(=O)/C(=C/c3ccc(C(F)(F)F)cc3)C2)C(C)(C)N1[O]"
"CHEMBL1951545","COc1cccc(/C=C2\CCC/C(=C\c3cccc([N+](=O)[O-])c3)C2=O)c1OC","COc1cccc(/C=C2\CCC/C(=C\c3cccc([N+](=O)[O-])c3)C2=O)c1OC"
"CHEMBL4288189","COc1ccc(/C=C/C(=O)/C=C/c2ccc(Oc3cc(=O)oc4ccccc34)cc2)cc1OC","COc1ccc(/C=C/C(=O)/C=C/c2ccc(Oc3cc(=O)oc4ccccc34)cc2)cc1OC"
"CHEMBL4276849","COc1cc(OC)c2c(=O)c(OCCCCOc3ccccc3/C=C/C(=O)/C=C/c3ccc(Cl)cc3)c(-c3cc(OC)c(OC)c(OC)c3)oc2c1","COc1cc(OC)c2c(=O)c(OCCCCOc3ccccc3/C=C/C(=O)/C=C/c3ccc(Cl)cc3)c(-c3cc(OC)c(OC)c(OC)c3)oc2c1"
"CHEMBL357083","CN(C)C(=N)c1ccc(/C=C2/CCCC/C(=C/c3ccc(C(=N)N(C)C)cc3)C2=O)cc1","CN(C)C(=N)c1ccc(/C=C2/CCCC/C(=C/c3ccc(C(=N)N(C)C)cc3)C2=O)cc1"
"CHEMBL3105867","C/C(=C\c1ccc([N+](=O)[O-])cc1)C(=O)/C=C/c1ccc(N(C)C)cc1","C/C(=C\c1ccc([N+](=O)[O-])cc1)C(=O)/C=C/c1ccc(N(C)C)cc1"
"CHEMBL428637","O=C1/C(=C/c2cc(Br)c(O)c(Br)c2)CSC/C1=C\c1cc(Br)c(O)c(Br)c1","O=C1/C(=C/c2cc(Br)c(O)c(Br)c2)CSC/C1=C\c1cc(Br)c(O)c(Br)c1"
"CHEMBL4745842","O=C1/C(=C/c2ccc(F)cc2)CN(S(=O)(=O)c2ccc(C(F)(F)F)cc2)C/C1=C\c1ccc(F)cc1","O=C1/C(=C/c2ccc(F)cc2)CN(S(=O)(=O)c2ccc(C(F)(F)F)cc2)C/C1=C\c1ccc(F)cc1"
"CHEMBL1974940","CN1C/C(=C\c2ccccc2[N+](=O)[O-])C(=O)/C(=C/c2ccccc2[N+](=O)[O-])C1","CN1C/C(=C\c2ccccc2[N+](=O)[O-])C(=O)/C(=C/c2ccccc2[N+](=O)[O-])C1"
"CHEMBL2234292","COc1ccccc1/C=C1\C(=O)/C(=C\c2ccccc2OC)c2ccccc21","COc1ccccc1/C=C1\C(=O)/C(=C\c2ccccc2OC)c2ccccc21"
"CHEMBL1951554","COc1cc(/C=C2\CCC/C(=C\c3ccc([N+](=O)[O-])cc3)C2=O)cc(Br)c1O","COc1cc(/C=C2\CCC/C(=C\c3ccc([N+](=O)[O-])cc3)C2=O)cc(Br)c1O"
"CHEMBL236950","Cc1ccc(NC(=O)/C=C/C(=O)N2C/C(=C\c3ccccc3)C(=O)/C(=C/c3ccccc3)C2)cc1","Cc1ccc(NC(=O)/C=C/C(=O)N2C/C(=C\c3ccccc3)C(=O)/C(=C/c3ccccc3)C2)cc1"
"CHEMBL1402336","O=C1/C(=C\c2ccc3c(c2)OCO3)CCC/C1=C/c1ccc2c(c1)OCO2","O=C1/C(=C\c2ccc3c(c2)OCO3)CCC/C1=C/c1ccc2c(c1)OCO2"
"CHEMBL3290188","O=C1/C(=C\c2ccc(N3CCCC3)cc2)COC/C1=C\c1ccc(N2CCCC2)cc1","O=C1/C(=C\c2ccc(N3CCCC3)cc2)COC/C1=C\c1ccc(N2CCCC2)cc1"
"CHEMBL359275","N=C(N)c1ccc(/C=C2\CCCCCC/C(=C\c3ccc(C(=N)N)cc3)C2=O)cc1","N=C(N)c1ccc(/C=C2\CCCCCC/C(=C\c3ccc(C(=N)N)cc3)C2=O)cc1"
"CHEMBL3105851","C/C(=C\c1ccc(N(C)C)cc1)C(=O)/C=C/c1ccc(N(C)C)cc1","C/C(=C\c1ccc(N(C)C)cc1)C(=O)/C=C/c1ccc(N(C)C)cc1"
"CHEMBL5432963","COc1cc(/C=C/C(=O)C(=Cc2ccc(C=O)cc2)C(=O)/C=C/c2ccc(O)c(OC)c2)ccc1O","COc1cc(/C=C/C(=O)C(=Cc2ccc(C=O)cc2)C(=O)/C=C/c2ccc(O)c(OC)c2)ccc1O"
"CHEMBL5396598","CN1C/C(=C\c2ccc(C(F)(F)F)cc2)C(=O)/C(=C/c2ccc(C(F)(F)F)cc2)C1","CN1C/C(=C\c2ccc(C(F)(F)F)cc2)C(=O)/C(=C/c2ccc(C(F)(F)F)cc2)C1"
"CHEMBL2036336","COc1cc(/C=C2\CSC/C(=C\c3cc(OC)c(O)c(OC)c3)C2=O)cc(OC)c1O","COc1cc(/C=C2\CSC/C(=C\c3cc(OC)c(O)c(OC)c3)C2=O)cc(OC)c1O"
"CHEMBL4163585","COc1ccccc1/C=C1\CCC/C(=C\c2ccc(O)c(Br)c2)C1=O","COc1ccccc1/C=C1\CCC/C(=C\c2ccc(O)c(Br)c2)C1=O"
"CHEMBL2297367","CN1C/C(=C\c2cccc(Br)c2)C(=O)/C(=C/c2cccc(Br)c2)C1","CN1C/C(=C\c2cccc(Br)c2)C(=O)/C(=C/c2cccc(Br)c2)C1"
"CHEMBL597701","COc1cc(/C=C/C(=O)/C=C/c2ccc(OC)c(OC)c2OC)cc(OC)c1OC","COc1cc(/C=C/C(=O)/C=C/c2ccc(OC)c(OC)c2OC)cc(OC)c1OC"
"CHEMBL558527","COc1cc(/C=C(\C(=O)/C=C/C2=C(C)CCCC2(C)C)C(=O)/C=C/c2ccc(O)c(OC)c2)ccc1O","COc1cc(/C=C(\C(=O)/C=C/C2=C(C)CCCC2(C)C)C(=O)/C=C/c2ccc(O)c(OC)c2)ccc1O"
"CHEMBL1699973","CN1C/C(=C/c2ccccc2[N+](=O)[O-])C(=O)/C(=C\c2ccccc2[N+](=O)[O-])C1","CN1C/C(=C/c2ccccc2[N+](=O)[O-])C(=O)/C(=C\c2ccccc2[N+](=O)[O-])C1"
"CHEMBL3948955","COc1ccc(/C=C2\CC(C(=O)NC(C)C)C/C(=C\c3ccc(OC)cc3)C2=O)cc1","COc1ccc(/C=C2\CC(C(=O)NC(C)C)C/C(=C\c3ccc(OC)cc3)C2=O)cc1"
"CHEMBL243815","COc1cc(/C=C2\CCCC/C(=C\c3cc(OC)c(OC)c(OC)c3)C2=O)cc(OC)c1OC","COc1cc(/C=C2\CCCC/C(=C\c3cc(OC)c(OC)c(OC)c3)C2=O)cc(OC)c1OC"
"CHEMBL477057","COc1cccc(/C=C2\CCC/C(=C\c3cccc(OC)c3OC)C2=O)c1OC","COc1cccc(/C=C2\CCC/C(=C\c3cccc(OC)c3OC)C2=O)c1OC"
"CHEMBL510882","O=C1/C(=C/c2ccccc2)CN(C(=O)CCSCCS(=O)(=O)O)C/C1=C\c1ccccc1","O=C1/C(=C/c2ccccc2)CN(C(=O)CCSCCS(=O)(=O)O)C/C1=C\c1ccccc1"
"CHEMBL1767213","CN(C)c1ccc(/C=C/C(=O)/C=C/c2ccc(Cl)cc2)cc1","CN(C)c1ccc(/C=C/C(=O)/C=C/c2ccc(Cl)cc2)cc1"
"CHEMBL4520977","O=C1/C(=C/c2ccc(F)cc2)COC/C1=C\c1ccc(F)cc1","O=C1/C(=C/c2ccc(F)cc2)COC/C1=C\c1ccc(F)cc1"
"CHEMBL3935368","COc1ccc(/C=C2\CC(C(=O)N3CCN(C(C)=O)CC3)C/C(=C\c3ccc(OC)cc3)C2=O)cc1","COc1ccc(/C=C2\CC(C(=O)N3CCN(C(C)=O)CC3)C/C(=C\c3ccc(OC)cc3)C2=O)cc1"
"CHEMBL1927937","CN(CCC#N)c1ccc(/C=C2\CC/C(=C\c3ccc(N(C)CCC#N)cc3)C2=O)cc1","CN(CCC#N)c1ccc(/C=C2\CC/C(=C\c3ccc(N(C)CCC#N)cc3)C2=O)cc1"
"CHEMBL5275021","O=C1/C(=C/c2ccccc2O)COC/C1=C\c1ccccc1O","O=C1/C(=C/c2ccccc2O)COC/C1=C\c1ccccc1O"
"CHEMBL3736255","COc1cc(/C=C2\CCC/C(=C\c3ccc(OCCCBr)c(OC)c3)C2=O)ccc1OCCCBr","COc1cc(/C=C2\CCC/C(=C\c3ccc(OCCCBr)c(OC)c3)C2=O)ccc1OCCCBr"
"CHEMBL3787446","COc1cc(/C=C/C(=O)/C=C/c2ccc(O)c(OC)c2)ccc1[O-].[Na+]","COc1cc(/C=C/C(=O)/C=C/c2ccc(O)c(OC)c2)ccc1[O-].[Na+]"
"CHEMBL3764404","CN(C)Cc1cc(/C=C2\CCC/C(=C\c3cc(CN(C)C)c(O)c(CN(C)C)c3)C2=O)cc(CN(C)C)c1O","CN(C)Cc1cc(/C=C2\CCC/C(=C\c3cc(CN(C)C)c(O)c(CN(C)C)c3)C2=O)cc(CN(C)C)c1O"
"CHEMBL3753670","COc1cc(/C=C2\CCC/C(=C\c3ccc(O)c(O)c3)C2=O)ccc1O","COc1cc(/C=C2\CCC/C(=C\c3ccc(O)c(O)c3)C2=O)ccc1O"
"CHEMBL4550028","O=C(/C=C/c1ccccc1O)/C=C/c1cccc(O)c1O","O=C(/C=C/c1ccccc1O)/C=C/c1cccc(O)c1O"
"CHEMBL5271808","O=C1/C(=C/c2cccc(/N=C/c3ccccc3O)c2)CCC/C1=C\c1cccc(/N=C/c2ccccc2O)c1","O=C1/C(=C/c2cccc(/N=C/c3ccccc3O)c2)CCC/C1=C\c1cccc(/N=C/c2ccccc2O)c1"
"CHEMBL3912184","CCN(CC)CCNC(=O)C1C/C(=C\c2ccc(OC)c(O)c2)C(=O)/C(=C/c2ccc(OC)c(O)c2)C1","CCN(CC)CCNC(=O)C1C/C(=C\c2ccc(OC)c(O)c2)C(=O)/C(=C/c2ccc(OC)c(O)c2)C1"
"CHEMBL3314653","O=C1/C(=C/c2ccccc2F)CSC/C1=C\c1ccccc1F","O=C1/C(=C/c2ccccc2F)CSC/C1=C\c1ccccc1F"
"CHEMBL1095287","COc1cccc(/C=C/C(=O)C2=Cc3cc(Cl)ccc3OC2)c1OC","COc1cccc(/C=C/C(=O)C2=Cc3cc(Cl)ccc3OC2)c1OC"
"CHEMBL3910199","COc1ccc(/C=C/c2cc(OC)cc(OC)c2/C=C/C(=O)/C=C/c2ccc(N3CCN(C)CC3)cc2)cc1","COc1ccc(/C=C/c2cc(OC)cc(OC)c2/C=C/C(=O)/C=C/c2ccc(N3CCN(C)CC3)cc2)cc1"
"CHEMBL4161275","CN1C/C(=C\c2ccc(Br)cc2)C(=O)/C(=C/c2cccc(Br)c2)C1","CN1C/C(=C\c2ccc(Br)cc2)C(=O)/C(=C/c2cccc(Br)c2)C1"
"CHEMBL2063996","COc1cc(C=C(C(=O)/C=C/c2cccc(OC)c2OC)C(=O)/C=C/c2cccc(OC)c2OC)cc(Br)c1O","COc1cc(C=C(C(=O)/C=C/c2cccc(OC)c2OC)C(=O)/C=C/c2cccc(OC)c2OC)cc(Br)c1O"
"CHEMBL3219860","O=C(/C=C/c1ccccc1OCc1ccccc1Cl)/C=C/c1cccc(Cl)c1Cl","O=C(/C=C/c1ccccc1OCc1ccccc1Cl)/C=C/c1cccc(Cl)c1Cl"
"CHEMBL4474613","O=C1/C(=C/c2ccc(F)cc2)CN(C(=S)NCc2ccccc2)C/C1=C\c1ccc(F)cc1","O=C1/C(=C/c2ccc(F)cc2)CN(C(=S)NCc2ccccc2)C/C1=C\c1ccc(F)cc1"
"CHEMBL3275881","COc1cc(/C=C2\CCC(C)/C(=C\c3cc(OC)c(O)c(OC)c3)C2=O)cc(OC)c1O","COc1cc(/C=C2\CCC(C)/C(=C\c3cc(OC)c(O)c(OC)c3)C2=O)cc(OC)c1O"
"CHEMBL156016","C=CC(=O)N1C/C(=C\c2ccccc2)C(=O)/C(=C/c2ccccc2)C1","C=CC(=O)N1C/C(=C\c2ccccc2)C(=O)/C(=C/c2ccccc2)C1"
"CHEMBL4635375","O=C1/C(=C/c2ccc(F)cc2)CN(C(=O)c2cc(Cc3n[nH]c(=O)c4ccccc34)ccc2F)C/C1=C\c1ccc(F)cc1","O=C1/C(=C/c2ccc(F)cc2)CN(C(=O)c2cc(Cc3n[nH]c(=O)c4ccccc34)ccc2F)C/C1=C\c1ccc(F)cc1"
"CHEMBL3911764","C=CCc1cc(/C=C2\CN(CCC)C/C(=C\c3cc(OC)c(OC)cc3OC)C2=O)ccc1O","C=CCc1cc(/C=C2\CN(CCC)C/C(=C\c3cc(OC)c(OC)cc3OC)C2=O)ccc1O"
"CHEMBL6189182","CCOP(=O)(CCCCn1cc(CN2C/C(=C\c3ccc([N+](=O)[O-])cc3)C(=O)/C(=C/c3ccc([N+](=O)[O-])cc3)C2)nn1)OCC","CCOP(=O)(CCCCn1cc(CN2C/C(=C\c3ccc([N+](=O)[O-])cc3)C(=O)/C(=C/c3ccc([N+](=O)[O-])cc3)C2)nn1)OCC"
"CHEMBL3410534","Cc1ccc(/C=C2\CS(=O)(=O)C/C(=C\c3ccc([N+](=O)[O-])cc3)C2=O)cc1","Cc1ccc(/C=C2\CS(=O)(=O)C/C(=C\c3ccc([N+](=O)[O-])cc3)C2=O)cc1"
"CHEMBL4591752","O=C1/C(=C/c2ccc(O)c(Br)c2)CNC/C1=C\c1ccc(O)c(Br)c1","O=C1/C(=C/c2ccc(O)c(Br)c2)CNC/C1=C\c1ccc(O)c(Br)c1"
"CHEMBL151293","COC(=O)C1C/C(=C/c2ccc(C(=N)N)cc2)C(=O)/C(=C/c2ccc(C(=N)N)cc2)C1","COC(=O)C1C/C(=C/c2ccc(C(=N)N)cc2)C(=O)/C(=C/c2ccc(C(=N)N)cc2)C1"
"CHEMBL3938117","CN1CCN(c2cccc(NC(=O)C3C/C(=C\c4ccc(F)cc4)C(=O)/C(=C/c4ccc(F)cc4)C3)c2)CC1","CN1CCN(c2cccc(NC(=O)C3C/C(=C\c4ccc(F)cc4)C(=O)/C(=C/c4ccc(F)cc4)C3)c2)CC1"
"CHEMBL155539","C=CC(=O)N1C/C(=C\c2ccc(OC)cc2)C(=O)/C(=C/c2ccc(OC)cc2)C1","C=CC(=O)N1C/C(=C\c2ccc(OC)cc2)C(=O)/C(=C/c2ccc(OC)cc2)C1"
"CHEMBL3942115","COc1cc(/C=C2\CC/C(=C\c3ccc(Br)cc3)C2=O)cc(OC)c1","COc1cc(/C=C2\CC/C(=C\c3ccc(Br)cc3)C2=O)cc(OC)c1"
"CHEMBL4079569","CCOc1cc(/C=C/C(=O)C(=Cc2ccc(O)c(O)c2)C(=O)/C=C/c2ccc(O)c(OCC)c2)ccc1O","CCOc1cc(/C=C/C(=O)C(=Cc2ccc(O)c(O)c2)C(=O)/C=C/c2ccc(O)c(OCC)c2)ccc1O"
"CHEMBL5395466","CN1C/C(=C\c2ccccc2C(F)(F)F)C(=O)/C(=C/c2ccccc2C(F)(F)F)C1","CN1C/C(=C\c2ccccc2C(F)(F)F)C(=O)/C(=C/c2ccccc2C(F)(F)F)C1"
"CHEMBL3275875","COc1cc(/C=C2\CC/C(=C\c3ccc(OCc4ccccc4)c(OC)c3)C2=O)ccc1OCc1ccccc1","COc1cc(/C=C2\CC/C(=C\c3ccc(OCc4ccccc4)c(OC)c3)C2=O)ccc1OCc1ccccc1"
"CHEMBL4161682","COc1cc(OC)c(/C=C/C(=O)/C=C/c2ccc(OC)c(OC)c2)c(OC)c1","COc1cc(OC)c(/C=C/C(=O)/C=C/c2ccc(OC)c(OC)c2)c(OC)c1"
"CHEMBL5433720","COc1ccccc1/C=C1\CN(C)C/C(=C\c2ccccc2OC)C1=O","COc1ccccc1/C=C1\CN(C)C/C(=C\c2ccccc2OC)C1=O"
"CHEMBL2008026","CSc1ccc(/C=C2\CN(C)C/C(=C\c3ccc(SC)cc3)C2=O)cc1","CSc1ccc(/C=C2\CN(C)C/C(=C\c3ccc(SC)cc3)C2=O)cc1"
"CHEMBL4228053","CC1(C)OB([C@H](Cc2ccccc2)NC(=O)N2C/C(=C\c3ccc(F)cc3)C(=O)/C(=C/c3ccc(F)cc3)C2)OC1(C)C","CC1(C)OB([C@H](Cc2ccccc2)NC(=O)N2C/C(=C\c3ccc(F)cc3)C(=O)/C(=C/c3ccc(F)cc3)C2)OC1(C)C"
"CHEMBL4787288","CCOP(=O)(OCC)C(c1ccc(F)cc1)N1C/C(=C\c2ccc(OC)c(OC)c2OC)C(=O)/C(=C/c2ccc(OC)c(OC)c2OC)C1","CCOP(=O)(OCC)C(c1ccc(F)cc1)N1C/C(=C\c2ccc(OC)c(OC)c2OC)C(=O)/C(=C/c2ccc(OC)c(OC)c2OC)C1"
"CHEMBL4525599","O=C(/C=C/c1ccc(O)cc1)/C=C/c1ccc(O)c(O)c1","O=C(/C=C/c1ccc(O)cc1)/C=C/c1ccc(O)c(O)c1"
"CHEMBL4534295","Cc1ccc(/C=C2\CN(C(=S)Nc3ccccc3)C/C(=C\c3ccc(C)cc3)C2=O)cc1","Cc1ccc(/C=C2\CN(C(=S)Nc3ccccc3)C/C(=C\c3ccc(C)cc3)C2=O)cc1"
"CHEMBL3793605","Cc1ccc(/C=C2\CCC/C(=C\c3ccc(Cl)c(Cl)c3)C2=O)cc1","Cc1ccc(/C=C2\CCC/C(=C\c3ccc(Cl)c(Cl)c3)C2=O)cc1"
"CHEMBL5647265","COc1ccc(/C=C/C(=O)/C=C/c2c(OC)cccc2OC)cc1-c1ccccc1","COc1ccc(/C=C/C(=O)/C=C/c2c(OC)cccc2OC)cc1-c1ccccc1"
"CHEMBL5641639","COc1cccc(OC)c1/C=C/C(=O)/C=C/c1cccc(N2CCOCC2)c1","COc1cccc(OC)c1/C=C/C(=O)/C=C/c1cccc(N2CCOCC2)c1"
"CHEMBL359470","COc1cc(/C=C2\CCC/C(=C\c3ccc([N+](=O)[O-])cc3)C2=O)cc(OC)c1OC","COc1cc(/C=C2\CCC/C(=C\c3ccc([N+](=O)[O-])cc3)C2=O)cc(OC)c1OC"
"CHEMBL4218536","COc1ccc(/C=C2\COC/C(=C\c3ccc(OC)c(OC)c3)C2=O)cc1OC","COc1ccc(/C=C2\COC/C(=C\c3ccc(OC)c(OC)c3)C2=O)cc1OC"
"CHEMBL3629642","COc1ccc(/C=C/C(=O)/C=C/c2ccc(OCc3cn(CCN4C(=O)C(=O)c5cc(Cl)ccc54)nn3)c(OC)c2)cc1OC","COc1ccc(/C=C/C(=O)/C=C/c2ccc(OCc3cn(CCN4C(=O)C(=O)c5cc(Cl)ccc54)nn3)c(OC)c2)cc1OC"
"CHEMBL3627983","COc1cc(/C=C/C(=O)/C=C/c2ccc(Br)cc2)ccc1OCc1cn(CCN2C(=O)C(=O)c3cc(Br)ccc32)nn1","COc1cc(/C=C/C(=O)/C=C/c2ccc(Br)cc2)ccc1OCc1cn(CCN2C(=O)C(=O)c3cc(Br)ccc32)nn1"
"CHEMBL3409206","CCOc1cc(/C=C/C(=O)/C=C/c2ccc(O)c(OCC)c2)ccc1O","CCOc1cc(/C=C/C(=O)/C=C/c2ccc(O)c(OCC)c2)ccc1O"
"CHEMBL5277485","COc1cc(/C=C2\CN(C(C)=O)C/C(=C\c3cc(OC)c(OC)c(OC)c3)C2=O)cc(OC)c1OC","COc1cc(/C=C2\CN(C(C)=O)C/C(=C\c3cc(OC)c(OC)c(OC)c3)C2=O)cc(OC)c1OC"
"CHEMBL3799835","COc1ccc(/C=C/C(=O)/C=C/c2ccc(OCc3cn(CCCCCOc4cc(=O)oc5ccccc45)nn3)c(OC)c2)cc1","COc1ccc(/C=C/C(=O)/C=C/c2ccc(OCc3cn(CCCCCOc4cc(=O)oc5ccccc45)nn3)c(OC)c2)cc1"
"CHEMBL3792499","O=C1/C(=C/c2ccc(-c3ccc(F)cc3)cc2)CCC/C1=C\c1ccc(Cl)c(Cl)c1","O=C1/C(=C/c2ccc(-c3ccc(F)cc3)cc2)CCC/C1=C\c1ccc(Cl)c(Cl)c1"
"CHEMBL1871738","Cl.O=C1/C(=C\c2ccccc2)CN(C(=O)CCN2CCCCC2)C/C1=C/c1ccccc1","Cl.O=C1/C(=C\c2ccccc2)CN(C(=O)CCN2CCCCC2)C/C1=C/c1ccccc1"
"CHEMBL1906861","O=C1/C(=C\c2ccccc2)CN(C(=O)CCN2CCCCC2)C/C1=C/c1ccccc1","O=C1/C(=C\c2ccccc2)CN(C(=O)CCN2CCCCC2)C/C1=C/c1ccccc1"
"CHEMBL1186231","Cc1ccc(/C=C2\CN(C(=O)c3ccc(OCCN4CCOCC4)cc3)C/C(=C\c3ccc(C)cc3)C2=O)cc1","Cc1ccc(/C=C2\CN(C(=O)c3ccc(OCCN4CCOCC4)cc3)C/C(=C\c3ccc(C)cc3)C2=O)cc1"
"CHEMBL4568411","Cc1ccc(/C=C2\CN(Cc3cn(Cc4ccccc4Cl)nn3)C/C(=C\c3ccc(C)cc3)C2=O)cc1","Cc1ccc(/C=C2\CN(Cc3cn(Cc4ccccc4Cl)nn3)C/C(=C\c3ccc(C)cc3)C2=O)cc1"
"CHEMBL3629631","COc1cccc(/C=C/C(=O)/C=C/c2ccc(OCc3cn(CCN4C(=O)C(=O)c5ccccc54)nn3)c(OC)c2)c1","COc1cccc(/C=C/C(=O)/C=C/c2ccc(OCc3cn(CCN4C(=O)C(=O)c5ccccc54)nn3)c(OC)c2)c1"
"CHEMBL1224780","COc1cc(F)c(/C=C2\CN(C)C/C(=C\c3cc(OC)c(OC)cc3F)C2=O)cc1OC","COc1cc(F)c(/C=C2\CN(C)C/C(=C\c3cc(OC)c(OC)cc3F)C2=O)cc1OC"
"CHEMBL264683","O=C(/C=C/c1ccc(O)cc1Br)/C=C/c1ccc(O)cc1Br","O=C(/C=C/c1ccc(O)cc1Br)/C=C/c1ccc(O)cc1Br"
"CHEMBL2064002","COc1ccc(OC)c(/C=C/C(=O)C(=Cc2cc(Br)c(O)c(OC)c2)C(=O)/C=C/c2cc(OC)ccc2OC)c1","COc1ccc(OC)c(/C=C/C(=O)C(=Cc2cc(Br)c(O)c(OC)c2)C(=O)/C=C/c2cc(OC)ccc2OC)c1"
"CHEMBL270361","COc1cc(/C=C2\CC/C(=C\c3ccc(O)c(OC)c3)C2=O)ccc1O","COc1cc(/C=C2\CC/C(=C\c3ccc(O)c(OC)c3)C2=O)ccc1O"
"CHEMBL261767","CN1C/C(=C\c2ccc(O)c(Br)c2)C(=O)/C(=C/c2cc(Br)c(O)c(Br)c2)C1","CN1C/C(=C\c2ccc(O)c(Br)c2)C(=O)/C(=C/c2cc(Br)c(O)c(Br)c2)C1"
"CHEMBL4293916","COC(=O)N1C/C(=C\c2ccc(O)c(O)c2)C(=O)/C(=C/c2ccc(O)c(O)c2)C1","COC(=O)N1C/C(=C\c2ccc(O)c(O)c2)C(=O)/C(=C/c2ccc(O)c(O)c2)C1"
"CHEMBL5647374","COc1cccc(OC)c1/C=C/C(=O)/C=C/c1ccc(-c2ccccc2)cc1","COc1cccc(OC)c1/C=C/C(=O)/C=C/c1ccc(-c2ccccc2)cc1"
"CHEMBL348671","CCOC(=O)N1C/C(=C\c2ccc(C(=N)N)cc2)C(=O)/C(=C/c2ccc(C(=N)N)cc2)C1","CCOC(=O)N1C/C(=C\c2ccc(C(=N)N)cc2)C(=O)/C(=C/c2ccc(C(=N)N)cc2)C1"
"CHEMBL4177435","COc1ccc(/C=C2\COC/C(=C\c3cc(OC)c(OC)c(OC)c3)C2=O)cc1O","COc1ccc(/C=C2\COC/C(=C\c3cc(OC)c(OC)c(OC)c3)C2=O)cc1O"
"CHEMBL5646543","COc1cccc(OC)c1/C=C/C(=O)/C=C/c1ccccc1N1CCOCC1","COc1cccc(OC)c1/C=C/C(=O)/C=C/c1ccccc1N1CCOCC1"
"CHEMBL4636490","COc1ccccc1/C=C1\CCC/C(=C\c2cc(OC)c(OC)c(OC)c2)C1=O","COc1ccccc1/C=C1\CCC/C(=C\c2cc(OC)c(OC)c(OC)c2)C1=O"
"CHEMBL4872575","N#CC1(c2ccccc2)C/C(=C\c2ccc(C(F)(F)F)cc2)C(=O)/C(=C/c2ccc(C(F)(F)F)cc2)C1","N#CC1(c2ccccc2)C/C(=C\c2ccc(C(F)(F)F)cc2)C(=O)/C(=C/c2ccc(C(F)(F)F)cc2)C1"
"CHEMBL3955393","O=C1/C(=C/c2ccccc2)CN(Cc2ccc3ccccc3c2)C/C1=C\c1ccccc1","O=C1/C(=C/c2ccccc2)CN(Cc2ccc3ccccc3c2)C/C1=C\c1ccccc1"
"CHEMBL3754218","COc1cc(/C=C2\CCC/C(=C\c3ccc(F)c(F)c3)C2=O)ccc1O","COc1cc(/C=C2\CCC/C(=C\c3ccc(F)c(F)c3)C2=O)ccc1O"
"CHEMBL3800149","COc1cc(/C=C/C(=O)/C=C/c2cccc3ccccc23)ccc1OCc1cn(CCOc2cc(=O)oc3ccccc23)nn1","COc1cc(/C=C/C(=O)/C=C/c2cccc3ccccc23)ccc1OCc1cn(CCOc2cc(=O)oc3ccccc23)nn1"
"CHEMBL3798388","COc1cc(/C=C/C(=O)/C=C/c2cccc3ccccc23)ccc1OCc1cn(CCCCCOc2cc(=O)oc3ccccc23)nn1","COc1cc(/C=C/C(=O)/C=C/c2cccc3ccccc23)ccc1OCc1cn(CCCCCOc2cc(=O)oc3ccccc23)nn1"
"CHEMBL3797715","COc1ccc(/C=C/C(=O)/C=C/c2ccc(OCc3cn(CCCCOc4cc(=O)oc5ccccc45)nn3)c(OC)c2)cc1","COc1ccc(/C=C/C(=O)/C=C/c2ccc(OCc3cn(CCCCOc4cc(=O)oc5ccccc45)nn3)c(OC)c2)cc1"
"CHEMBL4170741","COc1ccc(/C=C2\CCC/C(=C\c3ccc(N(C)C)cc3)C2=O)cc1","COc1ccc(/C=C2\CCC/C(=C\c3ccc(N(C)C)cc3)C2=O)cc1"
"CHEMBL4516893","Cc1ccc(/C=C2\CN(C(=S)NCc3ccccc3)C/C(=C\c3ccc(C)cc3)C2=O)cc1","Cc1ccc(/C=C2\CN(C(=S)NCc3ccccc3)C/C(=C\c3ccc(C)cc3)C2=O)cc1"
"CHEMBL4217760","O=C1/C(=C/c2ccccc2)CCC/C1=C\c1cccc(Br)c1","O=C1/C(=C/c2ccccc2)CCC/C1=C\c1cccc(Br)c1"
"CHEMBL3739721","COc1cc(/C=C/C(=O)/C=C/c2ccc(Br)cc2)ccc1O","COc1cc(/C=C/C(=O)/C=C/c2ccc(Br)cc2)ccc1O"
"CHEMBL3739673","COc1cc(/C=C/C(=O)/C=C/c2cc(F)ccc2Br)ccc1O","COc1cc(/C=C/C(=O)/C=C/c2cc(F)ccc2Br)ccc1O"
"CHEMBL4072548","CCC(=O)Oc1ccc(/C=C2\CCC/C(=C\c3ccc(N(CC)CC)cc3)C2=O)cc1OC","CCC(=O)Oc1ccc(/C=C2\CCC/C(=C\c3ccc(N(CC)CC)cc3)C2=O)cc1OC"
"CHEMBL4093623","COc1cc(/C=C/C(=O)/C=C/c2ccc(OC(=O)C(C)C)c(OC)c2)ccc1OC(=O)C(C)C","COc1cc(/C=C/C(=O)/C=C/c2ccc(OC(=O)C(C)C)c(OC)c2)ccc1OC(=O)C(C)C"
"CHEMBL1767198","CN(C)c1ccc(/C=C/C(=O)/C=C/c2ccc3[nH]ccc3c2)cc1","CN(C)c1ccc(/C=C/C(=O)/C=C/c2ccc3[nH]ccc3c2)cc1"
"CHEMBL3219876","O=C(/C=C/c1ccc(Cl)cc1)/C=C/c1ccc(OCc2cccc(I)c2)cc1","O=C(/C=C/c1ccc(Cl)cc1)/C=C/c1ccc(OCc2cccc(I)c2)cc1"
"CHEMBL4571856","Cc1ccc(/C=C2\CN(Cc3cn(Cc4ccccc4F)nn3)C/C(=C\c3ccc(C)cc3)C2=O)cc1","Cc1ccc(/C=C2\CN(Cc3cn(Cc4ccccc4F)nn3)C/C(=C\c3ccc(C)cc3)C2=O)cc1"
"CHEMBL4173077","O=C1/C(=C/c2cccc([N+](=O)[O-])c2)CN(S(=O)(=O)c2ccc(F)cc2)C/C1=C\c1ccccc1F","O=C1/C(=C/c2cccc([N+](=O)[O-])c2)CN(S(=O)(=O)c2ccc(F)cc2)C/C1=C\c1ccccc1F"
"CHEMBL4176576","COc1ccccc1/C=C/C(=O)/C=C/c1ccc(O)c(Br)c1","COc1ccccc1/C=C/C(=O)/C=C/c1ccc(O)c(Br)c1"
"CHEMBL1767386","COc1cc(/C=C/C(=O)/C=C/c2ccc(N(C)C)cc2)cc(OC)c1","COc1cc(/C=C/C(=O)/C=C/c2ccc(N(C)C)cc2)cc(OC)c1"
"CHEMBL1461633","COc1ccc(/C=C2/CC/C(=C\c3ccc(OC)c(OC)c3OC)C2=O)c(OC)c1OC","COc1ccc(/C=C2/CC/C(=C\c3ccc(OC)c(OC)c3OC)C2=O)c(OC)c1OC"
"CHEMBL3289936","CN(C)c1ccc(/C=C2/CNC/C(=C\c3ccc(N(C)C)cc3[N+](=O)[O-])C2=O)c([N+](=O)[O-])c1","CN(C)c1ccc(/C=C2/CNC/C(=C\c3ccc(N(C)C)cc3[N+](=O)[O-])C2=O)c([N+](=O)[O-])c1"
"CHEMBL3629644","COc1cccc(/C=C/C(=O)/C=C/c2ccc(OCc3cn(CCN4C(=O)C(=O)c5cc(Cl)ccc54)nn3)c(OC)c2)c1","COc1cccc(/C=C/C(=O)/C=C/c2ccc(OCc3cn(CCN4C(=O)C(=O)c5cc(Cl)ccc54)nn3)c(OC)c2)c1"
"CHEMBL1556871","CN1C2CCC1/C(=C\c1ccccc1F)C(=O)/C2=C/c1ccccc1F","CN1C2CCC1/C(=C\c1ccccc1F)C(=O)/C2=C/c1ccccc1F"
"CHEMBL3629747","COc1cc(/C=C/C(=O)/C=C/c2cccc3ccccc23)ccc1OCc1cn(CCN2C(=O)C(=O)c3cc(Cl)ccc32)nn1","COc1cc(/C=C/C(=O)/C=C/c2cccc3ccccc23)ccc1OCc1cn(CCN2C(=O)C(=O)c3cc(Cl)ccc32)nn1"
"CHEMBL4644164","O=C1/C(=C/c2ccc(Cl)c(Cl)c2)CN(C(=O)C(Cl)Cl)C/C1=C\c1ccc(Cl)c(Cl)c1","O=C1/C(=C/c2ccc(Cl)c(Cl)c2)CN(C(=O)C(Cl)Cl)C/C1=C\c1ccc(Cl)c(Cl)c1"
"CHEMBL1800977","COc1ccc(C=C(C(=O)/C=C/c2ccc(OC)c(OC)c2)C(=O)/C=C/c2ccc(OC)c(OC)c2)c(OC)c1","COc1ccc(C=C(C(=O)/C=C/c2ccc(OC)c(OC)c2)C(=O)/C=C/c2ccc(OC)c(OC)c2)c(OC)c1"
"CHEMBL3963252","COc1ccc(/C=C/c2cc(OC)cc(OC)c2/C=C/C(=O)/C=C/c2ccc(OC)c(Br)c2)cc1","COc1ccc(/C=C/c2cc(OC)cc(OC)c2/C=C/C(=O)/C=C/c2ccc(OC)c(Br)c2)cc1"
"CHEMBL5639685","CCN(CC)c1ccc(/C=C/C(=O)/C=C/c2c(OC)cccc2OC)cc1","CCN(CC)c1ccc(/C=C/C(=O)/C=C/c2c(OC)cccc2OC)cc1"
"CHEMBL5571935","COc1ccc(/C=C/C(=O)/C=C2/C(=O)Nc3cc(Br)ccc32)cc1","COc1ccc(/C=C/C(=O)/C=C2/C(=O)Nc3cc(Br)ccc32)cc1"
"CHEMBL5641880","COc1cccc(OC)c1/C=C/C(=O)/C=C/c1ccc(C)cc1","COc1cccc(OC)c1/C=C/C(=O)/C=C/c1ccc(C)cc1"
"CHEMBL341574","CCCCN1C/C(=C\c2ccc(Br)cc2)C(=O)/C(=C/c2ccc(Br)cc2)C1","CCCCN1C/C(=C\c2ccc(Br)cc2)C(=O)/C(=C/c2ccc(Br)cc2)C1"
"CHEMBL4857503","N#CC1(c2ccccc2)C/C(=C\c2ccccc2)C(=O)/C(=C/c2ccccc2)C1","N#CC1(c2ccccc2)C/C(=C\c2ccccc2)C(=O)/C(=C/c2ccccc2)C1"
"CHEMBL2316157","COc1cc(/C=C2\CCC/C(=C\c3cc(OC)cc(OC)c3)C2=O)cc(OC)c1","COc1cc(/C=C2\CCC/C(=C\c3cc(OC)cc(OC)c3)C2=O)cc(OC)c1"
"CHEMBL3115555","C=CCc1cc(/C=C/C(=O)/C=C/c2ccccc2C(F)(F)F)ccc1OC","C=CCc1cc(/C=C/C(=O)/C=C/c2ccccc2C(F)(F)F)ccc1OC"
"CHEMBL603951","COc1cc(/C=C/C(=O)/C=C/c2ccccc2)cc(OC)c1OC","COc1cc(/C=C/C(=O)/C=C/c2ccccc2)cc(OC)c1OC"
"CHEMBL3798500","COc1cc(/C=C/C(=O)/C=C/c2ccccc2)ccc1OCc1cn(CCCOc2cc(=O)oc3ccccc23)nn1","COc1cc(/C=C/C(=O)/C=C/c2ccccc2)ccc1OCc1cn(CCCOc2cc(=O)oc3ccccc23)nn1"
"CHEMBL3957594","CN1CCN(c2ccc(NC(=O)C3C/C(=C\c4ccc(F)cc4)C(=O)/C(=C/c4ccc(F)cc4)C3)cc2)CC1","CN1CCN(c2ccc(NC(=O)C3C/C(=C\c4ccc(F)cc4)C(=O)/C(=C/c4ccc(F)cc4)C3)cc2)CC1"
"CHEMBL4527074","COc1cc(F)c(/C=C2\CNC/C(=C\c3cc(OC)c(OC)cc3F)C2=O)cc1OC","COc1cc(F)c(/C=C2\CNC/C(=C\c3cc(OC)c(OC)cc3F)C2=O)cc1OC"
"CHEMBL1253504","CCCCCCCCCC/C=C/C(CC(=O)O)C(=O)N1C/C(=C\c2ccccc2F)C(=O)/C(=C/c2ccccc2F)C1","CCCCCCCCCC/C=C/C(CC(=O)O)C(=O)N1C/C(=C\c2ccccc2F)C(=O)/C(=C/c2ccccc2F)C1"
"CHEMBL4561010","Cc1ccc2ncnc(Oc3ccccc3/C=C/C(=O)/C=C/c3c(Cl)cccc3Cl)c2c1","Cc1ccc2ncnc(Oc3ccccc3/C=C/C(=O)/C=C/c3c(Cl)cccc3Cl)c2c1"
"CHEMBL4580559","COc1ccc(/C=C2\C(=O)/C(=C/c3ccc(OC)c(O)c3)c3ccccc32)cc1O","COc1ccc(/C=C2\C(=O)/C(=C/c3ccc(OC)c(O)c3)c3ccccc32)cc1O"
"CHEMBL3754387","COc1cc(/C=C2\CC/C(=C\c3ccc4ccccc4c3)C2=O)ccc1O","COc1cc(/C=C2\CC/C(=C\c3ccc4ccccc4c3)C2=O)ccc1O"
"CHEMBL3753565","COc1cc(/C=C2\CCC/C(=C\c3ccc(Cl)c(Cl)c3)C2=O)ccc1O","COc1cc(/C=C2\CCC/C(=C\c3ccc(Cl)c(Cl)c3)C2=O)ccc1O"
"CHEMBL3752609","COc1cc(/C=C2\CC/C(=C\c3cc4c(cc3Br)OCO4)C2=O)ccc1O","COc1cc(/C=C2\CC/C(=C\c3cc4c(cc3Br)OCO4)C2=O)ccc1O"
"CHEMBL1814472","CC1(C)C=C(C(=O)N2C/C(=C\c3ccc(F)cc3)C(=O)/C(=C/c3ccc(F)cc3)C2)C(C)(C)N1[O]","CC1(C)C=C(C(=O)N2C/C(=C\c3ccc(F)cc3)C(=O)/C(=C/c3ccc(F)cc3)C2)C(C)(C)N1[O]"
"CHEMBL4167411","COc1cccc(/C=C2\CCC/C(=C\c3ccccc3)C2=O)c1OC","COc1cccc(/C=C2\CCC/C(=C\c3ccccc3)C2=O)c1OC"
"CHEMBL4162803","COc1ccc(/C=C2\CCC/C(=C\c3ccccc3)C2=O)cc1","COc1ccc(/C=C2\CCC/C(=C\c3ccccc3)C2=O)cc1"
"CHEMBL5430565","O=C1/C(=C/c2ccccc2C(F)(F)F)CNC/C1=C\c1ccccc1C(F)(F)F","O=C1/C(=C/c2ccccc2C(F)(F)F)CNC/C1=C\c1ccccc1C(F)(F)F"
"CHEMBL3115546","C=CCc1cc(/C=C/C(=O)/C=C/c2ccc(N3CCCCC3)cc2)ccc1OC","C=CCc1cc(/C=C/C(=O)/C=C/c2ccc(N3CCCCC3)cc2)ccc1OC"
"CHEMBL4175483","COc1cc(/C=C2\CN(C(=O)C(C)C)C/C(=C\c3cc(OC)c(OC)c(OC)c3)C2=O)cc(OC)c1OC","COc1cc(/C=C2\CN(C(=O)C(C)C)C/C(=C\c3cc(OC)c(OC)c(OC)c3)C2=O)cc(OC)c1OC"
"CHEMBL150309","N=C(N)c1ccc(/C=C2\CCCCC/C(=C\c3ccc(C(=N)N)cc3)C2=O)cc1","N=C(N)c1ccc(/C=C2\CCCCC/C(=C\c3ccc(C(=N)N)cc3)C2=O)cc1"
"CHEMBL4163966","O=C1/C(=C/c2c(F)cccc2F)CNC/C1=C\c1c(F)cccc1F","O=C1/C(=C/c2c(F)cccc2F)CNC/C1=C\c1c(F)cccc1F"
"CHEMBL3818132","COc1ccc(/C=C(\C)C(=O)/C=C/c2ccccc2Br)cc1","COc1ccc(/C=C(\C)C(=O)/C=C/c2ccccc2Br)cc1"
"CHEMBL3220168","O=C(/C=C/c1ccc(Cl)cc1)/C=C/c1ccc(OCc2ccc(F)cc2)cc1","O=C(/C=C/c1ccc(Cl)cc1)/C=C/c1ccc(OCc2ccc(F)cc2)cc1"
"CHEMBL3754021","COc1cc(/C=C2\CCC/C(=C\c3cc(F)ccc3F)C2=O)ccc1O","COc1cc(/C=C2\CCC/C(=C\c3cc(F)ccc3F)C2=O)ccc1O"
"CHEMBL4637045","O=C1/C(=C/c2ccc(Cl)cc2)CN(C(=O)C(Cl)Cl)C/C1=C\c1ccc(Cl)cc1","O=C1/C(=C/c2ccc(Cl)cc2)CN(C(=O)C(Cl)Cl)C/C1=C\c1ccc(Cl)cc1"
"CHEMBL4643806","COc1ccc(/C=C2\CN(C(=O)C(Cl)Cl)C/C(=C\c3ccc(OC)c(OC)c3)C2=O)cc1OC","COc1ccc(/C=C2\CN(C(=O)C(Cl)Cl)C/C(=C\c3ccc(OC)c(OC)c3)C2=O)cc1OC"
"CHEMBL497783","O=C(/C=C/c1cccc(Cl)c1)/C=C/c1cccc(Cl)c1","O=C(/C=C/c1cccc(Cl)c1)/C=C/c1cccc(Cl)c1"
"CHEMBL3741739","COc1cc(/C=C/C(=O)/C=C/c2cc3c(cc2Br)OCO3)ccc1O","COc1cc(/C=C/C(=O)/C=C/c2cc3c(cc2Br)OCO3)ccc1O"
"CHEMBL3105868","C/C(=C\c1ccc(N(C)C)cc1)C(=O)/C=C/c1ccccc1","C/C(=C\c1ccc(N(C)C)cc1)C(=O)/C=C/c1ccccc1"
"CHEMBL3785504","COc1ccc(/C=C2\CC(C)C/C(=C\c3ccc(OC)c(OC)c3Cl)C2=O)c(Cl)c1OC","COc1ccc(/C=C2\CC(C)C/C(=C\c3ccc(OC)c(OC)c3Cl)C2=O)c(Cl)c1OC"
"CHEMBL3410528","O=C1/C(=C/c2ccc(Oc3ccccc3)cc2)CS(=O)(=O)C/C1=C\c1ccc(Oc2ccccc2)cc1","O=C1/C(=C/c2ccc(Oc3ccccc3)cc2)CS(=O)(=O)C/C1=C\c1ccc(Oc2ccccc2)cc1"
"CHEMBL3409210","COc1cc(/C=C/C(=O)/C=C/c2cc(OC)c(O)c(OC)c2)ccc1O","COc1cc(/C=C/C(=O)/C=C/c2cc(OC)c(O)c(OC)c2)ccc1O"
"CHEMBL1770840","O=C(/C=C/c1cccc([N+](=O)[O-])c1)/C=C/c1cccc([N+](=O)[O-])c1","O=C(/C=C/c1cccc([N+](=O)[O-])c1)/C=C/c1cccc([N+](=O)[O-])c1"
"CHEMBL3978904","COc1ccc(/C=C2\CC(C(=O)Nc3ccccc3)C/C(=C\c3ccc(OC)cc3)C2=O)cc1","COc1ccc(/C=C2\CC(C(=O)Nc3ccccc3)C/C(=C\c3ccc(OC)cc3)C2=O)cc1"
"CHEMBL1951692","CCOc1c(Br)cc(/C=C2\CCC/C(=C\c3ccc([N+](=O)[O-])cc3)C2=O)cc1OC","CCOc1c(Br)cc(/C=C2\CCC/C(=C\c3ccc([N+](=O)[O-])cc3)C2=O)cc1OC"
"CHEMBL3987200","COc1ccc(/C=C2\CC(C(=O)Nc3ccc(N4CCOCC4)cc3)C/C(=C\c3ccc(OC)cc3)C2=O)cc1","COc1ccc(/C=C2\CC(C(=O)Nc3ccc(N4CCOCC4)cc3)C/C(=C\c3ccc(OC)cc3)C2=O)cc1"
"CHEMBL1630643","CCOC(OCC)c1cccc(/C=C2\CC/C(=C\c3cccc(C(OCC)OCC)c3)C2=O)c1","CCOC(OCC)c1cccc(/C=C2\CC/C(=C\c3cccc(C(OCC)OCC)c3)C2=O)c1"
"CHEMBL4164940","COc1cccc(/C=C/C(=O)/C=C/c2ccc(O)c(Br)c2)c1OC","COc1cccc(/C=C/C(=O)/C=C/c2ccc(O)c(Br)c2)c1OC"
"CHEMBL4784597","O=C1/C(=C/c2cccc(F)c2)CN(S(=O)(=O)c2ccc(Br)cc2)C/C1=C\c1cccc(F)c1","O=C1/C(=C/c2cccc(F)c2)CN(S(=O)(=O)c2ccc(Br)cc2)C/C1=C\c1cccc(F)c1"
"CHEMBL4447188","O=C(/C=C/c1ccc(O)c(O)c1)/C=C/c1cc(O)ccc1O","O=C(/C=C/c1ccc(O)c(O)c1)/C=C/c1cc(O)ccc1O"
"CHEMBL151049","N=C(N)c1ccc(/C=C2/CCC/C(=C\c3ccc(C(=N)N)cc3)C2=O)cc1","N=C(N)c1ccc(/C=C2/CCC/C(=C\c3ccc(C(=N)N)cc3)C2=O)cc1"
"CHEMBL3309948","CN(C)c1ccc(/C=C2\CNC/C(=C\c3ccc(N(C)C)cc3[N+](=O)[O-])C2=O)c([N+](=O)[O-])c1","CN(C)c1ccc(/C=C2\CNC/C(=C\c3ccc(N(C)C)cc3[N+](=O)[O-])C2=O)c([N+](=O)[O-])c1"
"CHEMBL5204836","COc1ccccc1/C=C1\CSC/C(=C\c2ccccc2OC)C1=O","COc1ccccc1/C=C1\CSC/C(=C\c2ccccc2OC)C1=O"
"CHEMBL3409839","COC(=O)CCC(=O)N1C/C(=C\c2ccccc2F)C(=O)/C(=C/c2ccccc2F)C1","COC(=O)CCC(=O)N1C/C(=C\c2ccccc2F)C(=O)/C(=C/c2ccccc2F)C1"
"CHEMBL3785268","COc1cc(/C=C2\CCC/C(=C\c3cc(OC)c(OC)c(OC)c3Br)C2=O)c(Br)c(OC)c1OC","COc1cc(/C=C2\CCC/C(=C\c3cc(OC)c(OC)c(OC)c3Br)C2=O)c(Br)c(OC)c1OC"
"CHEMBL4175287","COc1ccc(/C=C2\CCC/C(=C\c3cccc(Br)c3)C2=O)cc1","COc1ccc(/C=C2\CCC/C(=C\c3cccc(Br)c3)C2=O)cc1"
"CHEMBL1669730","COc1ccc(/C=C/C(=O)C(=Cc2ccc(C=O)c(C=O)c2)C(=O)/C=C/c2ccc(OC)c(OC)c2)cc1OC","COc1ccc(/C=C/C(=O)C(=Cc2ccc(C=O)c(C=O)c2)C(=O)/C=C/c2ccc(OC)c(OC)c2)cc1OC"
"CHEMBL4217724","Cc1cccc(/C=C2\CCC/C(=C\c3ccccc3)C2=O)c1","Cc1cccc(/C=C2\CCC/C(=C\c3ccccc3)C2=O)c1"
"CHEMBL2036334","O=C1/C(=C/c2ccc(O)cc2)CSC/C1=C\c1ccc(O)cc1","O=C1/C(=C/c2ccc(O)cc2)CSC/C1=C\c1ccc(O)cc1"
"CHEMBL2315388","COc1cc(/C=C2\CC/C(=C\c3ccc(OCCBr)c(OC)c3)C2=O)ccc1OCCBr","COc1cc(/C=C2\CC/C(=C\c3ccc(OCCBr)c(OC)c3)C2=O)ccc1OCCBr"
"CHEMBL3403496","CCCCCCCCCCCCCCCC(=O)Oc1cccc(/C=C2\CCC/C(=C\c3cccc(OC(=O)CCCCCCCCCCCCCCC)c3)C2=O)c1","CCCCCCCCCCCCCCCC(=O)Oc1cccc(/C=C2\CCC/C(=C\c3cccc(OC(=O)CCCCCCCCCCCCCCC)c3)C2=O)c1"
"CHEMBL147126","O=C1/C(=C/c2ccccc2O)CC/C1=C\c1ccccc1O","O=C1/C(=C/c2ccccc2O)CC/C1=C\c1ccccc1O"
"CHEMBL4280062","COc1ccc(/C=C2\CCC/C(=C\c3cccc(O)c3)C2=O)cc1OC","COc1ccc(/C=C2\CCC/C(=C\c3cccc(O)c3)C2=O)cc1OC"
"CHEMBL2315378","COc1cc(/C=C2\CC/C(=C\c3ccc(OCCCCN4CCCCC4)c(OC)c3)C2=O)ccc1OCCCCN1CCCCC1","COc1cc(/C=C2\CC/C(=C\c3ccc(OCCCCN4CCCCC4)c(OC)c3)C2=O)ccc1OCCCCN1CCCCC1"
"CHEMBL1951543","CCCOc1c(Br)cc(/C=C2\CCC/C(=C\c3ccccc3[N+](=O)[O-])C2=O)cc1OC","CCCOc1c(Br)cc(/C=C2\CCC/C(=C\c3ccccc3[N+](=O)[O-])C2=O)cc1OC"
"CHEMBL1973696","O=C(/C=C/c1ccccc1)/C=C/c1ccccc1O","O=C(/C=C/c1ccccc1)/C=C/c1ccccc1O"
"CHEMBL4226473","CC1(C)OB([C@@H](NC(=O)N2C/C(=C\c3ccc(F)cc3)C(=O)/C(=C/c3ccc(F)cc3)C2)C2CCCCC2)OC1(C)C","CC1(C)OB([C@@H](NC(=O)N2C/C(=C\c3ccc(F)cc3)C(=O)/C(=C/c3ccc(F)cc3)C2)C2CCCCC2)OC1(C)C"
"CHEMBL3797251","COc1cc(/C=C/C(=O)/C=C/c2cc(OC)c(OC)c(OC)c2)ccc1OCc1cn(CCCCOc2cc(=O)oc3ccccc23)nn1","COc1cc(/C=C/C(=O)/C=C/c2cc(OC)c(OC)c(OC)c2)ccc1OCc1cn(CCCCOc2cc(=O)oc3ccccc23)nn1"
"CHEMBL498576","O=C1/C(=C/c2ccc(Cl)cc2)CCC/C1=C\c1ccccc1[N+](=O)[O-]","O=C1/C(=C/c2ccc(Cl)cc2)CCC/C1=C\c1ccccc1[N+](=O)[O-]"
"CHEMBL1992379","COc1cc(/C=C2\CCC/C(=C\c3ccc(OC(=O)CCCCC4CCSS4)c(OC)c3)C2=O)ccc1OC(=O)CCCCC1CCSS1","COc1cc(/C=C2\CCC/C(=C\c3ccc(OC(=O)CCCCC4CCSS4)c(OC)c3)C2=O)ccc1OC(=O)CCCCC1CCSS1"
"CHEMBL494971","COc1ccc(/C=C2\CCC/C(=C\c3cccc([N+](=O)[O-])c3)C2=O)cc1","COc1ccc(/C=C2\CCC/C(=C\c3cccc([N+](=O)[O-])c3)C2=O)cc1"
"CHEMBL4579261","COc1ccc(/C=C2\CN(Cc3cn(Cc4cccc(Cl)c4)nn3)C/C(=C\c3ccc(OC)cc3)C2=O)cc1","COc1ccc(/C=C2\CN(Cc3cn(Cc4cccc(Cl)c4)nn3)C/C(=C\c3ccc(OC)cc3)C2=O)cc1"
"CHEMBL5178027","O=C(/C=C1\C(=O)Nc2ccccc21)/C=C/c1ccc(F)cc1","O=C(/C=C1\C(=O)Nc2ccccc21)/C=C/c1ccc(F)cc1"
"CHEMBL2332974","O=C1/C(=C/c2ccccc2Cl)CN(C(=O)C[C@H]2C[C@H]3CCCN3[C@]23C(=O)Nc2ccccc23)C/C1=C\c1ccccc1Cl","O=C1/C(=C/c2ccccc2Cl)CN(C(=O)C[C@H]2C[C@H]3CCCN3[C@]23C(=O)Nc2ccccc23)C/C1=C\c1ccccc1Cl"
"CHEMBL3917479","COc1ccc(/C=C2\CC(C(=O)Nc3ccc(N4CCN(C)CC4)cc3)C/C(=C\c3ccc(OC)cc3)C2=O)cc1","COc1ccc(/C=C2\CC(C(=O)Nc3ccc(N4CCN(C)CC4)cc3)C/C(=C\c3ccc(OC)cc3)C2=O)cc1"
"CHEMBL482410","COc1ccc(/C=C2\CCC/C(=C\c3ccc(OC)cc3)C2=O)cc1","COc1ccc(/C=C2\CCC/C(=C\c3ccc(OC)cc3)C2=O)cc1"
"CHEMBL55035","N=C(N)c1ccc(/C=C2/CCCC/C(=C/c3ccc(C(=N)N)cc3)C2=O)cc1","N=C(N)c1ccc(/C=C2/CCCC/C(=C/c3ccc(C(=N)N)cc3)C2=O)cc1"
"CHEMBL4763621","C=CCc1cc(/C=C2\CN(CCC)C/C(=C\c3ccc(O)c(CC=C)c3)C2=O)ccc1O","C=CCc1cc(/C=C2\CN(CCC)C/C(=C\c3ccc(O)c(CC=C)c3)C2=O)ccc1O"
"CHEMBL497342","Cc1ccc(/C=C2\CCC/C(=C\c3ccccc3[N+](=O)[O-])C2=O)cc1","Cc1ccc(/C=C2\CCC/C(=C\c3ccccc3[N+](=O)[O-])C2=O)cc1"
"CHEMBL4569092","Cc1ccc(/C=C2\CN(C(=S)SCc3cn(Cc4cccc(Cl)c4)nn3)C/C(=C\c3ccc(C)cc3)C2=O)cc1","Cc1ccc(/C=C2\CN(C(=S)SCc3cn(Cc4cccc(Cl)c4)nn3)C/C(=C\c3ccc(C)cc3)C2=O)cc1"
"CHEMBL151734","O=C1/C(=C/c2ccccc2)CC/C1=C\c1ccccc1","O=C1/C(=C/c2ccccc2)CC/C1=C\c1ccccc1"
"CHEMBL465529","Cl.O=C1/C(=C/c2ccccc2)CNC/C1=C\c1ccccc1","Cl.O=C1/C(=C/c2ccccc2)CNC/C1=C\c1ccccc1"
"CHEMBL5283732","COc1cc(OC)c(/C=C2\CC/C(=C\c3cc(OC)c(OC)c(OC)c3)C2=O)c(OC)c1","COc1cc(OC)c(/C=C2\CC/C(=C\c3cc(OC)c(OC)c(OC)c3)C2=O)c(OC)c1"
"CHEMBL360696","O=C1/C(=C/c2ccc3c(c2)OCO3)Cc2ccccc2/C1=C\c1ccc([N+](=O)[O-])cc1","O=C1/C(=C/c2ccc3c(c2)OCO3)Cc2ccccc2/C1=C\c1ccc([N+](=O)[O-])cc1"
"CHEMBL270441","O=C(/C=C/c1ccc(OC2CCCCO2)cc1)/C=C/c1ccc(OC2CCCCO2)cc1","O=C(/C=C/c1ccc(OC2CCCCO2)cc1)/C=C/c1ccc(OC2CCCCO2)cc1"
"CHEMBL477061","O=C1/C(=C/c2ccc(OC3CCCCO3)cc2)CCC/C1=C\c1ccc(OC2CCCCO2)cc1","O=C1/C(=C/c2ccc(OC3CCCCO3)cc2)CCC/C1=C\c1ccc(OC2CCCCO2)cc1"
"CHEMBL4746913","O=C1/C(=C/c2ccccc2F)CN(S(=O)(=O)c2ccc(Cl)cc2)C/C1=C\c1ccccc1F","O=C1/C(=C/c2ccccc2F)CN(S(=O)(=O)c2ccc(Cl)cc2)C/C1=C\c1ccccc1F"
"CHEMBL259457","CN1C/C(=C\c2cc(Br)c(O)c(Br)c2)C(=O)/C(=C/c2cc(Br)c(O)c(Br)c2)C1","CN1C/C(=C\c2cc(Br)c(O)c(Br)c2)C(=O)/C(=C/c2cc(Br)c(O)c(Br)c2)C1"
"CHEMBL1981505","CC1CC/C(=C\c2ccc(Cl)cc2)C(=O)/C1=C\c1ccc(Cl)cc1","CC1CC/C(=C\c2ccc(Cl)cc2)C(=O)/C1=C\c1ccc(Cl)cc1"
"CHEMBL498373","COc1cc(/C=C2\CC/C(=C\c3cc(OC)c(O)c(OC)c3)C2=O)cc(OC)c1O","COc1cc(/C=C2\CC/C(=C\c3cc(OC)c(O)c(OC)c3)C2=O)cc(OC)c1O"
"CHEMBL356862","N=C(N)c1ccc(/C=C2/CCCCCCC/C(=C\c3ccc(C(=N)N)cc3)C2=O)cc1","N=C(N)c1ccc(/C=C2/CCCCCCC/C(=C\c3ccc(C(=N)N)cc3)C2=O)cc1"
"CHEMBL3105850","C/C(=C\c1ccc(N(C)C)cc1)C(=O)/C=C/c1ccc([N+](=O)[O-])cc1","C/C(=C\c1ccc(N(C)C)cc1)C(=O)/C=C/c1ccc([N+](=O)[O-])cc1"
"CHEMBL3105865","COc1ccc(/C=C/C(=O)/C(C)=C/c2ccc([N+](=O)[O-])cc2)cc1","COc1ccc(/C=C/C(=O)/C(C)=C/c2ccc([N+](=O)[O-])cc2)cc1"
"CHEMBL1773416","O=C1/C(=C/c2ccccc2)CN(C(=O)CCSCCO)C/C1=C\c1ccccc1","O=C1/C(=C/c2ccccc2)CN(C(=O)CCSCCO)C/C1=C\c1ccccc1"
"CHEMBL4105305","CCOc1cc(/C=C/C(=O)C(=Cc2ccc(O)cc2)C(=O)/C=C/c2ccc(O)c(OCC)c2)ccc1O","CCOc1cc(/C=C/C(=O)C(=Cc2ccc(O)cc2)C(=O)/C=C/c2ccc(O)c(OCC)c2)ccc1O"
"CHEMBL2003015","O=C1C2=C(C(c3ccccc3)=C1c1ccccc1)c1ccccc1C1(c3ccccc3)C2=C(O)C(c2ccccc2)=C1c1ccccc1","O=C1C2=C(C(c3ccccc3)=C1c1ccccc1)c1ccccc1C1(c3ccccc3)C2=C(O)C(c2ccccc2)=C1c1ccccc1"
"CHEMBL4169216","O=C1/C(=C/c2c(Cl)cccc2Cl)CCC/C1=C\c1c(Cl)cccc1Cl","O=C1/C(=C/c2c(Cl)cccc2Cl)CCC/C1=C\c1c(Cl)cccc1Cl"
"CHEMBL1814475","CC1(C)CCC(C)(C#CCN2C/C(=C\c3ccc(F)cc3)C(=O)/C(=C/c3ccc(F)cc3)C2)N1[O]","CC1(C)CCC(C)(C#CCN2C/C(=C\c3ccc(F)cc3)C(=O)/C(=C/c3ccc(F)cc3)C2)N1[O]"
"CHEMBL5192540","O=C1/C(=C/c2ccc(Br)cc2)COC/C1=C\c1ccc(Br)cc1","O=C1/C(=C/c2ccc(Br)cc2)COC/C1=C\c1ccc(Br)cc1"
"CHEMBL4229182","CC(C)[C@H](NC(=O)N1C/C(=C\c2ccc(F)cc2)C(=O)/C(=C/c2ccc(F)cc2)C1)B1OC(C)(C)C(C)(C)O1","CC(C)[C@H](NC(=O)N1C/C(=C\c2ccc(F)cc2)C(=O)/C(=C/c2ccc(F)cc2)C1)B1OC(C)(C)C(C)(C)O1"
"CHEMBL2315375","COc1cc(/C=C2\CC/C(=C\c3ccc(OCCCCn4ccnc4C)c(OC)c3)C2=O)ccc1OCCCCn1ccnc1C","COc1cc(/C=C2\CC/C(=C\c3ccc(OCCCCn4ccnc4C)c(OC)c3)C2=O)ccc1OCCCCn1ccnc1C"
"CHEMBL473013","CN1C2CCC1/C(=C\c1ccc(Cl)cc1)C(=O)/C2=C/c1ccc(Cl)cc1","CN1C2CCC1/C(=C\c1ccc(Cl)cc1)C(=O)/C2=C/c1ccc(Cl)cc1"
"CHEMBL4743343","CCOP(=O)(OCC)C(c1ccc(OC)cc1)N1C/C(=C\c2ccc(F)c(OC)c2)C(=O)/C(=C/c2ccc(F)c(OC)c2)C1","CCOP(=O)(OCC)C(c1ccc(OC)cc1)N1C/C(=C\c2ccc(F)c(OC)c2)C(=O)/C(=C/c2ccc(F)c(OC)c2)C1"
"CHEMBL4784811","CCOP(=O)(OCC)C(c1ccc(OC)cc1)N1C/C(=C\c2ccccc2)C(=O)/C(=C/c2ccccc2)C1","CCOP(=O)(OCC)C(c1ccc(OC)cc1)N1C/C(=C\c2ccccc2)C(=O)/C(=C/c2ccccc2)C1"
"CHEMBL5410213","O=C1/C(=C/c2cccc(C(F)(F)F)c2)CNC/C1=C\c1cccc(C(F)(F)F)c1","O=C1/C(=C/c2cccc(C(F)(F)F)c2)CNC/C1=C\c1cccc(C(F)(F)F)c1"
"CHEMBL379849","O=C1/C(=C/c2ccccc2F)CNC/C1=C\c1ccccc1F","O=C1/C(=C/c2ccccc2F)CNC/C1=C\c1ccccc1F"
"CHEMBL182489","O=C1/C(=C/c2ccc([N+](=O)[O-])cc2)CCC/C1=C\c1ccc2c(c1)OCO2","O=C1/C(=C/c2ccc([N+](=O)[O-])cc2)CCC/C1=C\c1ccc2c(c1)OCO2"
"CHEMBL3628980","CCN(CC)c1ccc(/C=C2\CC/C(=C\c3ccc(N(CCOCCOCCOCCOCCOC)CCOCCOCCOCCOCCOC)cc3)C2=O)cc1","CCN(CC)c1ccc(/C=C2\CC/C(=C\c3ccc(N(CCOCCOCCOCCOCCOC)CCOCCOCCOCCOCCOC)cc3)C2=O)cc1"
"CHEMBL1773418","COc1ccc(/C=C2\CN(C(=O)CCSCCO)C/C(=C\c3ccc(OC)cc3)C2=O)cc1","COc1ccc(/C=C2\CN(C(=O)CCSCCO)C/C(=C\c3ccc(OC)cc3)C2=O)cc1"
"CHEMBL1630644","CCN(CC)c1ccc(/C=C/C(=O)/C=C/c2ccc(N(CC)CC)cc2)cc1","CCN(CC)c1ccc(/C=C/C(=O)/C=C/c2ccc(N(CC)CC)cc2)cc1"
"CHEMBL4780290","COc1ccc(/C=C/C(=O)/C=C/c2ccc(O)cc2OC)cc1","COc1ccc(/C=C/C(=O)/C=C/c2ccc(O)cc2OC)cc1"
"CHEMBL1097756","Nc1ccc(/C=C/C(=O)/C=C/c2ccc(N)cc2)cc1","Nc1ccc(/C=C/C(=O)/C=C/c2ccc(N)cc2)cc1"
"CHEMBL2281873","COc1ccc(OC)c(/C=C2\CCCC/C(=C\c3cc(OC)ccc3OC)C2=O)c1","COc1ccc(OC)c(/C=C2\CCCC/C(=C\c3cc(OC)ccc3OC)C2=O)c1"
"CHEMBL2012926","O=C1/C(=C/c2ccccc2)CN(C(=O)CC(=O)N2C/C(=C\c3ccccc3)C(=O)/C(=C/c3ccccc3)C2)C/C1=C\c1ccccc1","O=C1/C(=C/c2ccccc2)CN(C(=O)CC(=O)N2C/C(=C\c3ccccc3)C(=O)/C(=C/c3ccccc3)C2)C/C1=C\c1ccccc1"
"CHEMBL1976512","C=CC(=O)N1C/C(=C\c2ccc(N(C)C)cc2)C(=O)/C(=C/c2ccc(N(C)C)cc2)C1","C=CC(=O)N1C/C(=C\c2ccc(N(C)C)cc2)C(=O)/C(=C/c2ccc(N(C)C)cc2)C1"
"CHEMBL3219859","O=C(/C=C/c1ccccc1OCc1ccccc1)/C=C/c1cccc(Cl)c1Cl","O=C(/C=C/c1ccccc1OCc1ccccc1)/C=C/c1cccc(Cl)c1Cl"
"CHEMBL3410538","CCOC(=O)C1C/C(=C\c2ccc([N+](=O)[O-])cc2)C(=O)/C(=C/c2ccc([N+](=O)[O-])cc2)C1","CCOC(=O)C1C/C(=C\c2ccc([N+](=O)[O-])cc2)C(=O)/C(=C/c2ccc([N+](=O)[O-])cc2)C1"
"CHEMBL3275885","COc1cc(/C=C2\CC(C)C/C(=C\c3cc(OC)c(OCc4ccccc4)c(OC)c3)C2=O)cc(OC)c1OCc1ccccc1","COc1cc(/C=C2\CC(C)C/C(=C\c3cc(OC)c(OCc4ccccc4)c(OC)c3)C2=O)cc(OC)c1OCc1ccccc1"
"CHEMBL3797389","COc1ccc(/C=C/C(=O)/C=C/c2ccc(OCc3cn(CCOc4cc(=O)oc5ccccc45)nn3)c(OC)c2)cc1OC","COc1ccc(/C=C/C(=O)/C=C/c2ccc(OCc3cn(CCOc4cc(=O)oc5ccccc45)nn3)c(OC)c2)cc1OC"
"CHEMBL4216636","COc1ccc(/C=C2\CCC/C(=C\c3ccccc3)C2=O)c(OC)c1","COc1ccc(/C=C2\CCC/C(=C\c3ccccc3)C2=O)c(OC)c1"
"CHEMBL2396882","COc1ccc2c(c1)C=C(C(=O)/C=C/c1cc(OC)c(OC)cc1OC)CO2","COc1ccc2c(c1)C=C(C(=O)/C=C/c1cc(OC)c(OC)cc1OC)CO2"
"CHEMBL3314671","COc1ccc(OC)c(/C=C2\CS(=O)(=O)C/C(=C/c3cc(OC)ccc3OC)C2=O)c1","COc1ccc(OC)c(/C=C2\CS(=O)(=O)C/C(=C/c3cc(OC)ccc3OC)C2=O)c1"
"CHEMBL4209391","O=C1/C(=C/c2ccccc2)CCC/C1=C\c1ccccc1F","O=C1/C(=C/c2ccccc2)CCC/C1=C\c1ccccc1F"
"CHEMBL598462","COc1ccc(OC)c(OC)c1/C=C/C(=O)/C=C/c1c(OC)ccc(OC)c1OC","COc1ccc(OC)c(OC)c1/C=C/C(=O)/C=C/c1c(OC)ccc(OC)c1OC"
"CHEMBL4097502","O=C1/C(=C/c2ccc(Cl)cc2)CCC/C1=C\c1ccc(OC(=O)c2cccnc2)cc1","O=C1/C(=C/c2ccc(Cl)cc2)CCC/C1=C\c1ccc(OC(=O)c2cccnc2)cc1"
"CHEMBL1650141","N=C(N)NCCC[C@H](NC(=O)N1C/C(=C\c2ccc(Cl)c(Cl)c2)C(=O)/C(=C/c2ccc(Cl)c(Cl)c2)C1)C(=O)N[C@@H](CCCCN)C(=O)O","N=C(N)NCCC[C@H](NC(=O)N1C/C(=C\c2ccc(Cl)c(Cl)c2)C(=O)/C(=C/c2ccc(Cl)c(Cl)c2)C1)C(=O)N[C@@H](CCCCN)C(=O)O"
"CHEMBL3104701","O=C1/C(=C/c2cccc3cnccc23)CCC/C1=C\c1cccc2cnccc12","O=C1/C(=C/c2cccc3cnccc23)CCC/C1=C\c1cccc2cnccc12"
"CHEMBL1094570","O=C1/C(=C/c2cc(F)ccc2F)CCC/C1=C\c1cc(F)ccc1F","O=C1/C(=C/c2cc(F)ccc2F)CCC/C1=C\c1cc(F)ccc1F"
"CHEMBL4166775","COc1cc(/C=C2\CN(C)C/C(=C\c3cccc([N+](=O)[O-])c3)C2=O)cc(OC)c1","COc1cc(/C=C2\CN(C)C/C(=C\c3cccc([N+](=O)[O-])c3)C2=O)cc(OC)c1"
"CHEMBL478687","COc1ccccc1/C=C1\CC/C(=C\c2ccccc2OC)C1=O","COc1ccccc1/C=C1\CC/C(=C\c2ccccc2OC)C1=O"
"CHEMBL2036327","Cl.O=C1/C(=C/c2ccc(F)cc2)CNC/C1=C\c1ccc(F)cc1","Cl.O=C1/C(=C/c2ccc(F)cc2)CNC/C1=C\c1ccc(F)cc1"
"CHEMBL2315083","O=C1/C(=C/c2ccc(OCCCCN3CCOCC3)cc2)CCC/C1=C\c1ccc(OCCCCN2CCOCC2)cc1","O=C1/C(=C/c2ccc(OCCCCN3CCOCC3)cc2)CCC/C1=C\c1ccc(OCCCCN2CCOCC2)cc1"
"CHEMBL1630646","COc1cccc(/C=C/C(=O)/C=C/c2cccc(OC)c2O)c1O","COc1cccc(/C=C/C(=O)/C=C/c2cccc(OC)c2O)c1O"
"CHEMBL261261","O=C1/C(=C/c2ccc(O)c(Br)c2)CN(Cc2ccccc2)C/C1=C\c1ccc(O)c(Br)c1","O=C1/C(=C/c2ccc(O)c(Br)c2)CN(Cc2ccccc2)C/C1=C\c1ccc(O)c(Br)c1"
"CHEMBL1814476","CC1(C)C=C(CN2C/C(=C\c3ccc(F)cc3)C(=O)/C(=C/c3ccc(F)cc3)C2)C(C)(C)N1[O]","CC1(C)C=C(CN2C/C(=C\c3ccc(F)cc3)C(=O)/C(=C/c3ccc(F)cc3)C2)C(C)(C)N1[O]"
"CHEMBL2315081","O=C1/C(=C/c2ccc(OCCCCn3ccnc3)cc2)CC/C1=C\c1ccc(OCCCCn2ccnc2)cc1","O=C1/C(=C/c2ccc(OCCCCn3ccnc3)cc2)CC/C1=C\c1ccc(OCCCCn2ccnc2)cc1"
"CHEMBL523214","O=C1/C(=C/c2ccc(F)cc2)CCC/C1=C\c1cccc([N+](=O)[O-])c1","O=C1/C(=C/c2ccc(F)cc2)CCC/C1=C\c1cccc([N+](=O)[O-])c1"
"CHEMBL500522","COc1ccc(/C=C2\CCC/C(=C\c3ccccc3[N+](=O)[O-])C2=O)cc1","COc1ccc(/C=C2\CCC/C(=C\c3ccccc3[N+](=O)[O-])C2=O)cc1"
"CHEMBL3290193","O=C1/C(=C/c2ccc(N3CCCC3)cc2)CC/C1=C\c1ccc(N2CCCC2)cc1","O=C1/C(=C/c2ccc(N3CCCC3)cc2)CC/C1=C\c1ccc(N2CCCC2)cc1"
"CHEMBL3397743","CCCCCCCCCCCC(=O)N1C/C(=C\c2ccc(C(=O)OCC)cc2)C(=O)/C(=C/c2ccc(C(=O)OCC)cc2)C1","CCCCCCCCCCCC(=O)N1C/C(=C\c2ccc(C(=O)OCC)cc2)C(=O)/C(=C/c2ccc(C(=O)OCC)cc2)C1"
"CHEMBL3397740","CCCCCCCCCCCCCCCC(=O)N1C/C(=C\c2ccccc2)C(=O)/C(=C/c2ccccc2)C1","CCCCCCCCCCCCCCCC(=O)N1C/C(=C\c2ccccc2)C(=O)/C(=C/c2ccccc2)C1"
"CHEMBL1767219","CN(C)c1ccc(/C=C/C(=O)/C=C/c2ccc(N)cc2)cc1","CN(C)c1ccc(/C=C/C(=O)/C=C/c2ccc(N)cc2)cc1"
"CHEMBL1630647","CCN(CC)c1ccc(/C=C2\CCC/C(=C\c3ccc(N(CC)CC)cc3)C2=O)cc1","CCN(CC)c1ccc(/C=C2\CCC/C(=C\c3ccc(N(CC)CC)cc3)C2=O)cc1"
"CHEMBL4084013","O=C1/C(=C/c2ccc(S(F)(F)(F)(F)F)cc2)CCC/C1=C\c1ccc(S(F)(F)(F)(F)F)cc1","O=C1/C(=C/c2ccc(S(F)(F)(F)(F)F)cc2)CCC/C1=C\c1ccc(S(F)(F)(F)(F)F)cc1"
"CHEMBL477053","COc1ccccc1/C=C/C(=O)/C=C/c1ccccc1OC","COc1ccccc1/C=C/C(=O)/C=C/c1ccccc1OC"
"CHEMBL4289653","COc1cccc(/C=C2\CCC/C(=C\c3cccc(Cl)c3)C2=O)c1OC","COc1cccc(/C=C2\CCC/C(=C\c3cccc(Cl)c3)C2=O)c1OC"
"CHEMBL4168673","CN1C/C(=C\c2cccc([N+](=O)[O-])c2)C(=O)/C(=C/c2ccc(Cl)cc2Cl)C1","CN1C/C(=C\c2cccc([N+](=O)[O-])c2)C(=O)/C(=C/c2ccc(Cl)cc2Cl)C1"
"CHEMBL1650139","O=C(O)CC[C@H](NC(=O)N1C/C(=C\c2ccc(Cl)c(Cl)c2)C(=O)/C(=C/c2ccc(Cl)c(Cl)c2)C1)C(=O)N[C@@H](CC(=O)O)C(=O)O","O=C(O)CC[C@H](NC(=O)N1C/C(=C\c2ccc(Cl)c(Cl)c2)C(=O)/C(=C/c2ccc(Cl)c(Cl)c2)C1)C(=O)N[C@@H](CC(=O)O)C(=O)O"
"CHEMBL2315377","COc1cc(/C=C2\CC/C(=C\c3ccc(OCCCCN4CCCCCC4)c(OC)c3)C2=O)ccc1OCCCCN1CCCCCC1","COc1cc(/C=C2\CC/C(=C\c3ccc(OCCCCN4CCCCCC4)c(OC)c3)C2=O)ccc1OCCCCN1CCCCCC1"
"CHEMBL1631827","CCOc1ccc(Br)cc1/C=C/C(=O)/C=C/c1cc(Br)ccc1OCC","CCOc1ccc(Br)cc1/C=C/C(=O)/C=C/c1cc(Br)ccc1OCC"
"CHEMBL1767222","CN(C)c1ccc(/C=C/C(=O)/C=C/c2ccc(C(F)(F)F)cc2)cc1","CN(C)c1ccc(/C=C/C(=O)/C=C/c2ccc(C(F)(F)F)cc2)cc1"
"CHEMBL3115560","C=CCc1cc(/C=C2\CC/C(=C\c3ccc(OC4CCCCO4)c(CC=C)c3)C2=O)ccc1OC1CCCCO1","C=CCc1cc(/C=C2\CC/C(=C\c3ccc(OC4CCCCO4)c(CC=C)c3)C2=O)ccc1OC1CCCCO1"
"CHEMBL5286773","O=C1/C(=C/c2ccc([N+](=O)[O-])cc2)CC(c2ccccc2)C/C1=C\c1ccc([N+](=O)[O-])cc1","O=C1/C(=C/c2ccc([N+](=O)[O-])cc2)CC(c2ccccc2)C/C1=C\c1ccc([N+](=O)[O-])cc1"
"CHEMBL5275528","O=C1/C(=C/c2ccccc2)CN(C(=O)c2ccc(/C=C/C(=O)c3ccc(Cl)c(Cl)c3)cc2)C/C1=C\c1ccccc1","O=C1/C(=C/c2ccccc2)CN(C(=O)c2ccc(/C=C/C(=O)c3ccc(Cl)c(Cl)c3)cc2)C/C1=C\c1ccccc1"
"CHEMBL4168837","CN1C/C(=C\c2ccc(F)cc2)C(=O)/C(=C/c2cccc([N+](=O)[O-])c2)C1","CN1C/C(=C\c2ccc(F)cc2)C(=O)/C(=C/c2cccc([N+](=O)[O-])c2)C1"
"CHEMBL1800999","COc1cc(/C=C/C(=O)C(=Cc2cccc(OC)c2OC)C(=O)/C=C/c2ccc(O)c(OC)c2)ccc1O","COc1cc(/C=C/C(=O)C(=Cc2cccc(OC)c2OC)C(=O)/C=C/c2ccc(O)c(OC)c2)ccc1O"
"CHEMBL1800111","COc1ccc(/C=C/C(=O)C(=Cc2cc(OC)c(OC)c(OC)c2)C(=O)/C=C/c2ccc(OC)cc2)cc1","COc1ccc(/C=C/C(=O)C(=Cc2cc(OC)c(OC)c(OC)c2)C(=O)/C=C/c2ccc(OC)cc2)cc1"
"CHEMBL3317607","O=C(/C=C/c1ccc(Oc2ncnc3ccc(Cl)cc23)cc1)/C=C/c1ccc(Cl)c(Cl)c1","O=C(/C=C/c1ccc(Oc2ncnc3ccc(Cl)cc23)cc1)/C=C/c1ccc(Cl)c(Cl)c1"
"CHEMBL3317616","O=C(/C=C/c1cc([N+](=O)[O-])ccc1Cl)/C=C/c1ccccc1Oc1ncnc2ccc(Cl)cc12","O=C(/C=C/c1cc([N+](=O)[O-])ccc1Cl)/C=C/c1ccccc1Oc1ncnc2ccc(Cl)cc12"
"CHEMBL3973289","C=CCc1cc(/C=C2\CN(C(=O)c3ccccc3)C/C(=C\c3ccc(O)c(CC=C)c3)C2=O)ccc1O","C=CCc1cc(/C=C2\CN(C(=O)c3ccccc3)C/C(=C\c3ccc(O)c(CC=C)c3)C2=O)ccc1O"
"CHEMBL3409211","CCOc1cc(/C=C/C(=O)/C=C/c2ccc(O)c(OC)c2)ccc1O","CCOc1cc(/C=C/C(=O)/C=C/c2ccc(O)c(OC)c2)ccc1O"
"CHEMBL1767384","CN(C)c1ccc(/C=C/C(=O)/C=C/c2cc(C(F)(F)F)cc(C(F)(F)F)c2)cc1","CN(C)c1ccc(/C=C/C(=O)/C=C/c2cc(C(F)(F)F)cc(C(F)(F)F)c2)cc1"
"CHEMBL1767206","CN(C)c1ccc(/C=C/C(=O)/C=C/c2ccc([125I])cc2)cc1","CN(C)c1ccc(/C=C/C(=O)/C=C/c2ccc([125I])cc2)cc1"
"CHEMBL3410526","O=C1/C(=C/c2ccc(O)cc2)CS(=O)(=O)C/C1=C\c1ccc(O)cc1","O=C1/C(=C/c2ccc(O)cc2)CS(=O)(=O)C/C1=C\c1ccc(O)cc1"
"CHEMBL1509539","COc1cc(OC)c(OC)cc1/C=C1\CCC/C(=C\c2cc(OC)c(OC)cc2OC)C1=O","COc1cc(OC)c(OC)cc1/C=C1\CCC/C(=C\c2cc(OC)c(OC)cc2OC)C1=O"
"CHEMBL600180","COc1cc(/C=C/C(=O)/C=C/c2cccc(C#Cc3ccccc3)c2)cc(OC)c1OC","COc1cc(/C=C/C(=O)/C=C/c2cccc(C#Cc3ccccc3)c2)cc(OC)c1OC"
"CHEMBL5410528","COc1cc(/C=C/C(=O)C(=Cc2cccc(O)c2)C(=O)/C=C/c2ccc(O)c(OC)c2)ccc1O","COc1cc(/C=C/C(=O)C(=Cc2cccc(O)c2)C(=O)/C=C/c2ccc(O)c(OC)c2)ccc1O"
"CHEMBL1311740","COc1ccc(/C=C2\CN(Cc3ccccc3)C/C(=C\c3ccc(OC)cc3)C2=O)cc1","COc1ccc(/C=C2\CN(Cc3ccccc3)C/C(=C\c3ccc(OC)cc3)C2=O)cc1"
"CHEMBL4863927","O=C1/C(=C/c2cccc(C(F)(F)F)c2)CS(=O)(=O)C/C1=C\c1cccc(C(F)(F)F)c1","O=C1/C(=C/c2cccc(C(F)(F)F)c2)CS(=O)(=O)C/C1=C\c1cccc(C(F)(F)F)c1"
"CHEMBL482409","O=C1/C(=C/c2ccc(O)cc2)CCC/C1=C\c1ccc(O)cc1","O=C1/C(=C/c2ccc(O)cc2)CCC/C1=C\c1ccc(O)cc1"
"CHEMBL3314651","O=C1/C(=C/c2cccc(O)c2)CCC/C1=C\c1cccc(F)c1","O=C1/C(=C/c2cccc(O)c2)CCC/C1=C\c1cccc(F)c1"
"CHEMBL130911","O=C1/C(=C/c2ccc(O)c(O)c2)CSC/C1=C\c1ccc(O)c(O)c1","O=C1/C(=C/c2ccc(O)c(O)c2)CSC/C1=C\c1ccc(O)c(O)c1"
"CHEMBL1767224","CCN(CC)c1ccc(/C=C/C(=O)/C=C/c2ccc(N(C)C)cc2)cc1","CCN(CC)c1ccc(/C=C/C(=O)/C=C/c2ccc(N(C)C)cc2)cc1"
"CHEMBL1630642","COc1cc(OC)c(OC)cc1/C=C1\CC/C(=C\c2cc(OC)c(OC)cc2OC)C1=O","COc1cc(OC)c(OC)cc1/C=C1\CC/C(=C\c2cc(OC)c(OC)cc2OC)C1=O"
"CHEMBL1974417","O=C1/C(=C/c2ccc(OC(=O)c3ccc(Cl)cc3)cc2)CCC/C1=C\c1ccc(OC(=O)c2ccc(Cl)cc2)cc1","O=C1/C(=C/c2ccc(OC(=O)c3ccc(Cl)cc3)cc2)CCC/C1=C\c1ccc(OC(=O)c2ccc(Cl)cc2)cc1"
"CHEMBL3741019","COc1cc(/C=C/C(=O)/C=C/c2c(F)cccc2Br)ccc1O","COc1cc(/C=C/C(=O)/C=C/c2c(F)cccc2Br)ccc1O"
"CHEMBL3219856","O=C(/C=C/c1ccc(Cl)cc1)/C=C/c1ccc(OCc2ccccc2Cl)cc1","O=C(/C=C/c1ccc(Cl)cc1)/C=C/c1ccc(OCc2ccccc2Cl)cc1"
"CHEMBL1093862","O=C1/C(=C/c2cccc(Br)c2)CC/C1=C\c1cccc(Br)c1","O=C1/C(=C/c2cccc(Br)c2)CC/C1=C\c1cccc(Br)c1"
"CHEMBL4165252","CN1C/C(=C\c2cccc(Br)c2)C(=O)/C(=C/c2cccc([N+](=O)[O-])c2)C1","CN1C/C(=C\c2cccc(Br)c2)C(=O)/C(=C/c2cccc([N+](=O)[O-])c2)C1"
"CHEMBL4163730","CN1C/C(=C\c2ccc(C#N)cc2)C(=O)/C(=C/c2ccc(C(F)(F)F)cc2)C1","CN1C/C(=C\c2ccc(C#N)cc2)C(=O)/C(=C/c2ccc(C(F)(F)F)cc2)C1"
"CHEMBL3115566","COc1ccc(/C=C/C(=O)/C=C/c2ccc(OCC=C(C)C)cc2)cc1OC","COc1ccc(/C=C/C(=O)/C=C/c2ccc(OCC=C(C)C)cc2)cc1OC"
"CHEMBL1257317","COc1cc(/C=C2\CNC/C(=C\c3ccc(O)c(OC)c3)C2=O)ccc1O","COc1cc(/C=C2\CNC/C(=C\c3ccc(O)c(OC)c3)C2=O)ccc1O"
"CHEMBL4225629","CC1(C)OB([C@H](CCc2ccccc2)NC(=O)N2C/C(=C\c3ccc(F)cc3)C(=O)/C(=C/c3ccc(F)cc3)C2)OC1(C)C","CC1(C)OB([C@H](CCc2ccccc2)NC(=O)N2C/C(=C\c3ccc(F)cc3)C(=O)/C(=C/c3ccc(F)cc3)C2)OC1(C)C"
"CHEMBL1271902","O=C1/C(=C/c2ccccc2)CN(P(=O)(O)O)C/C1=C\c1ccccc1","O=C1/C(=C/c2ccccc2)CN(P(=O)(O)O)C/C1=C\c1ccccc1"
"CHEMBL1271627","CCOP(=O)(OCC)N1C/C(=C\c2ccc(C)cc2)C(=O)/C(=C/c2ccc(C)cc2)C1","CCOP(=O)(OCC)N1C/C(=C\c2ccc(C)cc2)C(=O)/C(=C/c2ccc(C)cc2)C1"
"CHEMBL600787","COc1cc(/C=C/C(=O)/C=C/c2cccc(Cl)c2)cc(OC)c1OC","COc1cc(/C=C/C(=O)/C=C/c2cccc(Cl)c2)cc(OC)c1OC"
"CHEMBL4799155","O=C1/C(=C/c2cccc(F)c2)CN(S(=O)(=O)c2ccc(C(F)(F)F)cc2)C/C1=C\c1cccc(F)c1","O=C1/C(=C/c2cccc(F)c2)CN(S(=O)(=O)c2ccc(C(F)(F)F)cc2)C/C1=C\c1cccc(F)c1"
"CHEMBL1719372","Cc1ccc(/C=C2/CNC/C(=C/c3ccc(C)cc3)C2=O)cc1.Cl","Cc1ccc(/C=C2/CNC/C(=C/c3ccc(C)cc3)C2=O)cc1.Cl"
"CHEMBL2402168","C=CCOc1ccc(/C=C/C(=O)/C=C/c2ccc(OCC=C)c(OC)c2)cc1OC","C=CCOc1ccc(/C=C/C(=O)/C=C/c2ccc(OCC=C)c(OC)c2)cc1OC"
"CHEMBL3793048","Cc1ccc(/C=C2\CCC/C(=C\c3cccc4ccccc34)C2=O)cc1","Cc1ccc(/C=C2\CCC/C(=C\c3cccc4ccccc34)C2=O)cc1"
"CHEMBL1271958","COc1ccc(/C=C2\CN(P(=O)(O)O)C/C(=C\c3ccc(OC)c(OC)c3)C2=O)cc1OC","COc1ccc(/C=C2\CN(P(=O)(O)O)C/C(=C\c3ccc(OC)c(OC)c3)C2=O)cc1OC"
"CHEMBL4175473","CN1C/C(=C\c2ccc(F)cc2)C(=O)/C(=C/c2ccc(C#N)cc2)C1","CN1C/C(=C\c2ccc(F)cc2)C(=O)/C(=C/c2ccc(C#N)cc2)C1"
"CHEMBL3797539","COc1cc(/C=C/C(=O)/C=C/c2cc(OC)c(OC)c(OC)c2)ccc1OCc1cn(CCCOc2cc(=O)oc3ccccc23)nn1","COc1cc(/C=C/C(=O)/C=C/c2cc(OC)c(OC)c(OC)c2)ccc1OCc1cn(CCCOc2cc(=O)oc3ccccc23)nn1"
"CHEMBL3397739","CCCCCCCCCCCCCC(=O)N1C/C(=C\c2ccccc2)C(=O)/C(=C/c2ccccc2)C1","CCCCCCCCCCCCCC(=O)N1C/C(=C\c2ccccc2)C(=O)/C(=C/c2ccccc2)C1"
"CHEMBL604313","C#CCOc1c(OC)cc(/C=C/C(=O)/C=C/c2cc(OC)c(OCOC)c(OC)c2)cc1OC","C#CCOc1c(OC)cc(/C=C/C(=O)/C=C/c2cc(OC)c(OCOC)c(OC)c2)cc1OC"
"CHEMBL4548881","COc1ccc(/C=C2\CN(C(=S)SCc3cn(Cc4ccccc4Cl)nn3)C/C(=C\c3ccc(OC)cc3)C2=O)cc1","COc1ccc(/C=C2\CN(C(=S)SCc3cn(Cc4ccccc4Cl)nn3)C/C(=C\c3ccc(OC)cc3)C2=O)cc1"
"CHEMBL4588086","O=C1/C(=C/c2ccccc2F)CN(C(=S)SCc2cn(Cc3ccccc3F)nn2)C/C1=C\c1ccccc1F","O=C1/C(=C/c2ccccc2F)CN(C(=S)SCc2cn(Cc3ccccc3F)nn2)C/C1=C\c1ccccc1F"
"CHEMBL4793217","O=C1/C(=C/c2ccc(F)cc2)CN(S(=O)(=O)c2ccc(O[N+](=O)[O-])cc2)C/C1=C\c1ccc(F)cc1","O=C1/C(=C/c2ccc(F)cc2)CN(S(=O)(=O)c2ccc(O[N+](=O)[O-])cc2)C/C1=C\c1ccc(F)cc1"
"CHEMBL3289925","CCOC(OCC)c1ccc(/C=C2\COC/C(=C\c3ccc(C(OCC)OCC)cc3)C2=O)cc1","CCOC(OCC)c1ccc(/C=C2\COC/C(=C\c3ccc(C(OCC)OCC)cc3)C2=O)cc1"
"CHEMBL2332978","Cc1ccc(/C=C2\CN(C(=O)C[C@H]3C[C@H]4CCCN4[C@]34C(=O)Nc3ccccc34)C/C(=C\c3ccc(C)cc3)C2=O)cc1","Cc1ccc(/C=C2\CN(C(=O)C[C@H]3C[C@H]4CCCN4[C@]34C(=O)Nc3ccccc34)C/C(=C\c3ccc(C)cc3)C2=O)cc1"
"CHEMBL3289926","CCOC(OCC)c1ccc(/C=C2\CNC/C(=C\c3ccc(C(OCC)OCC)cc3)C2=O)cc1","CCOC(OCC)c1ccc(/C=C2\CNC/C(=C\c3ccc(C(OCC)OCC)cc3)C2=O)cc1"
"CHEMBL4561573","O=C1/C(=C/c2ccccc2F)CN(Cc2cn(Cc3cccc(Cl)c3)nn2)C/C1=C\c1ccccc1F","O=C1/C(=C/c2ccccc2F)CN(Cc2cn(Cc3cccc(Cl)c3)nn2)C/C1=C\c1ccccc1F"
"CHEMBL3115569","C=CCc1cc(/C=C/C(=O)/C=C/c2ccc([N+](=O)[O-])cc2)ccc1O","C=CCc1cc(/C=C/C(=O)/C=C/c2ccc([N+](=O)[O-])cc2)ccc1O"
"CHEMBL3410531","O=C1/C(=C/c2cccc([N+](=O)[O-])c2)CS(=O)(=O)C/C1=C\c1cccc([N+](=O)[O-])c1","O=C1/C(=C/c2cccc([N+](=O)[O-])c2)CS(=O)(=O)C/C1=C\c1cccc([N+](=O)[O-])c1"
"CHEMBL2012929","O=C1/C(=C/c2ccccc2)CN(C(=O)CCCCCCC(=O)N2C/C(=C\c3ccccc3)C(=O)/C(=C/c3ccccc3)C2)C/C1=C\c1ccccc1","O=C1/C(=C/c2ccccc2)CN(C(=O)CCCCCCC(=O)N2C/C(=C\c3ccccc3)C(=O)/C(=C/c3ccccc3)C2)C/C1=C\c1ccccc1"
"CHEMBL3314670","COc1ccc(/C=C2\CS(=O)(=O)C/C(=C/c3ccc(OC)c(OC)c3)C2=O)cc1OC","COc1ccc(/C=C2\CS(=O)(=O)C/C(=C/c3ccc(OC)c(OC)c3)C2=O)cc1OC"
"CHEMBL2012933","O=C1/C(=C/c2ccccc2)CN(C(=O)c2ccccc2C(=O)N2C/C(=C\c3ccccc3)C(=O)/C(=C/c3ccccc3)C2)C/C1=C\c1ccccc1","O=C1/C(=C/c2ccccc2)CN(C(=O)c2ccccc2C(=O)N2C/C(=C\c3ccccc3)C(=O)/C(=C/c3ccccc3)C2)C/C1=C\c1ccccc1"
"CHEMBL3361235","CC1=CCCC(C)(C)C1/C=C/c1cc(C(=O)N2C/C(=C\c3ccc(OCc4ccccc4)cc3)C(=O)/C(=C/c3ccc(OCc4ccccc4)cc3)C2)no1","CC1=CCCC(C)(C)C1/C=C/c1cc(C(=O)N2C/C(=C\c3ccc(OCc4ccccc4)cc3)C(=O)/C(=C/c3ccc(OCc4ccccc4)cc3)C2)no1"
"CHEMBL2063993","COc1cc(OC)c(C=C(C(=O)/C=C/c2cccc(OC)c2OC)C(=O)/C=C/c2cccc(OC)c2OC)c(OC)c1","COc1cc(OC)c(C=C(C(=O)/C=C/c2cccc(OC)c2OC)C(=O)/C=C/c2cccc(OC)c2OC)c(OC)c1"
"CHEMBL3736471","COc1cc(/C=C/C(=O)/C=C/c2cccc(OC)c2OC)ccc1OCCCN1CCOCC1","COc1cc(/C=C/C(=O)/C=C/c2cccc(OC)c2OC)ccc1OCCCN1CCOCC1"
"CHEMBL1767217","COc1ccc(/C=C/C(=O)/C=C/c2ccc(N(C)C)cc2)cc1","COc1ccc(/C=C/C(=O)/C=C/c2ccc(N(C)C)cc2)cc1"
"CHEMBL4082529","COc1ccc(/C=C2\CCC/C(=C\c3ccc(O)cc3)C2=O)cc1","COc1ccc(/C=C2\CCC/C(=C\c3ccc(O)cc3)C2=O)cc1"
"CHEMBL1650134","O=C1/C(=C/c2ccc(Cl)c(Cl)c2)CN(C(=O)N[C@@H](Cc2ccc(O)cc2)C(=O)O)C/C1=C\c1ccc(Cl)c(Cl)c1","O=C1/C(=C/c2ccc(Cl)c(Cl)c2)CN(C(=O)N[C@@H](Cc2ccc(O)cc2)C(=O)O)C/C1=C\c1ccc(Cl)c(Cl)c1"
"CHEMBL598461","COc1ccc(/C=C/C(=O)/C=C/c2ccc(OC)c(OC)c2OC)c(OC)c1OC","COc1ccc(/C=C/C(=O)/C=C/c2ccc(OC)c(OC)c2OC)c(OC)c1OC"
"CHEMBL1970112","O=C1C(c2ccccc2)=C(c2ccccc2)C(c2ccc(Cc3ccc(C4=C(c5ccccc5)C(=O)C(c5ccccc5)=C4c4ccccc4)cc3)cc2)=C1c1ccccc1","O=C1C(c2ccccc2)=C(c2ccccc2)C(c2ccc(Cc3ccc(C4=C(c5ccccc5)C(=O)C(c5ccccc5)=C4c4ccccc4)cc3)cc2)=C1c1ccccc1"
"CHEMBL3314673","COc1ccc(/C=C2\CS(=O)(=O)C/C(=C/c3ccc(OC)c(O)c3)C2=O)cc1O","COc1ccc(/C=C2\CS(=O)(=O)C/C(=C/c3ccc(OC)c(O)c3)C2=O)cc1O"
"CHEMBL3314665","COc1ccc(/C=C2\CSC/C(=C\c3cccc(F)c3)C2=O)cc1O","COc1ccc(/C=C2\CSC/C(=C\c3cccc(F)c3)C2=O)cc1O"
"CHEMBL476455","O=C1/C(=C/c2cccc(Br)c2)CCC/C1=C\c1cccc(Br)c1","O=C1/C(=C/c2cccc(Br)c2)CCC/C1=C\c1cccc(Br)c1"
"CHEMBL1091227","COc1cc(/C=C/C(=O)/C=C/c2ccc(OC3CCCOC3)c(OC)c2)ccc1OC1CCCOC1","COc1cc(/C=C/C(=O)/C=C/c2ccc(OC3CCCOC3)c(OC)c2)ccc1OC1CCCOC1"
"CHEMBL3403490","CCCCCCCCCC(=O)Oc1ccc(/C=C/C(=O)/C=C/c2ccc(OC(=O)CCCCCCCCC)cc2)cc1","CCCCCCCCCC(=O)Oc1ccc(/C=C/C(=O)/C=C/c2ccc(OC(=O)CCCCCCCCC)cc2)cc1"
"CHEMBL3786529","COCC[S+]([O-])CCC(=O)N1C/C(=C\c2ccc(F)cc2)C(=O)/C(=C/c2ccc(F)cc2)C1","COCC[S+]([O-])CCC(=O)N1C/C(=C\c2ccc(F)cc2)C(=O)/C(=C/c2ccc(F)cc2)C1"
"CHEMBL3410529","N#Cc1ccc(/C=C2\CS(=O)(=O)C/C(=C\c3ccc(C#N)cc3)C2=O)cc1","N#Cc1ccc(/C=C2\CS(=O)(=O)C/C(=C\c3ccc(C#N)cc3)C2=O)cc1"
"CHEMBL3410540","O=C1/C(=C/c2ccc([N+](=O)[O-])cc2)CSC/C1=C\c1ccc([N+](=O)[O-])cc1","O=C1/C(=C/c2ccc([N+](=O)[O-])cc2)CSC/C1=C\c1ccc([N+](=O)[O-])cc1"
"CHEMBL3361233","COc1ccc(/C=C2\CN(C(=O)c3cc(/C=C/C4C(C)=CCCC4(C)C)on3)C/C(=C\c3ccc(OC)c(OC)c3)C2=O)cc1OC","COc1ccc(/C=C2\CN(C(=O)c3cc(/C=C/C4C(C)=CCCC4(C)C)on3)C/C(=C\c3ccc(OC)c(OC)c3)C2=O)cc1OC"
"CHEMBL4104699","CCC(=O)Oc1ccc(/C=C2\CC/C(=C\c3ccc(N4CCCC4)cc3)C2=O)cc1OC","CCC(=O)Oc1ccc(/C=C2\CC/C(=C\c3ccc(N4CCCC4)cc3)C2=O)cc1OC"
"CHEMBL570628","CCOC(=O)[C@H](CC(C)C)NC(=O)/C=C\C(=O)N1C/C(=C\c2ccc([N+](=O)[O-])cc2)C(=O)/C(=C/c2ccc([N+](=O)[O-])cc2)C1","CCOC(=O)[C@H](CC(C)C)NC(=O)/C=C\C(=O)N1C/C(=C\c2ccc([N+](=O)[O-])cc2)C(=O)/C(=C/c2ccc([N+](=O)[O-])cc2)C1"
"CHEMBL1650133","O=C1/C(=C/c2ccc(Cl)c(Cl)c2)CN(C(=O)N[C@@H](Cc2ccccc2)C(=O)O)C/C1=C\c1ccc(Cl)c(Cl)c1","O=C1/C(=C/c2ccc(Cl)c(Cl)c2)CN(C(=O)N[C@@H](Cc2ccccc2)C(=O)O)C/C1=C\c1ccc(Cl)c(Cl)c1"
"CHEMBL1288762","COc1cc(/C=C/C(=O)/C=C/c2ccc(F)cc2)ccc1OCc1cn([C@H]2C[C@H](n3cc(C)c(=O)[nH]c3=O)O[C@@H]2CO)nn1","COc1cc(/C=C/C(=O)/C=C/c2ccc(F)cc2)ccc1OCc1cn([C@H]2C[C@H](n3cc(C)c(=O)[nH]c3=O)O[C@@H]2CO)nn1"
"CHEMBL1098227","C=C(Br)C(=O)Nc1cccc(/C=C2\CCCCC/C(=C\c3cccc(NC(=O)C(=C)Br)c3)C2=O)c1","C=C(Br)C(=O)Nc1cccc(/C=C2\CCCCC/C(=C\c3cccc(NC(=O)C(=C)Br)c3)C2=O)c1"
"CHEMBL2380672","O=C1/C(=C/c2ccccc2F)CN(C(=O)[C@H]2C[C@H]3CCCN3[C@]23C(=O)Nc2cc(Cl)ccc23)C/C1=C\c1ccccc1F","O=C1/C(=C/c2ccccc2F)CN(C(=O)[C@H]2C[C@H]3CCCN3[C@]23C(=O)Nc2cc(Cl)ccc23)C/C1=C\c1ccccc1F"
"CHEMBL2380668","O=C1/C(=C/c2ccccc2)CN(C(=O)[C@H]2C[C@H]3CCCN3[C@]23C(=O)Nc2cc(Cl)ccc23)C/C1=C\c1ccccc1","O=C1/C(=C/c2ccccc2)CN(C(=O)[C@H]2C[C@H]3CCCN3[C@]23C(=O)Nc2cc(Cl)ccc23)C/C1=C\c1ccccc1"
"CHEMBL2380676","O=C1/C(=C/c2ccc(Cl)cc2)CN(C(=O)[C@H]2C[C@H]3CCCN3[C@]23C(=O)Nc2cc(Cl)ccc23)C/C1=C\c1ccc(Cl)cc1","O=C1/C(=C/c2ccc(Cl)cc2)CN(C(=O)[C@H]2C[C@H]3CCCN3[C@]23C(=O)Nc2cc(Cl)ccc23)C/C1=C\c1ccc(Cl)cc1"
"CHEMBL3361232","COc1ccccc1/C=C1\CN(C(=O)c2cc(/C=C/C3C(C)=CCCC3(C)C)on2)C/C(=C\c2ccccc2OC)C1=O","COc1ccccc1/C=C1\CN(C(=O)c2cc(/C=C/C3C(C)=CCCC3(C)C)on2)C/C(=C\c2ccccc2OC)C1=O"
"CHEMBL598920","COc1cc(/C=C/C(=O)/C=C/c2cc(OC)c(OCCN=[N+]=[N-])c(OC)c2)cc(OC)c1OCCN=[N+]=[N-]","COc1cc(/C=C/C(=O)/C=C/c2cc(OC)c(OCCN=[N+]=[N-])c(OC)c2)cc(OC)c1OCCN=[N+]=[N-]"
"CHEMBL3115571","C=CCc1cc(/C=C/C(=O)/C=C/c2ccc(C(F)(F)F)cc2)ccc1OC","C=CCc1cc(/C=C/C(=O)/C=C/c2ccc(C(F)(F)F)cc2)ccc1OC"
"CHEMBL2148113","CCCN1C/C(=C\c2ccc(O)c(O)c2)C(=O)/C(=C/c2ccc(O)c(O)c2)C1","CCCN1C/C(=C\c2ccc(O)c(O)c2)C(=O)/C(=C/c2ccc(O)c(O)c2)C1"
"CHEMBL6191034","CCOP(=O)(CCCCn1cc(CN2C/C(=C\c3ccc(C#N)cc3)C(=O)/C(=C/c3ccc(C#N)cc3)C2)nn1)OCC","CCOP(=O)(CCCCn1cc(CN2C/C(=C\c3ccc(C#N)cc3)C(=O)/C(=C/c3ccc(C#N)cc3)C2)nn1)OCC"
"CHEMBL3275876","COc1cc(/C=C2\CC/C(=C\c3cc(OC)c(OCc4ccccc4)c(OC)c3)C2=O)cc(OC)c1OCc1ccccc1","COc1cc(/C=C2\CC/C(=C\c3cc(OC)c(OCc4ccccc4)c(OC)c3)C2=O)cc(OC)c1OCc1ccccc1"
"CHEMBL5647020","O=C(CN1C/C(=C\c2ccccc2Br)C(=O)/C(=C/c2ccccc2Br)C1)NCCOCCOCCNc1cccc2c1C(=O)N(C1CCC(=O)NC1=O)C2=O","O=C(CN1C/C(=C\c2ccccc2Br)C(=O)/C(=C/c2ccccc2Br)C1)NCCOCCOCCNc1cccc2c1C(=O)N(C1CCC(=O)NC1=O)C2=O"
"CHEMBL2315372","O=C1/C(=C/c2ccc(OCCCCN3CCCCC3)cc2)CCC/C1=C\c1ccc(OCCCCN2CCCCC2)cc1","O=C1/C(=C/c2ccc(OCCCCN3CCCCC3)cc2)CCC/C1=C\c1ccc(OCCCCN2CCCCC2)cc1"
"CHEMBL2012927","O=C1/C(=C/c2ccccc2)CN(C(=O)CCC(=O)N2C/C(=C\c3ccccc3)C(=O)/C(=C/c3ccccc3)C2)C/C1=C\c1ccccc1","O=C1/C(=C/c2ccccc2)CN(C(=O)CCC(=O)N2C/C(=C\c3ccccc3)C(=O)/C(=C/c3ccccc3)C2)C/C1=C\c1ccccc1"
"CHEMBL4442103","COc1cc(/C=C2/C(=O)/C(=C/c3cc(OC)c(OC)c(OC)c3)c3ccccc32)cc(OC)c1OC","COc1cc(/C=C2/C(=O)/C(=C/c3cc(OC)c(OC)c(OC)c3)c3ccccc32)cc(OC)c1OC"
"CHEMBL3105849","COc1ccc(/C=C/C(=O)/C(C)=C/c2ccc(N(C)C)cc2)cc1","COc1ccc(/C=C/C(=O)/C(C)=C/c2ccc(N(C)C)cc2)cc1"
"CHEMBL1974609","O=C1/C(=C/c2ccccc2)CN(C(=O)OCC(Cl)(Cl)Cl)C/C1=C\c1ccccc1","O=C1/C(=C/c2ccccc2)CN(C(=O)OCC(Cl)(Cl)Cl)C/C1=C\c1ccccc1"
"CHEMBL4164329","COc1ccc(/C=C2\CCC/C(=C\c3ccc(O)c(Br)c3)C2=O)cc1OC","COc1ccc(/C=C2\CCC/C(=C\c3ccc(O)c(Br)c3)C2=O)cc1OC"
"CHEMBL4102065","CCC(=O)Oc1ccc(/C=C/C(=O)/C=C/c2ccc(OC(=O)CC)c(OC)c2)cc1OC","CCC(=O)Oc1ccc(/C=C/C(=O)/C=C/c2ccc(OC(=O)CC)c(OC)c2)cc1OC"
"CHEMBL1190487","Cc1ccc(/C=C2\CN(C(=O)c3ccc(OCCN(C)C)cc3)C/C(=C\c3ccc(C)cc3)C2=O)cc1","Cc1ccc(/C=C2\CN(C(=O)c3ccc(OCCN(C)C)cc3)C/C(=C\c3ccc(C)cc3)C2=O)cc1"
"CHEMBL4289700","CCN(CC)c1ccc(/C=C2\CC/C(=C\c3ccc(N(CCOCCOCCOCCOC)CCOCCOCCOCCOC)cc3)C2=O)cc1","CCN(CC)c1ccc(/C=C2\CC/C(=C\c3ccc(N(CCOCCOCCOCCOC)CCOCCOCCOCCOC)cc3)C2=O)cc1"
"CHEMBL3290191","O=C1/C(=C\c2ccc(N3CCCC3)cc2)CN(Cc2ccccc2)C/C1=C\c1ccc(N2CCCC2)cc1","O=C1/C(=C\c2ccc(N3CCCC3)cc2)CN(Cc2ccccc2)C/C1=C\c1ccc(N2CCCC2)cc1"
"CHEMBL1388542","CN(C)c1ccc(/C=C2\CCC/C(=C\c3ccccc3)C2=O)cc1","CN(C)c1ccc(/C=C2\CCC/C(=C\c3ccccc3)C2=O)cc1"
"CHEMBL3741815","COc1ccc(Br)c(/C=C/C(=O)/C=C/c2ccc(O)c(OC)c2)c1","COc1ccc(Br)c(/C=C/C(=O)/C=C/c2ccc(O)c(OC)c2)c1"
"CHEMBL1767187","CN(C)c1ccc(/C=C/C(=O)/C=C/c2cccc(OC(c3ccccc3)(c3ccccc3)c3ccccc3)c2)cc1","CN(C)c1ccc(/C=C/C(=O)/C=C/c2cccc(OC(c3ccccc3)(c3ccccc3)c3ccccc3)c2)cc1"
"CHEMBL280042","O=C(/C=C/c1c(Cl)cccc1Cl)/C=C/c1c(Cl)cccc1Cl","O=C(/C=C/c1c(Cl)cccc1Cl)/C=C/c1c(Cl)cccc1Cl"
"CHEMBL4175219","COc1cc(/C=C2\CN(C)C/C(=C\c3ccc(C#N)cc3)C2=O)cc(OC)c1OC","COc1cc(/C=C2\CN(C)C/C(=C\c3ccc(C#N)cc3)C2=O)cc(OC)c1OC"
"CHEMBL4105204","O=C1/C(=C/c2ccccc2)CCC/C1=C\c1ccc(OC(=O)c2ccccc2)cc1","O=C1/C(=C/c2ccccc2)CCC/C1=C\c1ccc(OC(=O)c2ccccc2)cc1"
"CHEMBL1091273","O=C1/C(=C\c2ccccc2C(=O)O)CCC/C1=C\c1ccccc1C(=O)O","O=C1/C(=C\c2ccccc2C(=O)O)CCC/C1=C\c1ccccc1C(=O)O"
"CHEMBL4643807","CN(C)c1ccc(/C=C2\CN(C(=O)C(Cl)Cl)C/C(=C\c3ccc(N(C)C)cc3)C2=O)cc1","CN(C)c1ccc(/C=C2\CN(C(=O)C(Cl)Cl)C/C(=C\c3ccc(N(C)C)cc3)C2=O)cc1"
"CHEMBL4078788","COc1cc(/C=C/C(=O)/C=C/c2ccc(N3CCCC3)cc2)ccc1O","COc1cc(/C=C/C(=O)/C=C/c2ccc(N3CCCC3)cc2)ccc1O"
"CHEMBL4292516","COc1cccc(/C=C2\CCC/C(=C\c3cccc(OC)c3OC)C2=O)c1","COc1cccc(/C=C2\CCC/C(=C\c3cccc(OC)c3OC)C2=O)c1"
"CHEMBL4279628","COc1ccc(/C=C2\CCC/C(=C\c3ccc(Cl)cc3)C2=O)cc1OC","COc1ccc(/C=C2\CCC/C(=C\c3ccc(Cl)cc3)C2=O)cc1OC"
"CHEMBL4283976","COc1cc(/C=C2\CCC/C(=C\c3cccc(OC)c3OC)C2=O)cc(OC)c1","COc1cc(/C=C2\CCC/C(=C\c3cccc(OC)c3OC)C2=O)cc(OC)c1"
"CHEMBL4287965","COc1ccc(/C=C2\CCC/C(=C\c3ccc(OC)c(OC)c3)C2=O)cc1","COc1ccc(/C=C2\CCC/C(=C\c3ccc(OC)c(OC)c3)C2=O)cc1"
"CHEMBL4072055","O=C1/C(=C/c2ccccc2)CCC/C1=C\c1ccc(O)cc1","O=C1/C(=C/c2ccccc2)CCC/C1=C\c1ccc(O)cc1"
"CHEMBL507146","O=C1C(C2=C3C(=Nc4ccccc43)/C(=C\c3ccc(O)cc3)C2=O)=C2C(=Nc3ccccc32)/C1=C\c1ccc(O)cc1","O=C1C(C2=C3C(=Nc4ccccc43)/C(=C\c3ccc(O)cc3)C2=O)=C2C(=Nc3ccccc32)/C1=C\c1ccc(O)cc1"
"CHEMBL1767208","Nc1ccc(/C=C/C(=O)/C=C/c2ccc([125I])cc2)cc1","Nc1ccc(/C=C/C(=O)/C=C/c2ccc([125I])cc2)cc1"
"CHEMBL1767200","Nc1ccc(/C=C/C(=O)/C=C/c2ccc(I)cc2)cc1","Nc1ccc(/C=C/C(=O)/C=C/c2ccc(I)cc2)cc1"
"CHEMBL1974242","O=C(C=Cc1ccc2c(c1)OCO2)C=Cc1ccc2c(c1)OCO2","O=C(C=Cc1ccc2c(c1)OCO2)C=Cc1ccc2c(c1)OCO2"
"CHEMBL5284906","COc1cc(/C=C/C(=O)N2C/C(=C\c3ccccc3)C(=O)/C(=C/c3ccccc3)C2)cc(OC)c1OC","COc1cc(/C=C/C(=O)N2C/C(=C\c3ccccc3)C(=O)/C(=C/c3ccccc3)C2)cc(OC)c1OC"
"CHEMBL1951691","COc1cc(/C=C2\CCC/C(=C\c3ccc([N+](=O)[O-])cc3)C2=O)cc(Br)c1OC","COc1cc(/C=C2\CCC/C(=C\c3ccc([N+](=O)[O-])cc3)C2=O)cc(Br)c1OC"
"CHEMBL1951549","CCCCOc1c(Br)cc(/C=C2\CCC/C(=C\c3cccc([N+](=O)[O-])c3)C2=O)cc1OC","CCCCOc1c(Br)cc(/C=C2\CCC/C(=C\c3cccc([N+](=O)[O-])c3)C2=O)cc1OC"
"CHEMBL1989023","O=C1/C(=C/c2ccccc2)CN(C(=O)Oc2ccccc2)C/C1=C\c1ccccc1","O=C1/C(=C/c2ccccc2)CN(C(=O)Oc2ccccc2)C/C1=C\c1ccccc1"
"CHEMBL151677","O=C1/C(=C/c2ccc(N3CC3)cc2)CNC/C1=C\c1ccc(N2CC2)cc1","O=C1/C(=C/c2ccc(N3CC3)cc2)CNC/C1=C\c1ccc(N2CC2)cc1"
"CHEMBL237431","Cc1ccc(NC(=O)/C=C/C(=O)N2C/C(=C\c3ccc([N+](=O)[O-])cc3)C(=O)/C(=C/c3ccc([N+](=O)[O-])cc3)C2)cc1","Cc1ccc(NC(=O)/C=C/C(=O)N2C/C(=C\c3ccc([N+](=O)[O-])cc3)C(=O)/C(=C/c3ccc([N+](=O)[O-])cc3)C2)cc1"
"CHEMBL237430","O=C(/C=C/C(=O)N1C/C(=C\c2ccc([N+](=O)[O-])cc2)C(=O)/C(=C/c2ccc([N+](=O)[O-])cc2)C1)Nc1ccc(Cl)cc1","O=C(/C=C/C(=O)N1C/C(=C\c2ccc([N+](=O)[O-])cc2)C(=O)/C(=C/c2ccc([N+](=O)[O-])cc2)C1)Nc1ccc(Cl)cc1"
"CHEMBL4451062","COc1ccc(OC)c(/C=C2\CN(C(=O)OC(C)(C)C)C/C(=C\c3cc(OC)ccc3OC)C2=O)c1","COc1ccc(OC)c(/C=C2\CN(C(=O)OC(C)(C)C)C/C(=C\c3cc(OC)ccc3OC)C2=O)c1"
"CHEMBL1767186","CN(C)c1ccc(/C=C/C(=O)/C=C/c2cc([N+](=O)[O-])ccc2OCc2ccccc2)cc1","CN(C)c1ccc(/C=C/C(=O)/C=C/c2cc([N+](=O)[O-])ccc2OCc2ccccc2)cc1"
"CHEMBL2005090","O=C1C(c2ccccc2)=C(c2ccccc2)C(c2ccc(CCCCCCc3ccc(C4=C(c5ccccc5)C(=O)C(c5ccccc5)=C4c4ccccc4)cc3)cc2)=C1c1ccccc1","O=C1C(c2ccccc2)=C(c2ccccc2)C(c2ccc(CCCCCCc3ccc(C4=C(c5ccccc5)C(=O)C(c5ccccc5)=C4c4ccccc4)cc3)cc2)=C1c1ccccc1"
"CHEMBL485637","O=C1/C(=C/c2ccc3ccccc3c2)CCC/C1=C\c1ccc2ccccc2c1","O=C1/C(=C/c2ccc3ccccc3c2)CCC/C1=C\c1ccc2ccccc2c1"
"CHEMBL150815","O=C1/C(=C\c2ccccc2)CC(O)(c2nc3ccccc3s2)C/C1=C/c1ccccc1","O=C1/C(=C\c2ccccc2)CC(O)(c2nc3ccccc3s2)C/C1=C/c1ccccc1"
"CHEMBL3115565","C=CCOc1ccc(/C=C/C(=O)/C=C/c2ccc(OC)c(OC)c2)cc1","C=CCOc1ccc(/C=C/C(=O)/C=C/c2ccc(OC)c(OC)c2)cc1"
"CHEMBL3115568","C=CCc1cc(/C=C/C(=O)/C=C/c2ccc(OC)c(OC)c2)ccc1O","C=CCc1cc(/C=C/C(=O)/C=C/c2ccc(OC)c(OC)c2)ccc1O"
"CHEMBL3115550","C=CCc1cc(/C=C/C(=O)/C=C/c2c(F)cccc2Br)ccc1OC","C=CCc1cc(/C=C/C(=O)/C=C/c2c(F)cccc2Br)ccc1OC"
"CHEMBL5271995","COc1ccc(/C=C2\CC(C)C/C(=C\c3ccc(OC)c(OC)c3)C2=O)cc1OC","COc1ccc(/C=C2\CC(C)C/C(=C\c3ccc(OC)c(OC)c3)C2=O)cc1OC"
"CHEMBL5193548","Cc1cccc(/C=C2\COC/C(=C\c3cccc(C)c3)C2=O)c1","Cc1cccc(/C=C2\COC/C(=C\c3cccc(C)c3)C2=O)c1"
"CHEMBL2235197","CC(=O)Oc1ccc(/C=C2\CCC/C(=C\c3ccc(OC(C)=O)c(OC(C)=O)c3)C2=O)cc1OC(C)=O","CC(=O)Oc1ccc(/C=C2\CCC/C(=C\c3ccc(OC(C)=O)c(OC(C)=O)c3)C2=O)cc1OC(C)=O"
"CHEMBL1762680","O=C1C=C(c2ccccc2)C(=O)C(c2ccc(C(F)(F)F)cc2)=C1","O=C1C=C(c2ccccc2)C(=O)C(c2ccc(C(F)(F)F)cc2)=C1"
"CHEMBL3309955","O=C1/C(=C/c2ccc(N3CCCC3)cc2)CNC/C1=C\c1ccc(N2CCCC2)cc1","O=C1/C(=C/c2ccc(N3CCCC3)cc2)CNC/C1=C\c1ccc(N2CCCC2)cc1"
"CHEMBL4164835","CN1C/C(=C\c2ccc(C(F)(F)F)cc2)C(=O)/C(=C/c2cccc([N+](=O)[O-])c2)C1","CN1C/C(=C\c2ccc(C(F)(F)F)cc2)C(=O)/C(=C/c2cccc([N+](=O)[O-])c2)C1"
"CHEMBL3752756","COc1ccc(/C=C2\CCC/C(=C\c3ccc(O)c(OC)c3)C2=O)c(OC)c1","COc1ccc(/C=C2\CCC/C(=C\c3ccc(O)c(OC)c3)C2=O)c(OC)c1"
"CHEMBL1802457","Cc1ccccc1CN1C/C(=C\c2ccc(O)c(Br)c2)C(=O)/C(=C/c2ccc(O)c(Br)c2)C1","Cc1ccccc1CN1C/C(=C\c2ccc(O)c(Br)c2)C(=O)/C(=C/c2ccc(O)c(Br)c2)C1"
"CHEMBL4745891","Cc1ccc(S(=O)(=O)N2C/C(=C\c3ccc(F)cc3)C(=O)/C(=C/c3ccc(F)cc3)C2)cc1","Cc1ccc(S(=O)(=O)N2C/C(=C\c3ccc(F)cc3)C(=O)/C(=C/c3ccc(F)cc3)C2)cc1"
"CHEMBL4748969","CCOP(=O)(OCC)C(c1ccc(F)cc1)N1C/C(=C\c2ccc(OC)cc2)C(=O)/C(=C/c2ccc(OC)cc2)C1","CCOP(=O)(OCC)C(c1ccc(F)cc1)N1C/C(=C\c2ccc(OC)cc2)C(=O)/C(=C/c2ccc(OC)cc2)C1"
"CHEMBL2316143","COc1cc(/C=C2\CCC/C(=C\c3ccccc3F)C2=O)cc(OC)c1","COc1cc(/C=C2\CCC/C(=C\c3ccccc3F)C2=O)cc(OC)c1"
"CHEMBL3104705","O=C1/C(=C/c2ccc(Cn3cc(-c4ccccc4)nn3)cc2)CC/C1=C\c1ccc(Cn2cc(-c3ccccc3)nn2)cc1","O=C1/C(=C/c2ccc(Cn3cc(-c4ccccc4)nn3)cc2)CC/C1=C\c1ccc(Cn2cc(-c3ccccc3)nn2)cc1"
"CHEMBL3105858","C/C(=C\c1ccccc1)C(=O)/C=C/c1ccc([N+](=O)[O-])cc1","C/C(=C\c1ccccc1)C(=O)/C=C/c1ccc([N+](=O)[O-])cc1"
"CHEMBL3735698","COc1cc(/C=C2\CC/C(=C\c3ccc(OCCCN4CCOCC4)c(OC)c3)C2=O)ccc1OCCCN1CCOCC1","COc1cc(/C=C2\CC/C(=C\c3ccc(OCCCN4CCOCC4)c(OC)c3)C2=O)ccc1OCCCN1CCOCC1"
"CHEMBL5205976","CCC(=O)N1C/C(=C\c2ccc([N+](=O)[O-])cc2)C(=O)/C(=C/c2ccc([N+](=O)[O-])cc2)C1","CCC(=O)N1C/C(=C\c2ccc([N+](=O)[O-])cc2)C(=O)/C(=C/c2ccc([N+](=O)[O-])cc2)C1"
"CHEMBL1966856","COc1ccc(/C=C2\CN(C)C/C(=C\c3ccc(OC)cc3)C2=O)cc1.Cl","COc1ccc(/C=C2\CN(C)C/C(=C\c3ccc(OC)cc3)C2=O)cc1.Cl"
"CHEMBL4550349","COc1ccc(NC(=O)COc2ccc(/C=C/C(=O)/C=C/c3ccc(OCC(=O)Nc4ccc(OC)cc4)c(OC)c3)cc2OC)cc1","COc1ccc(NC(=O)COc2ccc(/C=C/C(=O)/C=C/c3ccc(OCC(=O)Nc4ccc(OC)cc4)c(OC)c3)cc2OC)cc1"
"CHEMBL4068885","COc1cc(/C=C2\COC/C(=C\c3ccc(OC(=O)C(C)C)c(OC)c3)C2=O)ccc1OC(=O)C(C)C","COc1cc(/C=C2\COC/C(=C\c3ccc(OC(=O)C(C)C)c(OC)c3)C2=O)ccc1OC(=O)C(C)C"
"CHEMBL3309950","CN(C)c1ccc(/C=C2\CN(Cc3ccccc3)C/C(=C\c3ccc(N(C)C)cc3[N+](=O)[O-])C2=O)c([N+](=O)[O-])c1","CN(C)c1ccc(/C=C2\CN(Cc3ccccc3)C/C(=C\c3ccc(N(C)C)cc3[N+](=O)[O-])C2=O)c([N+](=O)[O-])c1"
"CHEMBL2234025","COc1cc(/C=C2\CC/C(=C\c3ccc(OC(C)=O)c(OC)c3)C2=O)ccc1OC(C)=O","COc1cc(/C=C2\CC/C(=C\c3ccc(OC(C)=O)c(OC)c3)C2=O)ccc1OC(C)=O"
"CHEMBL5288673","O=C1/C(=C/c2cccc(/N=C/c3ccc(O)c(O)c3O)c2)CCC/C1=C\c1cccc(/N=C/c2ccc(O)c(O)c2O)c1","O=C1/C(=C/c2cccc(/N=C/c3ccc(O)c(O)c3O)c2)CCC/C1=C\c1cccc(/N=C/c2ccc(O)c(O)c2O)c1"
"CHEMBL4637764","O=C1/C(=C/c2ccc3c(c2)OCO3)CN(C(=O)c2cc(Cc3n[nH]c(=O)c4ccccc34)ccc2F)C/C1=C\c1ccc2c(c1)OCO2","O=C1/C(=C/c2ccc3c(c2)OCO3)CN(C(=O)c2cc(Cc3n[nH]c(=O)c4ccccc34)ccc2F)C/C1=C\c1ccc2c(c1)OCO2"
"CHEMBL258624","O=C(/C=C/c1ccc(O)c(C(=O)O)c1)/C=C/c1ccc(O)c(C(=O)O)c1","O=C(/C=C/c1ccc(O)c(C(=O)O)c1)/C=C/c1ccc(O)c(C(=O)O)c1"
"CHEMBL598507","C=C1CC2CC(C1)/C(=C\c1ccc(OC)c(OC)c1)C(=O)/C2=C/c1ccc(OC)c(OC)c1","C=C1CC2CC(C1)/C(=C\c1ccc(OC)c(OC)c1)C(=O)/C2=C/c1ccc(OC)c(OC)c1"
"CHEMBL4228991","CC(C)C[C@H](NC(=O)[C@H](Cc1ccccc1)NC(=O)N1C/C(=C\c2ccc(F)cc2)C(=O)/C(=C/c2ccc(F)cc2)C1)B(O)O","CC(C)C[C@H](NC(=O)[C@H](Cc1ccccc1)NC(=O)N1C/C(=C\c2ccc(F)cc2)C(=O)/C(=C/c2ccc(F)cc2)C1)B(O)O"
"CHEMBL4173511","CC(=O)Nc1ccc(S(=O)(=O)N2C/C(=C\c3cccc([N+](=O)[O-])c3)C(=O)/C(=C/c3ccccc3F)C2)cc1","CC(=O)Nc1ccc(S(=O)(=O)N2C/C(=C\c3cccc([N+](=O)[O-])c3)C(=O)/C(=C/c3ccccc3F)C2)cc1"
"CHEMBL2332975","O=C1/C(=C/c2ccccc2F)CN(C(=O)C[C@H]2C[C@H]3CCCN3[C@]23C(=O)Nc2ccccc23)C/C1=C\c1ccccc1F","O=C1/C(=C/c2ccccc2F)CN(C(=O)C[C@H]2C[C@H]3CCCN3[C@]23C(=O)Nc2ccccc23)C/C1=C\c1ccccc1F"
"CHEMBL2316144","COc1cc(/C=C2\CCC/C(=C\c3ccccc3Br)C2=O)cc(OC)c1","COc1cc(/C=C2\CCC/C(=C\c3ccccc3Br)C2=O)cc(OC)c1"
"CHEMBL1254955","O=C1/C(=C/c2ccccc2F)CN(C(=O)C2CCCCC2C(=O)O)C/C1=C\c1ccccc1F","O=C1/C(=C/c2ccccc2F)CN(C(=O)C2CCCCC2C(=O)O)C/C1=C\c1ccccc1F"
"CHEMBL1968170","O=C1/C(=C/c2ccc(O)c(CN3CCCCC3)c2)CCC/C1=C\c1ccc(O)c(CN2CCCCC2)c1","O=C1/C(=C/c2ccc(O)c(CN3CCCCC3)c2)CCC/C1=C\c1ccc(O)c(CN2CCCCC2)c1"
"CHEMBL4438574","CC(C)(C)OC(=O)N1C/C(=C\c2ccccc2C(F)(F)F)C(=O)/C(=C/c2ccccc2C(F)(F)F)C1","CC(C)(C)OC(=O)N1C/C(=C\c2ccccc2C(F)(F)F)C(=O)/C(=C/c2ccccc2C(F)(F)F)C1"
"CHEMBL227547","Cc1ccc(/C=C2\CNC/C(=C\c3ccc(C)cc3)C2=O)cc1","Cc1ccc(/C=C2\CNC/C(=C\c3ccc(C)cc3)C2=O)cc1"
"CHEMBL4289185","COc1cccc(/C=C2\CCC/C(=C\c3ccc(O)cc3)C2=O)c1OC","COc1cccc(/C=C2\CCC/C(=C\c3ccc(O)cc3)C2=O)c1OC"
"CHEMBL4288721","COc1ccc(/C=C2\CCC/C(=C\c3cc(Cl)cc(Cl)c3)C2=O)cc1OC","COc1ccc(/C=C2\CCC/C(=C\c3cc(Cl)cc(Cl)c3)C2=O)cc1OC"
"CHEMBL4286266","COc1ccc(/C=C2\CCC/C(=C\c3ccccc3Cl)C2=O)cc1OC","COc1ccc(/C=C2\CCC/C(=C\c3ccccc3Cl)C2=O)cc1OC"
"CHEMBL584437","COc1ccc(/C=C/C(=O)/C=C/c2ccc(OC)cc2)cc1","COc1ccc(/C=C/C(=O)/C=C/c2ccc(OC)cc2)cc1"
"CHEMBL3289930","CCOC(OCC)c1ccc(/C=C2\CC/C(=C\c3ccc(C(OCC)OCC)cc3)C2=O)cc1","CCOC(OCC)c1ccc(/C=C2\CC/C(=C\c3ccc(C(OCC)OCC)cc3)C2=O)cc1"
"CHEMBL3317611","O=C(/C=C/c1ccc(Oc2ncnc3ccc(Cl)cc23)cc1)/C=C/c1cc([N+](=O)[O-])ccc1Cl","O=C(/C=C/c1ccc(Oc2ncnc3ccc(Cl)cc23)cc1)/C=C/c1cc([N+](=O)[O-])ccc1Cl"
"CHEMBL1271788","CCOP(=O)(OCC)N1C/C(=C\c2ccc([N+](=O)[O-])cc2)C(=O)/C(=C/c2ccc([N+](=O)[O-])cc2)C1","CCOP(=O)(OCC)N1C/C(=C\c2ccc([N+](=O)[O-])cc2)C(=O)/C(=C/c2ccc([N+](=O)[O-])cc2)C1"
"CHEMBL345710","N=C(N)c1ccc(/C=C2\CC(C(=O)O)C/C(=C\c3ccc(C(=N)N)cc3)C2=O)cc1","N=C(N)c1ccc(/C=C2\CC(C(=O)O)C/C(=C\c3ccc(C(=N)N)cc3)C2=O)cc1"
"CHEMBL539712","CCn1c2ccccc2c2cc(/C=C(\C(=O)/C=C/C3=C(C)CCCC3(C)C)C(=O)/C=C/c3ccc(O)c(OC)c3)ccc21","CCn1c2ccccc2c2cc(/C=C(\C(=O)/C=C/C3=C(C)CCCC3(C)C)C(=O)/C=C/c3ccc(O)c(OC)c3)ccc21"
"CHEMBL2002719","CC1C/C(=C\c2ccc(OC(=O)C(C)(C)C)cc2)C(=O)/C(=C/c2ccc(OC(=O)C(C)(C)C)cc2)C1","CC1C/C(=C\c2ccc(OC(=O)C(C)(C)C)cc2)C(=O)/C(=C/c2ccc(OC(=O)C(C)(C)C)cc2)C1"
"CHEMBL3289938","CN(C)c1ccc(/C=C2/CN(Cc3ccccc3)C/C(=C\c3ccc(N(C)C)cc3[N+](=O)[O-])C2=O)c([N+](=O)[O-])c1","CN(C)c1ccc(/C=C2/CN(Cc3ccccc3)C/C(=C\c3ccc(N(C)C)cc3[N+](=O)[O-])C2=O)c([N+](=O)[O-])c1"
"CHEMBL4077680","COc1cc(/C=C2\CC/C(=C\c3ccc(N4CCCC4)cc3)C2=O)ccc1OC(=O)C(C)C","COc1cc(/C=C2\CC/C(=C\c3ccc(N4CCCC4)cc3)C2=O)ccc1OC(=O)C(C)C"
"CHEMBL4074517","COc1cc(/C=C2\CC/C(=C\c3ccccc3Br)C2=O)ccc1O","COc1cc(/C=C2\CC/C(=C\c3ccccc3Br)C2=O)ccc1O"
"CHEMBL4096815","CCN(CC)c1ccc(/C=C/C(=O)/C=C/c2ccc(O)c(OC)c2)cc1","CCN(CC)c1ccc(/C=C/C(=O)/C=C/c2ccc(O)c(OC)c2)cc1"
"CHEMBL358180","N=C(N)c1ccc(/C=C2/CC(c3ccccc3)C/C(=C/c3ccc(C(=N)N)cc3)C2=O)cc1","N=C(N)c1ccc(/C=C2/CC(c3ccccc3)C/C(=C/c3ccc(C(=N)N)cc3)C2=O)cc1"
"CHEMBL356630","C/N=C(/N)c1ccc(/C=C2/CCCC/C(=C\c3ccc(C(=N)N)cc3)C2=O)cc1","C/N=C(/N)c1ccc(/C=C2/CCCC/C(=C\c3ccc(C(=N)N)cc3)C2=O)cc1"
"CHEMBL602251","COCOc1c(OC)cc(/C=C/C(=O)/C=C/c2cc(OC)c(OCOC)c(OC)c2)cc1OC","COCOc1c(OC)cc(/C=C/C(=O)/C=C/c2cc(OC)c(OCOC)c(OC)c2)cc1OC"
"CHEMBL4176364","CN1C/C(=C\c2ccc(C(C)(C)C)cc2)C(=O)/C(=C/c2ccccc2F)C1","CN1C/C(=C\c2ccc(C(C)(C)C)cc2)C(=O)/C(=C/c2ccccc2F)C1"
"CHEMBL4294158","COc1ccc(/C=C2\CCC/C(=C\c3cccc(Cl)c3)C2=O)cc1OC","COc1ccc(/C=C2\CCC/C(=C\c3cccc(Cl)c3)C2=O)cc1OC"
"CHEMBL4286881","COc1ccc(/C=C2\CCC/C(=C\c3ccc(Br)cc3)C2=O)cc1OC","COc1ccc(/C=C2\CCC/C(=C\c3ccc(Br)cc3)C2=O)cc1OC"
"CHEMBL3938625","NCCCNCCCCNCCCNC(=O)CCC(=O)N1C/C(=C\c2ccc(O)cc2)C(=O)/C(=C/c2ccc(O)cc2)C1.O=C(O)C(F)(F)F","NCCCNCCCCNCCCNC(=O)CCC(=O)N1C/C(=C\c2ccc(O)cc2)C(=O)/C(=C/c2ccc(O)cc2)C1.O=C(O)C(F)(F)F"
"CHEMBL3786212","COc1cccc(/C=C2\CN(Cc3ccccc3)C/C(=C\c3cccc(OC)c3Cl)C2=O)c1Cl","COc1cccc(/C=C2\CN(Cc3ccccc3)C/C(=C\c3cccc(OC)c3Cl)C2=O)c1Cl"
"CHEMBL3115570","C=CCc1cc(/C=C/C(=O)/C=C/c2ccc(OC)c(OC)c2)ccc1OC","C=CCc1cc(/C=C/C(=O)/C=C/c2ccc(OC)c(OC)c2)ccc1OC"
"CHEMBL3785438","COCCSCCC(=O)N1C/C(=C\c2ccc(OC)c(OC)c2)C(=O)/C(=C/c2ccc(OC)c(OC)c2)C1","COCCSCCC(=O)N1C/C(=C\c2ccc(OC)c(OC)c2)C(=O)/C(=C/c2ccc(OC)c(OC)c2)C1"
"CHEMBL4740962","C=CCc1cc(/C=C2\CN(C3CC3)C/C(=C\c3ccc(N(CC)CC)cc3)C2=O)ccc1O","C=CCc1cc(/C=C2\CN(C3CC3)C/C(=C\c3ccc(N(CC)CC)cc3)C2=O)ccc1O"
"CHEMBL1733734","COc1ccccc1C=CC(=O)C=Cc1ccccc1OC","COc1ccccc1C=CC(=O)C=Cc1ccccc1OC"
"CHEMBL1767184","CN(C)c1ccc(/C=C/C(=O)/C=C/c2cc(Br)ccc2O)cc1","CN(C)c1ccc(/C=C/C(=O)/C=C/c2cc(Br)ccc2O)cc1"
"CHEMBL1951547","CCOc1c(Br)cc(/C=C2\CCC/C(=C\c3cccc([N+](=O)[O-])c3)C2=O)cc1OC","CCOc1c(Br)cc(/C=C2\CCC/C(=C\c3cccc([N+](=O)[O-])c3)C2=O)cc1OC"
"CHEMBL4227259","CC(C)C[C@H](NC(=O)[C@H](Cc1ccc2ccccc2c1)NC(=O)N1C/C(=C\c2ccc(F)cc2)C(=O)/C(=C/c2ccc(F)cc2)C1)B1OC(C)(C)C(C)(C)O1","CC(C)C[C@H](NC(=O)[C@H](Cc1ccc2ccccc2c1)NC(=O)N1C/C(=C\c2ccc(F)cc2)C(=O)/C(=C/c2ccc(F)cc2)C1)B1OC(C)(C)C(C)(C)O1"
"CHEMBL597689","COc1cc(/C=C/C(=O)/C=C/c2ccc(OC)c(OC)c2)ccc1O","COc1cc(/C=C/C(=O)/C=C/c2ccc(OC)c(OC)c2)ccc1O"
"CHEMBL4218160","O=C1/C(=C/c2ccccc2)CCC/C1=C\c1ccc(Cl)c(Cl)c1","O=C1/C(=C/c2ccccc2)CCC/C1=C\c1ccc(Cl)c(Cl)c1"
"CHEMBL3817995","COc1ccc(/C=C(\C)C(=O)/C=C/c2cc(OC)c(OC)c(OC)c2)cc1","COc1ccc(/C=C(\C)C(=O)/C=C/c2cc(OC)c(OC)c(OC)c2)cc1"
"CHEMBL2396885","COc1ccc(/C=C/C(=O)C2=Cc3cc(OC)ccc3OC2)cc1","COc1ccc(/C=C/C(=O)C2=Cc3cc(OC)ccc3OC2)cc1"
"CHEMBL3914345","COc1ccc(/C=C/c2cc(OC)cc(OC)c2/C=C/C(=O)/C=C/c2cc(C(F)(F)F)ccc2C(F)(F)F)cc1","COc1ccc(/C=C/c2cc(OC)cc(OC)c2/C=C/C(=O)/C=C/c2cc(C(F)(F)F)ccc2C(F)(F)F)cc1"
"CHEMBL486319","CCOP(=O)(CCCCN1C/C(=C\c2ccc(N(C)C)cc2)C(=O)/C(=C/c2ccc(N(C)C)cc2)C1)OCC","CCOP(=O)(CCCCN1C/C(=C\c2ccc(N(C)C)cc2)C(=O)/C(=C/c2ccc(N(C)C)cc2)C1)OCC"
"CHEMBL2094966","COc1cccc(/C=C2/CN(C(C)C)C/C(=C\c3cccc(OC)c3)C2=O)c1","COc1cccc(/C=C2/CN(C(C)C)C/C(=C\c3cccc(OC)c3)C2=O)c1"
"CHEMBL3798314","COc1cc(/C=C/C(=O)/C=C/c2cccc3ccccc23)ccc1OCc1cn(CCCOc2cc(=O)oc3ccccc23)nn1","COc1cc(/C=C/C(=O)/C=C/c2cccc3ccccc23)ccc1OCc1cn(CCCOc2cc(=O)oc3ccccc23)nn1"
"CHEMBL3115564","CC(C)=CCOc1ccc(/C=C2\CCC/C(=C\c3ccc(OCC=C(C)C)cc3)C2=O)cc1","CC(C)=CCOc1ccc(/C=C2\CCC/C(=C\c3ccc(OCC=C(C)C)cc3)C2=O)cc1"
"CHEMBL3787211","COCCSCCC(=O)N1C/C(=C\c2ccc(OC)cc2)C(=O)/C(=C/c2ccc(OC)cc2)C1","COCCSCCC(=O)N1C/C(=C\c2ccc(OC)cc2)C(=O)/C(=C/c2ccc(OC)cc2)C1"
"CHEMBL3794055","COc1cc(/C=C2\CCC/C(=C\c3ccc(Br)cc3)C2=O)ccc1O","COc1cc(/C=C2\CCC/C(=C\c3ccc(Br)cc3)C2=O)ccc1O"
"CHEMBL4168407","COc1cc(/C=C2\CN(C)C/C(=C\c3ccc(Br)cc3)C2=O)cc(OC)c1OC","COc1cc(/C=C2\CN(C)C/C(=C\c3ccc(Br)cc3)C2=O)cc(OC)c1OC"
"CHEMBL270022","C=CCOc1ccc(/C=C2\CCC/C(=C\c3ccc(OCC=C)cc3)C2=O)cc1","C=CCOc1ccc(/C=C2\CCC/C(=C\c3ccc(OCC=C)cc3)C2=O)cc1"
"CHEMBL4294779","COc1ccc(/C=C2\CCC/C(=C\c3cccc(Br)c3)C2=O)cc1OC","COc1ccc(/C=C2\CCC/C(=C\c3cccc(Br)c3)C2=O)cc1OC"
"CHEMBL5177827","Cc1ccccc1/C=C1\COC/C(=C\c2ccccc2C)C1=O","Cc1ccccc1/C=C1\COC/C(=C\c2ccccc2C)C1=O"
"CHEMBL4226943","CC(C)C[C@H](NC(=O)[C@H](Cc1ccccc1)NC(=O)N1C/C(=C\c2ccc(F)cc2)C(=O)/C(=C/c2ccc(F)cc2)C1)B1OC(C)(C)C(C)(C)O1","CC(C)C[C@H](NC(=O)[C@H](Cc1ccccc1)NC(=O)N1C/C(=C\c2ccc(F)cc2)C(=O)/C(=C/c2ccc(F)cc2)C1)B1OC(C)(C)C(C)(C)O1"
"CHEMBL4173985","CC(=O)Nc1ccc(S(=O)(=O)N2C/C(=C\c3cccc([N+](=O)[O-])c3)C(=O)/C(=C/c3cccc([N+](=O)[O-])c3)C2)cc1","CC(=O)Nc1ccc(S(=O)(=O)N2C/C(=C\c3cccc([N+](=O)[O-])c3)C(=O)/C(=C/c3cccc([N+](=O)[O-])c3)C2)cc1"
"CHEMBL4170124","COc1cc(/C=C2\CN(S(=O)(=O)c3ccc(F)cc3)C/C(=C\c3cc(OC)c(OC)c(OC)c3)C2=O)cc(OC)c1OC","COc1cc(/C=C2\CN(S(=O)(=O)c3ccc(F)cc3)C/C(=C\c3cc(OC)c(OC)c(OC)c3)C2=O)cc(OC)c1OC"
"CHEMBL181574","COc1cc(/C=C2\Cc3ccccc3/C(=C\c3ccc([N+](=O)[O-])cc3)C2=O)ccc1O","COc1cc(/C=C2\Cc3ccccc3/C(=C\c3ccc([N+](=O)[O-])cc3)C2=O)ccc1O"
"CHEMBL3219857","Cc1ccc(COc2ccc(/C=C/C(=O)/C=C/c3cccc(Cl)c3Cl)cc2)cc1","Cc1ccc(COc2ccc(/C=C/C(=O)/C=C/c3cccc(Cl)c3Cl)cc2)cc1"
"CHEMBL4453934","COc1cc(/C=C2\CN(C(=O)OC(C)(C)C)C/C(=C\c3ccc(O)c(OC)c3)C2=O)ccc1O","COc1cc(/C=C2\CN(C(=O)OC(C)(C)C)C/C(=C\c3ccc(O)c(OC)c3)C2=O)ccc1O"
"CHEMBL5421169","COc1cc(/C=C/C(=O)C(=Cc2ccc(Br)cc2)C(=O)/C=C/c2ccc(O)c(OC)c2)ccc1O","COc1cc(/C=C/C(=O)C(=Cc2ccc(Br)cc2)C(=O)/C=C/c2ccc(O)c(OC)c2)ccc1O"
"CHEMBL1929145","COc1ccc(/C=C/c2cc(OC)cc(OC)c2/C=C/C(=O)/C=C/c2cc(F)ccc2C)cc1","COc1ccc(/C=C/c2cc(OC)cc(OC)c2/C=C/C(=O)/C=C/c2cc(F)ccc2C)cc1"
"CHEMBL3219868","O=C(/C=C/c1ccc(Cl)cc1)/C=C/c1ccc(OC(=O)OCc2ccccc2)cc1","O=C(/C=C/c1ccc(Cl)cc1)/C=C/c1ccc(OC(=O)OCc2ccccc2)cc1"
"CHEMBL181119","O=C1/C(=C/c2ccc(O)cc2)Cc2ccccc2/C1=C\c1ccc([N+](=O)[O-])cc1","O=C1/C(=C/c2ccc(O)cc2)Cc2ccccc2/C1=C\c1ccc([N+](=O)[O-])cc1"
"CHEMBL1951548","CCCOc1c(Br)cc(/C=C2\CCC/C(=C\c3cccc([N+](=O)[O-])c3)C2=O)cc1OC","CCCOc1c(Br)cc(/C=C2\CCC/C(=C\c3cccc([N+](=O)[O-])c3)C2=O)cc1OC"
"CHEMBL3950832","COc1cc(/C=C2\CC/C(=C\c3ccc(O)c(O)c3)C2=O)cc(OC)c1","COc1cc(/C=C2\CC/C(=C\c3ccc(O)c(O)c3)C2=O)cc(OC)c1"
"CHEMBL1802918","COc1ccccc1CN1C/C(=C\c2ccc(O)c(Br)c2)C(=O)/C(=C/c2ccc(O)c(Br)c2)C1","COc1ccccc1CN1C/C(=C\c2ccc(O)c(Br)c2)C(=O)/C(=C/c2ccc(O)c(Br)c2)C1"
"CHEMBL2036337","COc1cc(/C=C2\CSC/C(=C\c3cc(OC)c(OC)c(OC)c3)C2=O)cc(OC)c1OC","COc1cc(/C=C2\CSC/C(=C\c3cc(OC)c(OC)c(OC)c3)C2=O)cc(OC)c1OC"
"CHEMBL4638613","O=C1/C(=C/c2ccccc2F)CN(C(=O)c2cc(Cc3n[nH]c(=O)c4ccccc34)ccc2F)C/C1=C\c1ccccc1F","O=C1/C(=C/c2ccccc2F)CN(C(=O)c2cc(Cc3n[nH]c(=O)c4ccccc34)ccc2F)C/C1=C\c1ccccc1F"
"CHEMBL4169430","COc1ccc(/C=C2\CN(C)C/C(=C\c3ccc(OC)cc3OC)C2=O)c(OC)c1","COc1ccc(/C=C2\CN(C)C/C(=C\c3ccc(OC)cc3OC)C2=O)c(OC)c1"
"CHEMBL3920693","C=CCc1cc(/C=C2\CN(C3CC3)C/C(=C\c3ccc(O)c(CC=C)c3)C2=O)ccc1O","C=CCc1cc(/C=C2\CN(C3CC3)C/C(=C\c3ccc(O)c(CC=C)c3)C2=O)ccc1O"
"CHEMBL4214114","O=C1/C(=C/c2ccccc2Br)COC/C1=C\c1ccccc1Br","O=C1/C(=C/c2ccccc2Br)COC/C1=C\c1ccccc1Br"
"CHEMBL4177342","COc1cc(/C=C2\CN(S(=O)(=O)c3ccc(F)cc3)C/C(=C\c3cc(OC)cc(OC)c3)C2=O)cc(OC)c1","COc1cc(/C=C2\CN(S(=O)(=O)c3ccc(F)cc3)C/C(=C\c3cc(OC)cc(OC)c3)C2=O)cc(OC)c1"
"CHEMBL4161740","COc1cc(/C=C2\CN(S(=O)(=O)c3ccc(F)cc3)C/C(=C\c3ccccc3F)C2=O)cc(OC)c1","COc1cc(/C=C2\CN(S(=O)(=O)c3ccc(F)cc3)C/C(=C\c3ccccc3F)C2=O)cc(OC)c1"
"CHEMBL4438975","O=C(/C=C/c1ccc(O)cc1)/C=C/c1cccc(O)c1O","O=C(/C=C/c1ccc(O)cc1)/C=C/c1cccc(O)c1O"
"CHEMBL4573289","O=C(/C=C/c1ccc(O)c(O)c1)/C=C/c1ccccc1O","O=C(/C=C/c1ccc(O)c(O)c1)/C=C/c1ccccc1O"
"CHEMBL4751084","O=C1/C(=C/c2ccccc2F)CN(S(=O)(=O)c2ccc(Br)cc2)C/C1=C\c1ccccc1F","O=C1/C(=C/c2ccccc2F)CN(S(=O)(=O)c2ccc(Br)cc2)C/C1=C\c1ccccc1F"
"CHEMBL3785402","COc1cc(/C=C2\CC(C(C)C)C/C(=C\c3cc(OC)c(OC)c(OC)c3Br)C2=O)c(Br)c(OC)c1OC","COc1cc(/C=C2\CC(C(C)C)C/C(=C\c3cc(OC)c(OC)c(OC)c3Br)C2=O)c(Br)c(OC)c1OC"
"CHEMBL148758","O=C1/C(=C/c2ccccc2O)CCC/C1=C\c1ccccc1O","O=C1/C(=C/c2ccccc2O)CCC/C1=C\c1ccccc1O"
"CHEMBL1565895","COc1ccc(/C=C2\CN(Cc3ccccc3)C/C(=C\c3ccc(OC)cc3OC)C2=O)c(OC)c1","COc1ccc(/C=C2\CN(Cc3ccccc3)C/C(=C\c3ccc(OC)cc3OC)C2=O)c(OC)c1"
"CHEMBL1483768","CCOc1cc(/C=C2\CN(CC)C/C(=C\c3ccc(O)c(OCC)c3)C2=O)ccc1O.Cl","CCOc1cc(/C=C2\CN(CC)C/C(=C\c3ccc(O)c(OCC)c3)C2=O)ccc1O.Cl"
"CHEMBL152674","C=CC(=O)N1C/C(=C\c2ccc(Cl)c(Cl)c2)C(=O)/C(=C/c2ccc(Cl)c(Cl)c2)C1","C=CC(=O)N1C/C(=C\c2ccc(Cl)c(Cl)c2)C(=O)/C(=C/c2ccc(Cl)c(Cl)c2)C1"
"CHEMBL348877","O=C1/C(=C/c2ccc([N+](=O)[O-])cc2)CNC/C1=C\c1ccc([N+](=O)[O-])cc1","O=C1/C(=C/c2ccc([N+](=O)[O-])cc2)CNC/C1=C\c1ccc([N+](=O)[O-])cc1"
"CHEMBL4081951","COc1ccccc1/C=C1\COC/C(=C\c2ccccc2F)C1=O","COc1ccccc1/C=C1\COC/C(=C\c2ccccc2F)C1=O"
"CHEMBL4745370","O=C1/C(=C/c2ccc(F)cc2)CN(S(=O)(=O)c2ccc(F)cc2)C/C1=C\c1ccc(F)cc1","O=C1/C(=C/c2ccc(F)cc2)CN(S(=O)(=O)c2ccc(F)cc2)C/C1=C\c1ccc(F)cc1"
"CHEMBL2064106","COc1cc(OC)c(/C=C/C(=O)C(=Cc2ccc(O)c(F)c2)C(=O)/C=C/c2c(OC)cc(OC)cc2OC)c(OC)c1","COc1cc(OC)c(/C=C/C(=O)C(=Cc2ccc(O)c(F)c2)C(=O)/C=C/c2c(OC)cc(OC)cc2OC)c(OC)c1"
"CHEMBL2063991","COc1ccc(C=C(C(=O)/C=C/c2cccc(OC)c2OC)C(=O)/C=C/c2cccc(OC)c2OC)cc1OC","COc1ccc(C=C(C(=O)/C=C/c2cccc(OC)c2OC)C(=O)/C=C/c2cccc(OC)c2OC)cc1OC"
"CHEMBL476422","O=C1/C(=C/c2ccc3ccccc3c2)CC/C1=C\c1ccc2ccccc2c1","O=C1/C(=C/c2ccc3ccccc3c2)CC/C1=C\c1ccc2ccccc2c1"
"CHEMBL4063280","CCC(=O)Oc1ccc(/C=C2\CC/C(=C\c3ccc(OC(=O)CC)c(OC)c3)C2=O)cc1","CCC(=O)Oc1ccc(/C=C2\CC/C(=C\c3ccc(OC(=O)CC)c(OC)c3)C2=O)cc1"
"CHEMBL3409212","COc1ccc(O)c(/C=C/C(=O)/C=C/c2ccc(C)c(C)c2)c1","COc1ccc(O)c(/C=C/C(=O)/C=C/c2ccc(C)c(C)c2)c1"
"CHEMBL3932903","CCN(CC)c1ccc(/C=C/C(=O)/C=C/c2c(/C=C/c3ccc(OC)cc3)cc(OC)cc2OC)cc1","CCN(CC)c1ccc(/C=C/C(=O)/C=C/c2c(/C=C/c3ccc(OC)cc3)cc(OC)cc2OC)cc1"
"CHEMBL3949140","COc1ccc(/C=C/c2cc(OC)cc(OC)c2/C=C/C(=O)/C=C/c2ccc(OC)cc2OC)cc1","COc1ccc(/C=C/c2cc(OC)cc(OC)c2/C=C/C(=O)/C=C/c2ccc(OC)cc2OC)cc1"
"CHEMBL3275879","COc1cc(/C=C2\CCC(C)/C(=C\c3ccc(O)c(OC)c3)C2=O)ccc1O","COc1cc(/C=C2\CCC(C)/C(=C\c3ccc(O)c(OC)c3)C2=O)ccc1O"
"CHEMBL4749275","C=CCc1cc(/C=C2\CN(C3CC3)C/C(=C\c3ccc(N4CCOCC4)cc3)C2=O)ccc1O","C=CCc1cc(/C=C2\CN(C3CC3)C/C(=C\c3ccc(N4CCOCC4)cc3)C2=O)ccc1O"
"CHEMBL1622512","Cc1cccc(/C=C2/C(=O)/C(=C/c3ccccc3C)C3CCC2N3C)c1","Cc1cccc(/C=C2/C(=O)/C(=C/c3ccccc3C)C3CCC2N3C)c1"
"CHEMBL4792294","C=CCc1cc(/C=C2\CN(C3CC3)C/C(=C\c3ccc(N4CCN(C)CC4)cc3)C2=O)ccc1O","C=CCc1cc(/C=C2\CN(C3CC3)C/C(=C\c3ccc(N4CCN(C)CC4)cc3)C2=O)ccc1O"
"CHEMBL4764238","CCOP(=O)(OCC)C(c1ccc(F)cc1)N1C/C(=C\c2ccc(C#N)cc2)C(=O)/C(=C/c2ccc(C#N)cc2)C1","CCOP(=O)(OCC)C(c1ccc(F)cc1)N1C/C(=C\c2ccc(C#N)cc2)C(=O)/C(=C/c2ccc(C#N)cc2)C1"
"CHEMBL562131","COc1ccc(OC)c(/C=C2\CCC/C(=C\c3cc(OC)ccc3OC)C2=O)c1","COc1ccc(OC)c(/C=C2\CCC/C(=C\c3cc(OC)ccc3OC)C2=O)c1"
"CHEMBL3976693","NCCCNCCCCNCCCNC(=O)CCC(=O)N1C/C(=C/c2ccc(O)c(O)c2)C(=O)/C(=C/c2ccc(O)c(O)c2)C1.O=C(O)C(F)(F)F","NCCCNCCCCNCCCNC(=O)CCC(=O)N1C/C(=C/c2ccc(O)c(O)c2)C(=O)/C(=C/c2ccc(O)c(O)c2)C1.O=C(O)C(F)(F)F"
"CHEMBL3991088","NCCCNCCCCNCCCNC(=O)CCC(=O)N1C/C(=C/c2ccc(O)c(O)c2)C(=O)/C(=C/c2ccc(O)c(O)c2)C1","NCCCNCCCCNCCCNC(=O)CCC(=O)N1C/C(=C/c2ccc(O)c(O)c2)C(=O)/C(=C/c2ccc(O)c(O)c2)C1"
"CHEMBL4531214","COc1ccc(/C=C2\CN(Cc3cn(Cc4ccc(F)cc4)nn3)C/C(=C\c3ccc(OC)cc3)C2=O)cc1","COc1ccc(/C=C2\CN(Cc3cn(Cc4ccc(F)cc4)nn3)C/C(=C\c3ccc(OC)cc3)C2=O)cc1"
"CHEMBL3752052","COc1cc(/C=C2\CCC/C(=C\c3cc(OC)c(OC)c(OC)c3)C2=O)ccc1O","COc1cc(/C=C2\CCC/C(=C\c3cc(OC)c(OC)c(OC)c3)C2=O)ccc1O"
"CHEMBL598714","C#CCOc1c(OC)cc(/C=C/C(=O)/C=C/c2cc(OC)c(OC)c(OC)c2)cc1OC","C#CCOc1c(OC)cc(/C=C/C(=O)/C=C/c2cc(OC)c(OC)c(OC)c2)cc1OC"
"CHEMBL3740304","COc1cc(/C=C/C(=O)/C=C/c2ccc(OC)c(Br)c2)ccc1O","COc1cc(/C=C/C(=O)/C=C/c2ccc(OC)c(Br)c2)ccc1O"
"CHEMBL3739967","COc1ccc(/C=C/C(=O)/C=C/c2ccc(O)c(OC)c2)c(F)c1","COc1ccc(/C=C/C(=O)/C=C/c2ccc(O)c(OC)c2)c(F)c1"
"CHEMBL3329256","O=C(/C=C/c1cccc(Br)c1)C1=Cc2cc(Cl)ccc2OC1","O=C(/C=C/c1cccc(Br)c1)C1=Cc2cc(Cl)ccc2OC1"
"CHEMBL4166261","COc1cc(/C=C2\CN(S(=O)(=O)c3ccc(F)cc3)C/C(=C\c3cccc([N+](=O)[O-])c3)C2=O)cc(OC)c1OC","COc1cc(/C=C2\CN(S(=O)(=O)c3ccc(F)cc3)C/C(=C\c3cccc([N+](=O)[O-])c3)C2=O)cc(OC)c1OC"
"CHEMBL3764683","Cl.Cl.Cl.O=C1/C(=C/c2ccc(O)c(CN3CCCCC3)c2)CNC/C1=C\c1ccc(O)c(CN2CCCCC2)c1","Cl.Cl.Cl.O=C1/C(=C/c2ccc(O)c(CN3CCCCC3)c2)CNC/C1=C\c1ccc(O)c(CN2CCCCC2)c1"
"CHEMBL1097423","Nc1cccc(/C=C2\CN(Cc3ccccc3)C/C(=C\c3cccc(N)c3)C2=O)c1","Nc1cccc(/C=C2\CN(Cc3ccccc3)C/C(=C\c3cccc(N)c3)C2=O)c1"
"CHEMBL3735745","COc1cc(/C=C2\CCC/C(=C\c3ccc(OCCCN4CCN(C)CC4)c(OC)c3)C2=O)ccc1OCCCN1CCN(C)CC1","COc1cc(/C=C2\CCC/C(=C\c3ccc(OCCCN4CCN(C)CC4)c(OC)c3)C2=O)ccc1OCCCN1CCN(C)CC1"
"CHEMBL1980905","CN(C)c1ccc(/C=C2\C[N+](C)(C)C/C(=C\c3ccc(N(C)C)cc3)C2=O)cc1.[I-]","CN(C)c1ccc(/C=C2\C[N+](C)(C)C/C(=C\c3ccc(N(C)C)cc3)C2=O)cc1.[I-]"
"CHEMBL1433926","Cc1ccc(/C=C2/CNC/C(=C\c3ccc(C)cc3)C2=O)cc1","Cc1ccc(/C=C2/CNC/C(=C\c3ccc(C)cc3)C2=O)cc1"
"CHEMBL3739736","COc1cc(/C=C/C(=O)/C=C/c2ccc(Br)c(F)c2)ccc1O","COc1cc(/C=C/C(=O)/C=C/c2ccc(Br)c(F)c2)ccc1O"
"CHEMBL4553494","CCCCNC(=S)N1C/C(=C\c2ccc(OC)cc2)C(=O)/C(=C/c2ccc(OC)cc2)C1","CCCCNC(=S)N1C/C(=C\c2ccc(OC)cc2)C(=O)/C(=C/c2ccc(OC)cc2)C1"
"CHEMBL476423","O=C(/C=C/c1ccccc1Cl)/C=C/c1ccccc1Cl","O=C(/C=C/c1ccccc1Cl)/C=C/c1ccccc1Cl"
"CHEMBL4278374","CCN(CC)c1ccc(/C=C2\CC/C(=C\c3ccc(N(CCC(=O)[O-])CCC(=O)[O-])cc3)C2=O)cc1.[Na+].[Na+]","CCN(CC)c1ccc(/C=C2\CC/C(=C\c3ccc(N(CCC(=O)[O-])CCC(=O)[O-])cc3)C2=O)cc1.[Na+].[Na+]"
"CHEMBL3765303","CN(C)Cc1cc(/C=C2\CNC/C(=C\c3cc(CN(C)C)c(O)c(CN(C)C)c3)C2=O)cc(CN(C)C)c1O.Cl.Cl.Cl.Cl.Cl","CN(C)Cc1cc(/C=C2\CNC/C(=C\c3cc(CN(C)C)c(O)c(CN(C)C)c3)C2=O)cc(CN(C)C)c1O.Cl.Cl.Cl.Cl.Cl"
"CHEMBL3754527","COc1cc(/C=C2\CCC/C(=C\c3ccc(Cl)c([N+](=O)[O-])c3)C2=O)ccc1O","COc1cc(/C=C2\CCC/C(=C\c3ccc(Cl)c([N+](=O)[O-])c3)C2=O)ccc1O"
"CHEMBL1271957","COc1ccc(/C=C2\CN(P(=O)(O)O)C/C(=C\c3ccc(OC)cc3)C2=O)cc1","COc1ccc(/C=C2\CN(P(=O)(O)O)C/C(=C\c3ccc(OC)cc3)C2=O)cc1"
"CHEMBL4592030","O=C1/C(=C/c2ccc(O)cc2)CC/C1=C\c1ccc(O)cc1O","O=C1/C(=C/c2ccc(O)cc2)CC/C1=C\c1ccc(O)cc1O"
"CHEMBL1928962","COc1ccc(/C=C/c2cc(OC)cc(OC)c2/C=C/C(=O)/C=C/c2ccccc2OC)cc1","COc1ccc(/C=C/c2cc(OC)cc(OC)c2/C=C/C(=O)/C=C/c2ccccc2OC)cc1"
"CHEMBL488567","CCOP(=O)(CN1C/C(=C\c2ccc(N(C)C)cc2)C(=O)/C(=C/c2ccc(N(C)C)cc2)C1)OCC","CCOP(=O)(CN1C/C(=C\c2ccc(N(C)C)cc2)C(=O)/C(=C/c2ccc(N(C)C)cc2)C1)OCC"
"CHEMBL1409585","O=C1/C(=C/c2ccc(C(=O)O)cc2)CCC/C1=C\c1ccc(C(=O)O)cc1","O=C1/C(=C/c2ccc(C(=O)O)cc2)CCC/C1=C\c1ccc(C(=O)O)cc1"
"CHEMBL1731349","C=CC(=O)N1C/C(=C/c2ccc(F)cc2)C(=O)/C(=C\c2ccc(F)cc2)C1","C=CC(=O)N1C/C(=C/c2ccc(F)cc2)C(=O)/C(=C\c2ccc(F)cc2)C1"
"CHEMBL1091612","O=C1/C(=C/c2ccc(OC3CCCOC3)cc2)CCC/C1=C\c1ccc(OC2CCCOC2)cc1","O=C1/C(=C/c2ccc(OC3CCCOC3)cc2)CCC/C1=C\c1ccc(OC2CCCOC2)cc1"
"CHEMBL150718","CN(C)C(=N)c1ccc(/C=C2/CCCC/C(=C\c3ccc(C(=N)N(C)C)cc3)C2=O)cc1","CN(C)C(=N)c1ccc(/C=C2/CCCC/C(=C\c3ccc(C(=N)N(C)C)cc3)C2=O)cc1"
"CHEMBL150962","N=C(N)c1ccc(/C=C2\CC/C(=C\c3ccc(C(=N)N)cc3)C2=O)cc1","N=C(N)c1ccc(/C=C2\CC/C(=C\c3ccc(C(=N)N)cc3)C2=O)cc1"
"CHEMBL4755731","O=C1/C(=C/c2cccc(F)c2)CN(S(=O)(=O)c2ccc(F)cc2)C/C1=C\c1cccc(F)c1","O=C1/C(=C/c2cccc(F)c2)CN(S(=O)(=O)c2ccc(F)cc2)C/C1=C\c1cccc(F)c1"
"CHEMBL1093207","O=C1/C(=C/c2ccccc2C(=O)O)CC/C1=C\c1ccccc1C(=O)O","O=C1/C(=C/c2ccccc2C(=O)O)CC/C1=C\c1ccccc1C(=O)O"
"CHEMBL5287830","O=C(/C=C/c1ccccc1)/C=C/c1ccc(C(F)(F)F)cc1","O=C(/C=C/c1ccccc1)/C=C/c1ccc(C(F)(F)F)cc1"
"CHEMBL2380677","O=C1/C(=C/c2ccc(F)cc2)CN(C(=O)[C@H]2C[C@H]3CCCN3[C@]23C(=O)Nc2cc(Cl)ccc23)C/C1=C\c1ccc(F)cc1","O=C1/C(=C/c2ccc(F)cc2)CN(C(=O)[C@H]2C[C@H]3CCCN3[C@]23C(=O)Nc2cc(Cl)ccc23)C/C1=C\c1ccc(F)cc1"
"CHEMBL2332539","C=CC(=O)N1C/C(=C\c2ccccc2OC)C(=O)/C(=C/c2ccccc2OC)C1","C=CC(=O)N1C/C(=C\c2ccccc2OC)C(=O)/C(=C/c2ccccc2OC)C1"
"CHEMBL2380670","COc1ccccc1/C=C1\CN(C(=O)[C@H]2C[C@H]3CCCN3[C@]23C(=O)Nc2cc(Cl)ccc23)C/C(=C\c2ccccc2OC)C1=O","COc1ccccc1/C=C1\CN(C(=O)[C@H]2C[C@H]3CCCN3[C@]23C(=O)Nc2cc(Cl)ccc23)C/C(=C\c2ccccc2OC)C1=O"
"CHEMBL5268807","COc1cccc(/C=C/C(=O)/C=C/c2ccc(COc3cn(CCOc4cc(=O)oc5ccccc45)nn3)cc2OC)c1","COc1cccc(/C=C/C(=O)/C=C/c2ccc(COc3cn(CCOc4cc(=O)oc5ccccc45)nn3)cc2OC)c1"
"CHEMBL1289336","COc1cc(/C=C/C(=O)/C=C/c2ccc(F)cc2)ccc1OCc1cn(-c2ccnc3cc(Cl)ccc23)nn1","COc1cc(/C=C/C(=O)/C=C/c2ccc(F)cc2)ccc1OCc1cn(-c2ccnc3cc(Cl)ccc23)nn1"
"CHEMBL2297177","CN1C/C(=C\c2ccc(N(C)C)cc2)C(=O)/C(=C/c2ccc(N(C)C)cc2)C1","CN1C/C(=C\c2ccc(N(C)C)cc2)C(=O)/C(=C/c2ccc(N(C)C)cc2)C1"
"CHEMBL391741","Cc1ccc(NC(=O)/C=C/C(=O)N2C/C(=C\c3ccc([N+](=O)[O-])cc3)C(=O)/C(=C/c3ccc([N+](=O)[O-])cc3)C2)cc1C","Cc1ccc(NC(=O)/C=C/C(=O)N2C/C(=C\c3ccc([N+](=O)[O-])cc3)C(=O)/C(=C/c3ccc([N+](=O)[O-])cc3)C2)cc1C"
"CHEMBL4161425","CN1C/C(=C\c2ccc(Cl)cc2)C(=O)/C(=C/c2ccc(C#N)cc2)C1","CN1C/C(=C\c2ccc(Cl)cc2)C(=O)/C(=C/c2ccc(C#N)cc2)C1"
"CHEMBL1800967","COc1ccc(/C=C/C(=O)C(=Cc2ccc(N(C)C)cc2)C(=O)/C=C/c2ccc(OC)c(OC)c2)cc1OC","COc1ccc(/C=C/C(=O)C(=Cc2ccc(N(C)C)cc2)C(=O)/C=C/c2ccc(OC)c(OC)c2)cc1OC"
"CHEMBL1094571","O=C1/C(=C/c2c(F)cccc2F)CC/C1=C\c1c(F)cccc1F","O=C1/C(=C/c2c(F)cccc2F)CC/C1=C\c1c(F)cccc1F"
"CHEMBL4066685","CCC(=O)c1ccc(/C=C2\CC/C(=C\c3ccc(OC(=O)C(C)C)c(OC)c3)C2=O)cc1","CCC(=O)c1ccc(/C=C2\CC/C(=C\c3ccc(OC(=O)C(C)C)c(OC)c3)C2=O)cc1"
"CHEMBL498590","CC(C)(C)c1ccc(/C=C/C(=O)/C=C/c2ccc(C(C)(C)C)cc2)cc1","CC(C)(C)c1ccc(/C=C/C(=O)/C=C/c2ccc(C(C)(C)C)cc2)cc1"
"CHEMBL4171844","COc1cccc(/C=C2\CCC/C(=C\c3ccc(Br)cc3)C2=O)c1OC","COc1cccc(/C=C2\CCC/C(=C\c3ccc(Br)cc3)C2=O)c1OC"
"CHEMBL4285272","COCCOCCOCCOCCN(C)c1ccc(/C=C2\CC/C(=C\c3ccc(N(C)CCOCCOCCOCCOC)cc3)C2=O)cc1","COCCOCCOCCOCCN(C)c1ccc(/C=C2\CC/C(=C\c3ccc(N(C)CCOCCOCCOCCOC)cc3)C2=O)cc1"
"CHEMBL4062301","O=C(/C=C/c1ccc(S(F)(F)(F)(F)F)cc1)/C=C/c1ccc(S(F)(F)(F)(F)F)cc1","O=C(/C=C/c1ccc(S(F)(F)(F)(F)F)cc1)/C=C/c1ccc(S(F)(F)(F)(F)F)cc1"
"CHEMBL1272070","O=C1/C(=C/c2ccc(Cl)cc2)CN(P(=O)(O)O)C/C1=C\c1ccc(Cl)cc1","O=C1/C(=C/c2ccc(Cl)cc2)CN(P(=O)(O)O)C/C1=C\c1ccc(Cl)cc1"
"CHEMBL598517","COCOc1cccc(/C=C/C(=O)/C=C/c2cc(OC)c(OC)c(OC)c2)c1","COCOc1cccc(/C=C/C(=O)/C=C/c2cc(OC)c(OC)c(OC)c2)c1"
"CHEMBL598510","COc1cc(/C=C/C(=O)/C=C/c2cc(OC)c(OCCN=[N+]=[N-])c(OC)c2)cc(OC)c1OC","COc1cc(/C=C/C(=O)/C=C/c2cc(OC)c(OCCN=[N+]=[N-])c(OC)c2)cc(OC)c1OC"
"CHEMBL592313","COc1cc(/C=C/C(=O)/C=C/c2cc(OC)c(OCc3cn(CCCCCCCCCOC(=O)CCC4=[N+]5C(=Cc6c(C)cc(C)n6[B-]5(F)F)C=C4)nn3)c(OC)c2)cc(OC)c1OC","COc1cc(/C=C/C(=O)/C=C/c2cc(OC)c(OCc3cn(CCCCCCCCCOC(=O)CCC4=[N+]5C(=Cc6c(C)cc(C)n6[B-]5(F)F)C=C4)nn3)c(OC)c2)cc(OC)c1OC"
"CHEMBL4097596","CCOc1cc(/C=C/C(=O)C(=Cc2ccc(OCC)c(OCC)c2)C(=O)/C=C/c2ccc(O)c(OCC)c2)ccc1O","CCOc1cc(/C=C/C(=O)C(=Cc2ccc(OCC)c(OCC)c2)C(=O)/C=C/c2ccc(O)c(OCC)c2)ccc1O"
"CHEMBL1094434","CC1C/C(=C\c2cccc(N)c2)C(=O)/C(=C/c2cccc(N)c2)C1","CC1C/C(=C\c2cccc(N)c2)C(=O)/C(=C/c2cccc(N)c2)C1"
"CHEMBL4161321","CCc1c(/C=C/C(=O)/C=C/c2ccc(OC)c(OC)c2CC)ccc(OC)c1OC","CCc1c(/C=C/C(=O)/C=C/c2ccc(OC)c(OC)c2CC)ccc(OC)c1OC"
"CHEMBL1762682","COc1ccc(C2=CC(=O)C=C(c3ccc(F)cc3)C2=O)cc1","COc1ccc(C2=CC(=O)C=C(c3ccc(F)cc3)C2=O)cc1"
"CHEMBL4062775","O=C1/C(=C/c2ccccc2F)COC/C1=C\c1ccccc1C(=O)O","O=C1/C(=C/c2ccccc2F)COC/C1=C\c1ccccc1C(=O)O"
"CHEMBL2297176","CCN(CC)c1ccc(/C=C2\CNC/C(=C\c3ccc(N(CC)CC)cc3)C2=O)cc1","CCN(CC)c1ccc(/C=C2\CNC/C(=C\c3ccc(N(CC)CC)cc3)C2=O)cc1"
"CHEMBL602300","O=C(/C=C/c1ccc2c(c1)OCO2)/C=C/c1ccc2c(c1)OCO2","O=C(/C=C/c1ccc2c(c1)OCO2)/C=C/c1ccc2c(c1)OCO2"
"CHEMBL1255829","CCOc1cc(/C=C2\CN(C(=O)CCC(=O)NCCCNCCCN)C/C(=C\c3ccc(O)c(OCC)c3)C2=O)ccc1O","CCOc1cc(/C=C2\CN(C(=O)CCC(=O)NCCCNCCCN)C/C(=C\c3ccc(O)c(OCC)c3)C2=O)ccc1O"
"CHEMBL6193283","CCOP(=O)(CCCn1cc(CN2C/C(=C\c3ccc(F)cc3)C(=O)/C(=C/c3ccc(F)cc3)C2)nn1)OCC","CCOP(=O)(CCCn1cc(CN2C/C(=C\c3ccc(F)cc3)C(=O)/C(=C/c3ccc(F)cc3)C2)nn1)OCC"
"CHEMBL3629753","COc1cc(/C=C/C(=O)/C=C/c2ccc([N+](=O)[O-])cc2)ccc1OCc1cn(CCN2C(=O)C(=O)c3cc(Cl)ccc32)nn1","COc1cc(/C=C/C(=O)/C=C/c2ccc([N+](=O)[O-])cc2)ccc1OCc1cn(CCN2C(=O)C(=O)c3cc(Cl)ccc32)nn1"
"CHEMBL3627982","COc1cc(/C=C/C(=O)/C=C/c2ccc(Cl)cc2)ccc1OCc1cn(CCN2C(=O)C(=O)c3cc(Br)ccc32)nn1","COc1cc(/C=C/C(=O)/C=C/c2ccc(Cl)cc2)ccc1OCc1cn(CCN2C(=O)C(=O)c3cc(Br)ccc32)nn1"
"CHEMBL3627986","COc1cc(/C=C/C(=O)/C=C/c2cccc([N+](=O)[O-])c2)ccc1OCc1cn(CCN2C(=O)C(=O)c3cc(Br)ccc32)nn1","COc1cc(/C=C/C(=O)/C=C/c2cccc([N+](=O)[O-])c2)ccc1OCc1cn(CCN2C(=O)C(=O)c3cc(Br)ccc32)nn1"
"CHEMBL3753302","COc1cc(/C=C2\CCC/C(=C\c3cccc(F)c3)C2=O)ccc1O","COc1cc(/C=C2\CCC/C(=C\c3cccc(F)c3)C2=O)ccc1O"
"CHEMBL2316152","COc1cc(/C=C2\CCC/C(=C\c3ccccc3OC)C2=O)cc(OC)c1","COc1cc(/C=C2\CCC/C(=C\c3ccccc3OC)C2=O)cc(OC)c1"
"CHEMBL1767231","CN(C)c1ccc(/C=C/C(=O)/C=C/c2cccc(N)c2)cc1","CN(C)c1ccc(/C=C/C(=O)/C=C/c2cccc(N)c2)cc1"
"CHEMBL4575348","O=C(/C=C/c1cc(O)ccc1O)/C=C/c1cccc(O)c1O","O=C(/C=C/c1cc(O)ccc1O)/C=C/c1cccc(O)c1O"
"CHEMBL3317614","O=C(/C=C/c1ccccc1Oc1ncnc2ccc(Cl)cc12)/C=C/c1cccc(Cl)c1Cl","O=C(/C=C/c1ccccc1Oc1ncnc2ccc(Cl)cc12)/C=C/c1cccc(Cl)c1Cl"
"CHEMBL1814479","CC1(C)C=C(CN2C/C(=C\c3ccc(F)cc3)C(=O)/C(=C/c3ccc(F)cc3)C2)CC(C)(C)N1[O]","CC1(C)C=C(CN2C/C(=C\c3ccc(F)cc3)C(=O)/C(=C/c3ccc(F)cc3)C2)CC(C)(C)N1[O]"
"CHEMBL3314662","COc1cc(/C=C2\CSC/C(=C\c3ccc(O)c(OC)c3)C2=O)ccc1O","COc1cc(/C=C2\CSC/C(=C\c3ccc(O)c(OC)c3)C2=O)ccc1O"
"CHEMBL3786129","COc1cc(/C=C2\CC(C)C/C(=C\c3cc(OC)c(OC)c(OC)c3Br)C2=O)c(Br)c(OC)c1OC","COc1cc(/C=C2\CC(C)C/C(=C\c3cc(OC)c(OC)c(OC)c3Br)C2=O)c(Br)c(OC)c1OC"
"CHEMBL1253860","O=C(CN1C/C(=C\c2ccccc2F)C(=O)/C(=C/c2ccccc2F)C1)NCc1ccc(F)cc1","O=C(CN1C/C(=C\c2ccccc2F)C(=O)/C(=C/c2ccccc2F)C1)NCc1ccc(F)cc1"
"CHEMBL3735381","O=C1/C(=C/c2ccc(OCCBr)cc2)CCC/C1=C\c1ccc(OCCBr)cc1","O=C1/C(=C/c2ccc(OCCBr)cc2)CCC/C1=C\c1ccc(OCCBr)cc1"
"CHEMBL3752824","COc1cc(/C=C2\CCC/C(=C\c3ccc4ccccc4c3)C2=O)ccc1O","COc1cc(/C=C2\CCC/C(=C\c3ccc4ccccc4c3)C2=O)ccc1O"
"CHEMBL1814587","COc1ccc(/C=C2\CN(CC3=CC(C)(C)N([O])C3(C)C)C/C(=C\c3ccc(OC)c(OC)c3OC)C2=O)c(OC)c1OC","COc1ccc(/C=C2\CN(CC3=CC(C)(C)N([O])C3(C)C)C/C(=C\c3ccc(OC)c(OC)c3OC)C2=O)c(OC)c1OC"
"CHEMBL1631817","CCOc1ccc(Br)cc1/C=C1\CCC/C(=C\c2cc(Br)ccc2OCC)C1=O","CCOc1ccc(Br)cc1/C=C1\CCC/C(=C\c2cc(Br)ccc2OCC)C1=O"
"CHEMBL3735255","COc1cc(/C=C2\CC/C(=C\c3ccc(OCCCN4CCCCC4)c(OC)c3)C2=O)ccc1OCCCN1CCCCC1","COc1cc(/C=C2\CC/C(=C\c3ccc(OCCCN4CCCCC4)c(OC)c3)C2=O)ccc1OCCCN1CCCCC1"
"CHEMBL1767211","CN(C)c1ccc(/C=C/C(=O)/C=C/c2ccccc2)cc1","CN(C)c1ccc(/C=C/C(=O)/C=C/c2ccccc2)cc1"
"CHEMBL3219877","O=C(/C=C/c1ccc(OCc2ccc(I)cc2)cc1)/C=C/c1cccc(Cl)c1Cl","O=C(/C=C/c1ccc(OCc2ccc(I)cc2)cc1)/C=C/c1cccc(Cl)c1Cl"
"CHEMBL4225436","CC(C)C[C@H](NC(=O)N1C/C(=C\c2ccc(F)cc2)C(=O)/C(=C/c2ccc(F)cc2)C1)B1OC(C)(C)C(C)(C)O1","CC(C)C[C@H](NC(=O)N1C/C(=C\c2ccc(F)cc2)C(=O)/C(=C/c2ccc(F)cc2)C1)B1OC(C)(C)C(C)(C)O1"
"CHEMBL1929146","COc1ccc(/C=C/c2cc(OC)cc(OC)c2/C=C/C(=O)/C=C/c2cccc(C(F)(F)F)c2)cc1","COc1ccc(/C=C/c2cc(OC)cc(OC)c2/C=C/C(=O)/C=C/c2cccc(C(F)(F)F)c2)cc1"
"CHEMBL1731017","CCN(CC)CCC(=O)N1C/C(=C/c2ccccc2)C(=O)/C(=C\c2ccccc2)C1.Cl","CCN(CC)CCC(=O)N1C/C(=C/c2ccccc2)C(=O)/C(=C\c2ccccc2)C1.Cl"
"CHEMBL3410525","Cc1ccc(/C=C2\CS(=O)(=O)C/C(=C\c3ccc(C)cc3)C2=O)cc1","Cc1ccc(/C=C2\CS(=O)(=O)C/C(=C\c3ccc(C)cc3)C2=O)cc1"
"CHEMBL2079269","O=C1/C(=C/c2ccc(O)cc2)CNC/C1=C\c1ccc(O)cc1","O=C1/C(=C/c2ccc(O)cc2)CNC/C1=C\c1ccc(O)cc1"
"CHEMBL3735598","CCN(CC)CCCOc1ccc(/C=C2\CCC/C(=C\c3ccc(OCCCN(CC)CC)c(OC)c3)C2=O)cc1OC","CCN(CC)CCCOc1ccc(/C=C2\CCC/C(=C\c3ccc(OCCCN(CC)CC)c(OC)c3)C2=O)cc1OC"
"CHEMBL3629553","COc1cc(/C=C/C(=O)/C=C/c2ccccc2)ccc1OCc1cn(CCN2C(=O)C(=O)c3ccccc32)nn1","COc1cc(/C=C/C(=O)/C=C/c2ccccc2)ccc1OCc1cn(CCN2C(=O)C(=O)c3ccccc32)nn1"
"CHEMBL3290186","COc1cc(/C=C/C(=O)/C=C/c2cc(F)c(O)c(OC)c2)cc(F)c1O","COc1cc(/C=C/C(=O)/C=C/c2cc(F)c(O)c(OC)c2)cc(F)c1O"
"CHEMBL440408","COc1cc(/C=C/C(=O)C(=Cc2ccccc2)C(=O)/C=C/c2ccc(O)c(OC)c2)ccc1O","COc1cc(/C=C/C(=O)C(=Cc2ccccc2)C(=O)/C=C/c2ccc(O)c(OC)c2)ccc1O"
"CHEMBL476623","CCOc1ccc(/C=C2\CCC/C(=C\c3ccc(OCC)cc3)C2=O)cc1","CCOc1ccc(/C=C2\CCC/C(=C\c3ccc(OCC)cc3)C2=O)cc1"
"CHEMBL3629633","COc1cc(/C=C/C(=O)/C=C/c2cccc3ccccc23)ccc1OCc1cn(CCN2C(=O)C(=O)c3ccccc32)nn1","COc1cc(/C=C/C(=O)/C=C/c2cccc3ccccc23)ccc1OCc1cn(CCN2C(=O)C(=O)c3ccccc32)nn1"
"CHEMBL1767210","CNc1ccc(/C=C/C(=O)/C=C/c2ccc(OCCOCCOCC[18F])cc2)cc1","CNc1ccc(/C=C/C(=O)/C=C/c2ccc(OCCOCCOCC[18F])cc2)cc1"
"CHEMBL2036330","O=C1/C(=C/c2ccc(O)cc2)COC/C1=C\c1ccc(O)cc1","O=C1/C(=C/c2ccc(O)cc2)COC/C1=C\c1ccc(O)cc1"
"CHEMBL1767205","CNc1ccc(/C=C/C(=O)/C=C/c2ccc(OCCOCCOCCF)cc2)cc1","CNc1ccc(/C=C/C(=O)/C=C/c2ccc(OCCOCCOCCF)cc2)cc1"
"CHEMBL3397738","CCCCCCCCCCCC(=O)N1C/C(=C\c2ccccc2)C(=O)/C(=C/c2ccccc2)C1","CCCCCCCCCCCC(=O)N1C/C(=C\c2ccccc2)C(=O)/C(=C/c2ccccc2)C1"
"CHEMBL2430962","O=C(/C=C/c1ccc(Cl)cc1)/C=C/c1ccc(Oc2ncnc3ccccc23)cc1","O=C(/C=C/c1ccc(Cl)cc1)/C=C/c1ccc(Oc2ncnc3ccccc23)cc1"
"CHEMBL2391211","CN(C)c1ccc(/C=C2\CN(C(=O)C(=O)N3C/C(=C\c4ccc(N(C)C)cc4)C(=O)/C(=C/c4ccc(N(C)C)cc4)C3)C/C(=C\c3ccc(N(C)C)cc3)C2=O)cc1","CN(C)c1ccc(/C=C2\CN(C(=O)C(=O)N3C/C(=C\c4ccc(N(C)C)cc4)C(=O)/C(=C/c4ccc(N(C)C)cc4)C3)C/C(=C\c3ccc(N(C)C)cc3)C2=O)cc1"
"CHEMBL2391205","O=C1/C(=C/c2ccc(Cl)cc2)CN(C(=O)C(=O)N2C/C(=C\c3ccc(Cl)cc3)C(=O)/C(=C/c3ccc(Cl)cc3)C2)C/C1=C\c1ccc(Cl)cc1","O=C1/C(=C/c2ccc(Cl)cc2)CN(C(=O)C(=O)N2C/C(=C\c3ccc(Cl)cc3)C(=O)/C(=C/c3ccc(Cl)cc3)C2)C/C1=C\c1ccc(Cl)cc1"
"CHEMBL4061229","CCN1C/C(=C\c2cc(F)c(F)cc2F)C(=O)/C(=C/c2cc(F)c(F)cc2F)C1","CCN1C/C(=C\c2cc(F)c(F)cc2F)C(=O)/C(=C/c2cc(F)c(F)cc2F)C1"
"CHEMBL4089381","CCN1C/C(=C\c2cc(F)cc(F)c2)C(=O)/C(=C/c2cc(F)cc(F)c2)C1","CCN1C/C(=C\c2cc(F)cc(F)c2)C(=O)/C(=C/c2cc(F)cc(F)c2)C1"
"CHEMBL3787757","COCC[S+](C)CCC(=O)N1C/C(=C\c2ccccc2)C(=O)/C(=C/c2ccccc2)C1","COCC[S+](C)CCC(=O)N1C/C(=C\c2ccccc2)C(=O)/C(=C/c2ccccc2)C1"
"CHEMBL3409216","COc1ccc(/C=C/C(=O)/C=C/c2cc(OC)c(O)c(OC)c2)cc1OC","COc1ccc(/C=C/C(=O)/C=C/c2cc(OC)c(O)c(OC)c2)cc1OC"
"CHEMBL2036331","COc1ccc(/C=C2\COC/C(=C\c3ccc(OC)cc3)C2=O)cc1","COc1ccc(/C=C2\COC/C(=C\c3ccc(OC)cc3)C2=O)cc1"
"CHEMBL2012934","O=C1/C(=C/c2ccccc2)CN(C(=O)c2cccc(C(=O)N3C/C(=C\c4ccccc4)C(=O)/C(=C/c4ccccc4)C3)c2)C/C1=C\c1ccccc1","O=C1/C(=C/c2ccccc2)CN(C(=O)c2cccc(C(=O)N3C/C(=C\c4ccccc4)C(=O)/C(=C/c4ccccc4)C3)c2)C/C1=C\c1ccccc1"
"CHEMBL2380671","O=C1/C(=C/c2ccccc2Cl)CN(C(=O)[C@H]2C[C@H]3CCCN3[C@]23C(=O)Nc2cc(Cl)ccc23)C/C1=C\c1ccccc1Cl","O=C1/C(=C/c2ccccc2Cl)CN(C(=O)[C@H]2C[C@H]3CCCN3[C@]23C(=O)Nc2cc(Cl)ccc23)C/C1=C\c1ccccc1Cl"
"CHEMBL3740779","COc1cc(/C=C/C(=O)/C=C/c2cc(Br)ccc2Br)ccc1O","COc1cc(/C=C/C(=O)/C=C/c2cc(Br)ccc2Br)ccc1O"
"CHEMBL521376","CCOP(=O)(CCN1C/C(=C\c2ccc(F)cc2)C(=O)/C(=C/c2ccc(F)cc2)C1)OCC","CCOP(=O)(CCN1C/C(=C\c2ccc(F)cc2)C(=O)/C(=C/c2ccc(F)cc2)C1)OCC"
"CHEMBL3309953","O=C1/C(=C/c2ccc(N3CCCC3)cc2)CCC/C1=C\c1ccc(N2CCCC2)cc1","O=C1/C(=C/c2ccc(N3CCCC3)cc2)CCC/C1=C\c1ccc(N2CCCC2)cc1"
"CHEMBL3317612","O=C(/C=C/c1ccc(Cl)c(Cl)c1)/C=C/c1ccccc1Oc1ncnc2ccc(Cl)cc12","O=C(/C=C/c1ccc(Cl)c(Cl)c1)/C=C/c1ccccc1Oc1ncnc2ccc(Cl)cc12"
"CHEMBL3104352","O=C(/C=C/c1ccc(F)c(F)c1)/C=C/c1ccc(F)c(F)c1","O=C(/C=C/c1ccc(F)c(F)c1)/C=C/c1ccc(F)c(F)c1"
"CHEMBL522882","COc1cc(/C=C/C(=O)/C=C/c2cc(OC)cc(OC)c2)cc(OC)c1","COc1cc(/C=C/C(=O)/C=C/c2cc(OC)cc(OC)c2)cc(OC)c1"
"CHEMBL3924989","COc1cc(/C=C2\CN(C(=O)CCC(=O)NCCCNCCCCNCCCN)C/C(=C\c3ccc(O)c(OC)c3)C2=O)ccc1O.O=C(O)C(F)(F)F","COc1cc(/C=C2\CN(C(=O)CCC(=O)NCCCNCCCCNCCCN)C/C(=C\c3ccc(O)c(OC)c3)C2=O)ccc1O.O=C(O)C(F)(F)F"
"CHEMBL4293195","COc1cc(/C=C2\CCC/C(=C\c3ccc(OC)c(OC)c3)C2=O)cc(OC)c1","COc1cc(/C=C2\CCC/C(=C\c3ccc(OC)c(OC)c3)C2=O)cc(OC)c1"
"CHEMBL4295235","COc1ccc(/C=C2\CCC/C(=C\c3cccc(Cl)c3Cl)C2=O)cc1OC","COc1ccc(/C=C2\CCC/C(=C\c3cccc(Cl)c3Cl)C2=O)cc1OC"
"CHEMBL4283526","COc1cccc(/C=C2\CCC/C(=C\c3ccc(OC)c(OC)c3)C2=O)c1","COc1cccc(/C=C2\CCC/C(=C\c3ccc(OC)c(OC)c3)C2=O)c1"
"CHEMBL181043","COc1ccc(/C=C2\Cc3ccccc3/C(=C\c3ccc([N+](=O)[O-])cc3)C2=O)cc1OC","COc1ccc(/C=C2\Cc3ccccc3/C(=C\c3ccc([N+](=O)[O-])cc3)C2=O)cc1OC"
"CHEMBL3764362","Cl.Cl.Cl.O=C1/C(=C/c2ccc(O)c(CN3CCOCC3)c2)CNC/C1=C\c1ccc(O)c(CN2CCOCC2)c1","Cl.Cl.Cl.O=C1/C(=C/c2ccc(O)c(CN3CCOCC3)c2)CNC/C1=C\c1ccc(O)c(CN2CCOCC2)c1"
"CHEMBL3764662","Cl.Cl.Cl.O=C1/C(=C/c2ccc(O)c(CN3CCCC3)c2)CNC/C1=C\c1ccc(O)c(CN2CCCC2)c1","Cl.Cl.Cl.O=C1/C(=C/c2ccc(O)c(CN3CCCC3)c2)CNC/C1=C\c1ccc(O)c(CN2CCCC2)c1"
"CHEMBL3221213","Cc1ccc(S(=O)(=O)N2C/C(=C\c3c(Cl)cccc3Cl)C(=O)/C(=C/c3c(Cl)cccc3Cl)C2)cc1","Cc1ccc(S(=O)(=O)N2C/C(=C\c3c(Cl)cccc3Cl)C(=O)/C(=C/c3c(Cl)cccc3Cl)C2)cc1"
"CHEMBL3397741","CCCCCCCCCCCCCCCCCC(=O)N1C/C(=C\c2ccccc2)C(=O)/C(=C/c2ccccc2)C1","CCCCCCCCCCCCCCCCCC(=O)N1C/C(=C\c2ccccc2)C(=O)/C(=C/c2ccccc2)C1"
"CHEMBL1800107","COc1cc(/C=C/C(=O)/C(=C/c2cc(OC)c(OC)c(OC)c2)C(C)=O)cc(OC)c1OC","COc1cc(/C=C/C(=O)/C(=C/c2cc(OC)c(OC)c(OC)c2)C(C)=O)cc(OC)c1OC"
"CHEMBL3105861","COc1ccc(/C=C/C(=O)/C(C)=C/c2ccc(OC)cc2)cc1","COc1ccc(/C=C/C(=O)/C(C)=C/c2ccc(OC)cc2)cc1"
"CHEMBL1767232","CNc1cccc(/C=C/C(=O)/C=C/c2ccc(N(C)C)cc2)c1","CNc1cccc(/C=C/C(=O)/C=C/c2ccc(N(C)C)cc2)c1"
"CHEMBL4562833","CN1[C@@H]2CC[C@H]1/C(=C\c1cccc(Br)c1)C(=O)/C2=C/c1cccc(Br)c1","CN1[C@@H]2CC[C@H]1/C(=C\c1cccc(Br)c1)C(=O)/C2=C/c1cccc(Br)c1"
"CHEMBL3984034","Cc1ccc(/C=C2\CN(Cc3cccc(C)c3)C/C(=C\c3ccc(C)cc3)C2=O)cc1","Cc1ccc(/C=C2\CN(Cc3cccc(C)c3)C/C(=C\c3ccc(C)cc3)C2=O)cc1"
"CHEMBL3937868","O=C1/C(=C/c2ccc(Cl)cc2)CN(Cc2ccc3ccccc3c2)C/C1=C\c1ccc(Cl)cc1","O=C1/C(=C/c2ccc(Cl)cc2)CN(Cc2ccc3ccccc3c2)C/C1=C\c1ccc(Cl)cc1"
"CHEMBL1719994","Cl.O=C1/C(=C\c2ccc(Cl)c(Cl)c2)CN(C(=O)CCN2CCOCC2)C/C1=C/c1ccc(Cl)c(Cl)c1","Cl.O=C1/C(=C\c2ccc(Cl)c(Cl)c2)CN(C(=O)CCN2CCOCC2)C/C1=C/c1ccc(Cl)c(Cl)c1"
"CHEMBL1981213","COc1ccc(/C=C2/C[N+](C)(C)C/C(=C/c3ccc(OC)cc3)C2=O)cc1.[I-]","COc1ccc(/C=C2/C[N+](C)(C)C/C(=C/c3ccc(OC)cc3)C2=O)cc1.[I-]"
"CHEMBL1631816","O=C1/C(=C/c2ccc(C(F)(F)F)cc2F)CCC/C1=C\c1ccc(C(F)(F)F)cc1F","O=C1/C(=C/c2ccc(C(F)(F)F)cc2F)CCC/C1=C\c1ccc(C(F)(F)F)cc1F"
"CHEMBL504127","CCN(CC)CCOc1ccc(C(=O)N2C/C(=C\c3ccc([N+](=O)[O-])cc3)C(=O)/C(=C/c3ccc([N+](=O)[O-])cc3)C2)cc1.Cl","CCN(CC)CCOc1ccc(C(=O)N2C/C(=C\c3ccc([N+](=O)[O-])cc3)C(=O)/C(=C/c3ccc([N+](=O)[O-])cc3)C2)cc1.Cl"
"CHEMBL4445663","CC(C)(C)OC(=O)N1C/C(=C\c2cccc(O)c2)C(=O)/C(=C/c2cccc(O)c2)C1","CC(C)(C)OC(=O)N1C/C(=C\c2cccc(O)c2)C(=O)/C(=C/c2cccc(O)c2)C1"
"CHEMBL4299841","CCN(CC)c1ccc(/C=C2\CC/C(=C\c3ccc(N(CCC(=O)O)CCC(=O)O)cc3)C2=O)cc1","CCN(CC)c1ccc(/C=C2\CC/C(=C\c3ccc(N(CCC(=O)O)CCC(=O)O)cc3)C2=O)cc1"
"CHEMBL3765959","O=C1/C(=C/c2ccc(O)c(CN3CCCCC3)c2)CNC/C1=C\c1ccc(O)c(CN2CCCCC2)c1","O=C1/C(=C/c2ccc(O)c(CN3CCCCC3)c2)CNC/C1=C\c1ccc(O)c(CN2CCCCC2)c1"
"CHEMBL2008194","CCN(CC)c1ccc(/C=C2/C[N+](C)(C)C/C(=C/c3ccc(N(CC)CC)cc3)C2=O)cc1","CCN(CC)c1ccc(/C=C2/C[N+](C)(C)C/C(=C/c3ccc(N(CC)CC)cc3)C2=O)cc1"
"CHEMBL1289655","C[n+]1cccc2cc(/C=C/C(=O)/C=C/c3ccc4c(ccc[n+]4C)c3)ccc21.[I-].[I-]","C[n+]1cccc2cc(/C=C/C(=O)/C=C/c3ccc4c(ccc[n+]4C)c3)ccc21.[I-].[I-]"
"CHEMBL1618402","C[n+]1cccc2cc(/C=C/C(=O)/C=C/c3ccc4c(ccc[n+]4C)c3)ccc21","C[n+]1cccc2cc(/C=C/C(=O)/C=C/c3ccc4c(ccc[n+]4C)c3)ccc21"
"CHEMBL2008974","CN1C/C(=C\c2ccc(C(=O)O)cc2)C(=O)/C(=C/c2ccc(C(=O)O)cc2)C1","CN1C/C(=C\c2ccc(C(=O)O)cc2)C(=O)/C(=C/c2ccc(C(=O)O)cc2)C1"
"CHEMBL1767201","CNc1ccc(/C=C/C(=O)/C=C/c2ccc(I)cc2)cc1","CNc1ccc(/C=C/C(=O)/C=C/c2ccc(I)cc2)cc1"
"CHEMBL2008228","C[N+]1(C)C/C(=C/c2ccc(F)cc2)C(=O)/C(=C\c2ccc(F)cc2)C1","C[N+]1(C)C/C(=C/c2ccc(F)cc2)C(=O)/C(=C\c2ccc(F)cc2)C1"
"CHEMBL1767207","CNc1ccc(/C=C/C(=O)/C=C/c2ccc([125I])cc2)cc1","CNc1ccc(/C=C/C(=O)/C=C/c2ccc([125I])cc2)cc1"
"CHEMBL151481","CN(C)C(=N)c1ccc(/C=C2/CCCC/C(=C\c3ccc(C(=N)N)cc3)C2=O)cc1","CN(C)C(=N)c1ccc(/C=C2/CCCC/C(=C\c3ccc(C(=N)N)cc3)C2=O)cc1"
"CHEMBL498372","CC(C)(C)c1cc(/C=C2\CC/C(=C\c3cc(C(C)(C)C)c(O)c(C(C)(C)C)c3)C2=O)cc(C(C)(C)C)c1O","CC(C)(C)c1cc(/C=C2\CC/C(=C\c3cc(C(C)(C)C)c(O)c(C(C)(C)C)c3)C2=O)cc(C(C)(C)C)c1O"
"CHEMBL474513","O=C1/C(=C/c2ccc(OCc3ccccc3)cc2)CCC/C1=C\c1ccc(OCc2ccccc2)cc1","O=C1/C(=C/c2ccc(OCc3ccccc3)cc2)CCC/C1=C\c1ccc(OCc2ccccc2)cc1"
"CHEMBL2315080","Cc1nccn1CCCCOc1ccc(/C=C2\CC/C(=C\c3ccc(OCCCCn4ccnc4C)cc3)C2=O)cc1","Cc1nccn1CCCCOc1ccc(/C=C2\CC/C(=C\c3ccc(OCCCCn4ccnc4C)cc3)C2=O)cc1"
"CHEMBL2315373","Cc1nccn1CCOc1ccc(/C=C2\CC/C(=C\c3ccc(OCCn4ccnc4C)cc3)C2=O)cc1","Cc1nccn1CCOc1ccc(/C=C2\CC/C(=C\c3ccc(OCCn4ccnc4C)cc3)C2=O)cc1"
"CHEMBL2315385","COc1cc(/C=C2\CC/C(=C\c3ccc(OCCN(C)C)c(OC)c3)C2=O)ccc1OCCN(C)C","COc1cc(/C=C2\CC/C(=C\c3ccc(OCCN(C)C)c(OC)c3)C2=O)ccc1OCCN(C)C"
"CHEMBL4168349","COc1cc(/C=C2\CN(C)C/C(=C\c3cc(OC)cc(OC)c3)C2=O)cc(OC)c1","COc1cc(/C=C2\CN(C)C/C(=C\c3cc(OC)cc(OC)c3)C2=O)cc(OC)c1"
"CHEMBL2332538","C=CC(=O)N1C/C(=C\c2ccccc2C)C(=O)/C(=C/c2ccccc2C)C1","C=CC(=O)N1C/C(=C\c2ccccc2C)C(=O)/C(=C/c2ccccc2C)C1"
"CHEMBL4754377","O=C1/C(=C/c2ccc(F)cc2)CN(S(=O)(=O)c2ccc(Br)cc2)C/C1=C\c1ccc(F)cc1","O=C1/C(=C/c2ccc(F)cc2)CN(S(=O)(=O)c2ccc(Br)cc2)C/C1=C\c1ccc(F)cc1"
"CHEMBL4164441","COc1cc(/C=C2\CN(S(=O)(=O)c3ccc(NC(C)=O)cc3)C/C(=C\c3cccc([N+](=O)[O-])c3)C2=O)cc(OC)c1OC","COc1cc(/C=C2\CN(S(=O)(=O)c3ccc(NC(C)=O)cc3)C/C(=C\c3cccc([N+](=O)[O-])c3)C2=O)cc(OC)c1OC"
"CHEMBL4170345","COc1cccc(/C=C2\CCC/C(=C\c3ccc(F)cc3)C2=O)c1OC","COc1cccc(/C=C2\CCC/C(=C\c3ccc(F)cc3)C2=O)c1OC"
"CHEMBL1800109","COc1ccc(/C=C/C(=O)C(=Cc2ccc(O)c(OC)c2)C(=O)/C=C/c2ccc(OC)cc2)cc1","COc1ccc(/C=C/C(=O)C(=Cc2ccc(O)c(OC)c2)C(=O)/C=C/c2ccc(OC)cc2)cc1"
"CHEMBL2386411","CCCN1C/C(=C\c2ccc(OC)c(OC)c2)C(=O)/C(=C/c2ccc(OC)c(OC)c2)C1","CCCN1C/C(=C\c2ccc(OC)c(OC)c2)C(=O)/C(=C/c2ccc(OC)c(OC)c2)C1"
"CHEMBL4084082","COc1cc(/C=C2\CCC/C(=C\c3ccc(OC(=O)C(C)C)c(OC)c3)C2=O)ccc1OC(=O)C(C)C","COc1cc(/C=C2\CCC/C(=C\c3ccc(OC(=O)C(C)C)c(OC)c3)C2=O)ccc1OC(=O)C(C)C"
"CHEMBL2235196","CCC(=O)Oc1ccc(/C=C2\CCC/C(=C\c3ccc(OC(=O)CC)c(OC)c3)C2=O)cc1OC","CCC(=O)Oc1ccc(/C=C2\CCC/C(=C\c3ccc(OC(=O)CC)c(OC)c3)C2=O)cc1OC"
"CHEMBL5277651","C#CCOc1ccc(/C=C2\CCC/C(=C\c3ccc(OCC#C)c(OC)c3)C2=O)cc1OC","C#CCOc1ccc(/C=C2\CCC/C(=C\c3ccc(OCC#C)c(OC)c3)C2=O)cc1OC"
"CHEMBL5287486","O=C1/C(=C/c2ccccc2)CN(C(=O)c2ccc(/C=C/C(=O)c3ccc(Cl)cc3)cc2)C/C1=C\c1ccccc1","O=C1/C(=C/c2ccccc2)CN(C(=O)c2ccc(/C=C/C(=O)c3ccc(Cl)cc3)cc2)C/C1=C\c1ccccc1"
"CHEMBL1091226","O=C(/C=C/c1ccc(OC2CCCOC2)cc1)/C=C/c1ccc(OC2CCCOC2)cc1","O=C(/C=C/c1ccc(OC2CCCOC2)cc1)/C=C/c1ccc(OC2CCCOC2)cc1"
"CHEMBL505177","O=C1C(C2=C3c4ccccc4NC3/C(=C\c3ccc(O)cc3)C2=O)=C2C(=Nc3ccccc32)/C1=C\c1ccc(O)cc1","O=C1C(C2=C3c4ccccc4NC3/C(=C\c3ccc(O)cc3)C2=O)=C2C(=Nc3ccccc32)/C1=C\c1ccc(O)cc1"
"CHEMBL2430956","COc1ccc(OC)c(/C=C/C(=O)/C=C/c2ccc(Oc3ncnc4c(C)cccc34)cc2)c1","COc1ccc(OC)c(/C=C/C(=O)/C=C/c2ccc(Oc3ncnc4c(C)cccc34)cc2)c1"
"CHEMBL474956","COc1ccc(/C=C2/C(=O)/C(=C/c3ccc(OC)cc3)C3CCC2N3C)cc1","COc1ccc(/C=C2/C(=O)/C(=C/c3ccc(OC)cc3)C3CCC2N3C)cc1"
"CHEMBL472965","CN1C/C(=C\c2ccc([N+](=O)[O-])cc2)C(=O)/C(=C/c2ccc([N+](=O)[O-])cc2)C1","CN1C/C(=C\c2ccc([N+](=O)[O-])cc2)C(=O)/C(=C/c2ccc([N+](=O)[O-])cc2)C1"
"CHEMBL3309947","CN(C)c1ccc(/C=C2\COC/C(=C\c3ccc(N(C)C)cc3[N+](=O)[O-])C2=O)c([N+](=O)[O-])c1","CN(C)c1ccc(/C=C2\COC/C(=C\c3ccc(N(C)C)cc3[N+](=O)[O-])C2=O)c([N+](=O)[O-])c1"
"CHEMBL4091786","O=C1/C(=C/c2ccc(S(F)(F)(F)(F)F)cc2)CSC/C1=C\c1ccc(S(F)(F)(F)(F)F)cc1","O=C1/C(=C/c2ccc(S(F)(F)(F)(F)F)cc2)CSC/C1=C\c1ccc(S(F)(F)(F)(F)F)cc1"
"CHEMBL2391212","O=C1/C(=C\c2ccccc2)CN(C(=O)CC(=O)N2C/C(=C\c3ccccc3)C(=O)/C(=C/c3ccccc3)C2)C/C1=C\c1ccccc1","O=C1/C(=C\c2ccccc2)CN(C(=O)CC(=O)N2C/C(=C\c3ccccc3)C(=O)/C(=C/c3ccccc3)C2)C/C1=C\c1ccccc1"
"CHEMBL488768","CCOP(=O)(CN1C/C(=C\c2ccc([N+](=O)[O-])cc2)C(=O)/C(=C/c2ccc([N+](=O)[O-])cc2)C1)OCC","CCOP(=O)(CN1C/C(=C\c2ccc([N+](=O)[O-])cc2)C(=O)/C(=C/c2ccc([N+](=O)[O-])cc2)C1)OCC"
"CHEMBL3785176","COCCSCCC(=O)N1C/C(=C\c2ccccc2)C(=O)/C(=C/c2ccccc2)C1","COCCSCCC(=O)N1C/C(=C\c2ccccc2)C(=O)/C(=C/c2ccccc2)C1"
"CHEMBL1255035","CC(=O)N1C/C(=C\c2ccccc2F)C(=O)/C(=C/c2ccccc2F)C1","CC(=O)N1C/C(=C\c2ccccc2F)C(=O)/C(=C/c2ccccc2F)C1"
"CHEMBL4160090","COc1cc(/C=C2\CN(C)C/C(=C\c3ccc(Cl)c(Cl)c3)C2=O)cc(OC)c1OC","COc1cc(/C=C2\CN(C)C/C(=C\c3ccc(Cl)c(Cl)c3)C2=O)cc(OC)c1OC"
"CHEMBL2094829","CCCN1C/C(=C/c2cccc(F)c2)C(=O)/C(=C/c2cccc(F)c2)C1","CCCN1C/C(=C/c2cccc(F)c2)C(=O)/C(=C/c2cccc(F)c2)C1"
"CHEMBL3948973","COc1ccc(/C=C/c2cc(OC)cc(OC)c2/C=C/C(=O)/C=C/c2cccc3ccccc23)cc1","COc1ccc(/C=C/c2cc(OC)cc(OC)c2/C=C/C(=O)/C=C/c2cccc3ccccc23)cc1"
"CHEMBL3972263","COc1ccc(/C=C/c2cc(OC)cc(OC)c2/C=C/C(=O)/C=C/c2ccc3c(c2OC)OCO3)cc1","COc1ccc(/C=C/c2cc(OC)cc(OC)c2/C=C/C(=O)/C=C/c2ccc3c(c2OC)OCO3)cc1"
"CHEMBL3627979","COc1cc(/C=C/C(=O)/C=C/c2cccc3ccccc23)ccc1OCc1cn(CCN2C(=O)C(=O)c3cc(Br)ccc32)nn1","COc1cc(/C=C/C(=O)/C=C/c2cccc3ccccc23)ccc1OCc1cn(CCN2C(=O)C(=O)c3cc(Br)ccc32)nn1"
"CHEMBL3786837","COCCSCCC(=O)N1C/C(=C\c2ccc(C)cc2)C(=O)/C(=C/c2ccc(C)cc2)C1","COCCSCCC(=O)N1C/C(=C\c2ccc(C)cc2)C(=O)/C(=C/c2ccc(C)cc2)C1"
"CHEMBL3219873","O=C(/C=C/c1ccc(Cl)cc1)/C=C/c1ccc(OCc2ccccc2[N+](=O)[O-])cc1","O=C(/C=C/c1ccc(Cl)cc1)/C=C/c1ccc(OCc2ccccc2[N+](=O)[O-])cc1"
"CHEMBL1767383","CN(C)c1ccc(/C=C/C(=O)/C=C/c2c(F)cccc2Cl)cc1","CN(C)c1ccc(/C=C/C(=O)/C=C/c2c(F)cccc2Cl)cc1"
"CHEMBL4280535","COc1ccc(/C=C2\CCC/C(=C\c3cccc(OC)c3OC)C2=O)c(OC)c1","COc1ccc(/C=C2\CCC/C(=C\c3cccc(OC)c3OC)C2=O)c(OC)c1"
"CHEMBL2036332","COc1cc(/C=C2\COC/C(=C\c3cc(OC)c(O)c(OC)c3)C2=O)cc(OC)c1O","COc1cc(/C=C2\COC/C(=C\c3cc(OC)c(O)c(OC)c3)C2=O)cc(OC)c1O"
"CHEMBL2094745","CN1C/C(=C/c2ccc(C#N)cc2)C(=O)/C(=C/c2ccc(C#N)cc2)C1","CN1C/C(=C/c2ccc(C#N)cc2)C(=O)/C(=C/c2ccc(C#N)cc2)C1"
"CHEMBL222543","O=C1/C(=C/c2ccc(O)c(C(=O)O)c2)CCC/C1=C\c1ccc(O)c(C(=O)O)c1","O=C1/C(=C/c2ccc(O)c(C(=O)O)c2)CCC/C1=C\c1ccc(O)c(C(=O)O)c1"
"CHEMBL3734899","O=C1/C(=C/c2ccc(OCCBr)cc2)CC/C1=C\c1ccc(OCCBr)cc1","O=C1/C(=C/c2ccc(OCCBr)cc2)CC/C1=C\c1ccc(OCCBr)cc1"
"CHEMBL4743704","O=C1/C(=C/c2cccc(F)c2)CN(S(=O)(=O)c2ccccc2)C/C1=C\c1cccc(F)c1","O=C1/C(=C/c2cccc(F)c2)CN(S(=O)(=O)c2ccccc2)C/C1=C\c1cccc(F)c1"
"CHEMBL3289927","CCOC(OCC)c1ccc(/C=C2\CN(C)C/C(=C\c3ccc(C(OCC)OCC)cc3)C2=O)cc1","CCOC(OCC)c1ccc(/C=C2\CN(C)C/C(=C\c3ccc(C(OCC)OCC)cc3)C2=O)cc1"
"CHEMBL486927","CCOP(=O)(CCN1C/C(=C\c2ccc([N+](=O)[O-])cc2)C(=O)/C(=C/c2ccc([N+](=O)[O-])cc2)C1)OCC","CCOP(=O)(CCN1C/C(=C\c2ccc([N+](=O)[O-])cc2)C(=O)/C(=C/c2ccc([N+](=O)[O-])cc2)C1)OCC"
"CHEMBL258904","CN1C2CCC1/C(=C\c1cc(Br)c(O)c(Br)c1)C(=O)/C2=C/c1cc(Br)c(O)c(Br)c1","CN1C2CCC1/C(=C\c1cc(Br)c(O)c(Br)c1)C(=O)/C2=C/c1cc(Br)c(O)c(Br)c1"
"CHEMBL3290187","O=C1/C(=C\c2ccc(N3CCCC3)cc2)CCC/C1=C\c1ccc(N2CCCC2)cc1","O=C1/C(=C\c2ccc(N3CCCC3)cc2)CCC/C1=C\c1ccc(N2CCCC2)cc1"
"CHEMBL488767","CCOP(=O)(CN1C/C(=C\c2ccc(F)cc2)C(=O)/C(=C/c2ccc(F)cc2)C1)OCC","CCOP(=O)(CN1C/C(=C\c2ccc(F)cc2)C(=O)/C(=C/c2ccc(F)cc2)C1)OCC"
"CHEMBL3629755","COc1cc(/C=C/C(=O)/C=C/c2ccccc2)ccc1OCc1cn(CCN2C(=O)C(=O)c3cc(Br)ccc32)nn1","COc1cc(/C=C/C(=O)/C=C/c2ccccc2)ccc1OCc1cn(CCN2C(=O)C(=O)c3cc(Br)ccc32)nn1"
"CHEMBL3290192","O=C(/C=C/c1ccc(N2CCCC2)cc1)/C=C/c1ccc(N2CCCC2)cc1","O=C(/C=C/c1ccc(N2CCCC2)cc1)/C=C/c1ccc(N2CCCC2)cc1"
"CHEMBL1814483","O=C1/C(=C/c2ccc(C(F)(F)F)cc2)CNC/C1=C\c1ccc(C(F)(F)F)cc1","O=C1/C(=C/c2ccc(C(F)(F)F)cc2)CNC/C1=C\c1ccc(C(F)(F)F)cc1"
"CHEMBL1314028","COc1ccc(/C=C2\CCC/C(=C\c3ccc(OC)c(OC)c3OC)C2=O)c(OC)c1OC","COc1ccc(/C=C2\CCC/C(=C\c3ccc(OC)c(OC)c3OC)C2=O)c(OC)c1OC"
"CHEMBL4159901","COc1cc(/C=C2\CN(S(=O)(=O)c3ccc(NC(C)=O)cc3)C/C(=C\c3cc(OC)cc(OC)c3)C2=O)cc(OC)c1","COc1cc(/C=C2\CN(S(=O)(=O)c3ccc(NC(C)=O)cc3)C/C(=C\c3cc(OC)cc(OC)c3)C2=O)cc(OC)c1"
"CHEMBL2398585","COc1cc(/C=C/C(=O)/C=C/c2ccc(O)cc2)ccc1O","COc1cc(/C=C/C(=O)/C=C/c2ccc(O)cc2)ccc1O"
"CHEMBL2297362","O=C1/C(=C/c2ccc3c(c2)OCO3)CNC/C1=C\c1ccc2c(c1)OCO2","O=C1/C(=C/c2ccc3c(c2)OCO3)CNC/C1=C\c1ccc2c(c1)OCO2"
"CHEMBL4097090","CCN1C/C(=C\c2ccccc2F)C(=O)/C(=C/c2ccccc2F)C1","CCN1C/C(=C\c2ccccc2F)C(=O)/C(=C/c2ccccc2F)C1"
"CHEMBL4070918","O=C1/C(=C/c2ccc(F)c(F)c2)CSC/C1=C\c1ccc(F)c(F)c1","O=C1/C(=C/c2ccc(F)c(F)c2)CSC/C1=C\c1ccc(F)c(F)c1"
"CHEMBL4099523","CCN1C/C(=C\c2ccc(S(F)(F)(F)(F)F)cc2)C(=O)/C(=C/c2ccc(S(F)(F)(F)(F)F)cc2)C1","CCN1C/C(=C\c2ccc(S(F)(F)(F)(F)F)cc2)C(=O)/C(=C/c2ccc(S(F)(F)(F)(F)F)cc2)C1"
"CHEMBL601000","COc1cc(/C=C/C(=O)/C=C/c2cc(OC)c(OC)c(OC)c2)cc(OC)c1O","COc1cc(/C=C/C(=O)/C=C/c2cc(OC)c(OC)c(OC)c2)cc(OC)c1O"
"CHEMBL3314666","O=C1/C(=C/c2cccc(O)c2)CSC/C1=C\c1cccc(F)c1","O=C1/C(=C/c2cccc(O)c2)CSC/C1=C\c1cccc(F)c1"
"CHEMBL2012928","O=C1/C(=C/c2ccccc2)CN(C(=O)CCCC(=O)N2C/C(=C\c3ccccc3)C(=O)/C(=C/c3ccccc3)C2)C/C1=C\c1ccccc1","O=C1/C(=C/c2ccccc2)CN(C(=O)CCCC(=O)N2C/C(=C\c3ccccc3)C(=O)/C(=C/c3ccccc3)C2)C/C1=C\c1ccccc1"
"CHEMBL2012930","O=C1/C(=C/c2ccccc2)CN(C(=O)C#CC(=O)N2C/C(=C\c3ccccc3)C(=O)/C(=C/c3ccccc3)C2)C/C1=C\c1ccccc1","O=C1/C(=C/c2ccccc2)CN(C(=O)C#CC(=O)N2C/C(=C\c3ccccc3)C(=O)/C(=C/c3ccccc3)C2)C/C1=C\c1ccccc1"
"CHEMBL4089813","COc1cc(/C=C2\COC/C(=C\c3ccccc3F)C2=O)ccc1O","COc1cc(/C=C2\COC/C(=C\c3ccccc3F)C2=O)ccc1O"
"CHEMBL1800964","COc1ccc(/C=C/C(=O)C(=Cc2cc(OC)c(OC)c(OC)c2)C(=O)/C=C/c2ccc(OC)c(OC)c2)cc1OC","COc1ccc(/C=C/C(=O)C(=Cc2cc(OC)c(OC)c(OC)c2)C(=O)/C=C/c2ccc(OC)c(OC)c2)cc1OC"
"CHEMBL3410541","O=C1/C(=C/c2ccc([N+](=O)[O-])cc2)C[S+]([O-])C/C1=C\c1ccc([N+](=O)[O-])cc1","O=C1/C(=C/c2ccc([N+](=O)[O-])cc2)C[S+]([O-])C/C1=C\c1ccc([N+](=O)[O-])cc1"
"CHEMBL4166280","COc1ccc(/C=C2\CCC/C(=C\c3cccc(OC)c3OC)C2=O)c(F)c1","COc1ccc(/C=C2\CCC/C(=C\c3cccc(OC)c3OC)C2=O)c(F)c1"
"CHEMBL3275882","COc1cc(/C=C2\CCC(C)/C(=C\c3cc(OC)c(OCc4ccccc4)c(OC)c3)C2=O)cc(OC)c1OCc1ccccc1","COc1cc(/C=C2\CCC(C)/C(=C\c3cc(OC)c(OCc4ccccc4)c(OC)c3)C2=O)cc(OC)c1OCc1ccccc1"
"CHEMBL1288760","COc1cc(/C=C/C(=O)/C=C/c2ccc(OC)c(OC)c2OC)ccc1OCc1cn([C@H]2C[C@H](n3cc(C)c(=O)[nH]c3=O)O[C@@H]2CO)nn1","COc1cc(/C=C/C(=O)/C=C/c2ccc(OC)c(OC)c2OC)ccc1OCc1cn([C@H]2C[C@H](n3cc(C)c(=O)[nH]c3=O)O[C@@H]2CO)nn1"
"CHEMBL3397744","CCCCCCCCCCCCCCCCCC(=O)N1C/C(=C\c2ccc(C(=O)OCC)cc2)C(=O)/C(=C/c2ccc(C(=O)OCC)cc2)C1","CCCCCCCCCCCCCCCCCC(=O)N1C/C(=C\c2ccc(C(=O)OCC)cc2)C(=O)/C(=C/c2ccc(C(=O)OCC)cc2)C1"
"CHEMBL1767387","COc1ccc(/C=C/C(=O)/C=C/c2ccc(N(C)C)cc2)c(OC)c1","COc1ccc(/C=C/C(=O)/C=C/c2ccc(N(C)C)cc2)c(OC)c1"
"CHEMBL1800976","COc1ccc(OC)c(C=C(C(=O)/C=C/c2ccc(OC)c(OC)c2)C(=O)/C=C/c2ccc(OC)c(OC)c2)c1","COc1ccc(OC)c(C=C(C(=O)/C=C/c2ccc(OC)c(OC)c2)C(=O)/C=C/c2ccc(OC)c(OC)c2)c1"
"CHEMBL5647476","COc1cccc(OC)c1/C=C/C(=O)/C=C/c1ccc(-c2ccccc2)c(C)c1","COc1cccc(OC)c1/C=C/C(=O)/C=C/c1ccc(-c2ccccc2)c(C)c1"
"CHEMBL577322","CCOC(=O)[C@H](Cc1ccc(O)cc1)NC(=O)/C=C\C(=O)N1C/C(=C\c2ccc([N+](=O)[O-])cc2)C(=O)/C(=C/c2ccc([N+](=O)[O-])cc2)C1","CCOC(=O)[C@H](Cc1ccc(O)cc1)NC(=O)/C=C\C(=O)N1C/C(=C\c2ccc([N+](=O)[O-])cc2)C(=O)/C(=C/c2ccc([N+](=O)[O-])cc2)C1"
"CHEMBL1669728","COc1cc(/C=C/C(=O)C(=Cc2cccc(F)c2)C(=O)/C=C/c2ccc(O)c(OC)c2)ccc1O","COc1cc(/C=C/C(=O)C(=Cc2cccc(F)c2)C(=O)/C=C/c2ccc(O)c(OC)c2)ccc1O"
"CHEMBL597300","COc1ccc(/C=C/C(=O)/C=C/c2cc(OC)c(OC)c(OC)c2)cc1","COc1ccc(/C=C/C(=O)/C=C/c2cc(OC)c(OC)c(OC)c2)cc1"
"CHEMBL1800978","COc1ccc(C=C(C(=O)/C=C/c2ccc(O)c(OC)c2)C(=O)/C=C/c2ccc(O)c(OC)c2)c(OC)c1","COc1ccc(C=C(C(=O)/C=C/c2ccc(O)c(OC)c2)C(=O)/C=C/c2ccc(O)c(OC)c2)c(OC)c1"
"CHEMBL1762681","COc1ccc(C2=CC(=O)C=C(c3ccccc3)C2=O)cc1","COc1ccc(C2=CC(=O)C=C(c3ccccc3)C2=O)cc1"
"CHEMBL3313947","COc1cc(/C=C2\CN(C(=O)C(=O)N3C/C(=C\c4cc(OC)c(OC)c(OC)c4)C(=O)/C(=C/c4cc(OC)c(OC)c(OC)c4)C3)C/C(=C\c3cc(OC)c(OC)c(OC)c3)C2=O)cc(OC)c1OC","COc1cc(/C=C2\CN(C(=O)C(=O)N3C/C(=C\c4cc(OC)c(OC)c(OC)c4)C(=O)/C(=C/c4cc(OC)c(OC)c(OC)c4)C3)C/C(=C\c3cc(OC)c(OC)c(OC)c3)C2=O)cc(OC)c1OC"
"CHEMBL2332550","COc1ccccc1/C=C1\CN(C(=O)C[C@H]2C[C@H]3CCCN3[C@]23C(=O)Nc2ccccc23)C/C(=C\c2ccccc2OC)C1=O","COc1ccccc1/C=C1\CN(C(=O)C[C@H]2C[C@H]3CCCN3[C@]23C(=O)Nc2ccccc23)C/C(=C\c2ccccc2OC)C1=O"
"CHEMBL522858","COc1cc(/C=C/C(=O)/C=C/c2cc(OC)c(OS(N)(=O)=O)c(OC)c2)cc(OC)c1OS(N)(=O)=O","COc1cc(/C=C/C(=O)/C=C/c2cc(OC)c(OS(N)(=O)=O)c(OC)c2)cc(OC)c1OS(N)(=O)=O"
"CHEMBL3338597","COc1cccc(/C=C2\CNC/C(=C\c3cccc(OC)c3OC)C2=O)c1OC","COc1cccc(/C=C2\CNC/C(=C\c3cccc(OC)c3OC)C2=O)c1OC"
"CHEMBL1800966","COc1ccc(C=C(C(=O)/C=C/c2ccc(OC)c(OC)c2)C(=O)/C=C/c2ccc(OC)c(OC)c2)cc1OC","COc1ccc(C=C(C(=O)/C=C/c2ccc(OC)c(OC)c2)C(=O)/C=C/c2ccc(OC)c(OC)c2)cc1OC"
"CHEMBL4067901","CCC(=O)Oc1ccc(/C=C2\CC/C(=C\c3ccc(OC(=O)CC)c(OC)c3)C2=O)cc1OC","CCC(=O)Oc1ccc(/C=C2\CC/C(=C\c3ccc(OC(=O)CC)c(OC)c3)C2=O)cc1OC"
"CHEMBL3104704","O=C1/C(=C/c2ccc(Cn3cc(CCO)nn3)cc2)CC/C1=C\c1ccc(Cn2cc(CCO)nn2)cc1","O=C1/C(=C/c2ccc(Cn3cc(CCO)nn3)cc2)CC/C1=C\c1ccc(Cn2cc(CCO)nn2)cc1"
"CHEMBL2012925","O=C1/C(=C/c2ccccc2)CN(C(=O)C(=O)N2C/C(=C\c3ccccc3)C(=O)/C(=C/c3ccccc3)C2)C/C1=C\c1ccccc1","O=C1/C(=C/c2ccccc2)CN(C(=O)C(=O)N2C/C(=C\c3ccccc3)C(=O)/C(=C/c3ccccc3)C2)C/C1=C\c1ccccc1"
"CHEMBL476826","COc1cccc(/C=C2\CC/C(=C\c3cccc(OC)c3OC)C2=O)c1OC","COc1cccc(/C=C2\CC/C(=C\c3cccc(OC)c3OC)C2=O)c1OC"
"CHEMBL477255","CC(C)(C)c1ccc(/C=C2\CCC/C(=C\c3ccc(C(C)(C)C)cc3)C2=O)cc1","CC(C)(C)c1ccc(/C=C2\CCC/C(=C\c3ccc(C(C)(C)C)cc3)C2=O)cc1"
"CHEMBL3943771","C=CCc1cc(/C=C2\CCC/C(=C\c3ccc(O)c(CC=C)c3)C2=O)ccc1O","C=CCc1cc(/C=C2\CCC/C(=C\c3ccc(O)c(CC=C)c3)C2=O)ccc1O"
"CHEMBL3289928","CCOC(OCC)c1ccc(/C=C2\CN(Cc3ccccc3)C/C(=C\c3ccc(C(OCC)OCC)cc3)C2=O)cc1","CCOC(OCC)c1ccc(/C=C2\CN(Cc3ccccc3)C/C(=C\c3ccc(C(OCC)OCC)cc3)C2=O)cc1"
"CHEMBL4283732","O=C1/C(=C/c2ccc(O)c(O)c2)CN(CCc2ccccc2)C/C1=C\c1ccc(O)c(O)c1","O=C1/C(=C/c2ccc(O)c(O)c2)CN(CCc2ccccc2)C/C1=C\c1ccc(O)c(O)c1"
"CHEMBL4160516","COc1cc(/C=C2\CN(C)C/C(=C\c3ccc(Cl)cc3)C2=O)cc(OC)c1OC","COc1cc(/C=C2\CN(C)C/C(=C\c3ccc(Cl)cc3)C2=O)cc(OC)c1OC"
"CHEMBL1254461","O=C1/C(=C/c2ccccc2Br)CNC/C1=C\c1ccccc1Br","O=C1/C(=C/c2ccccc2Br)CNC/C1=C\c1ccccc1Br"
"CHEMBL4165333","COc1ccc(/C=C2\COC/C(=C\c3ccc(Cl)cc3Cl)C2=O)cc1O","COc1ccc(/C=C2\COC/C(=C\c3ccc(Cl)cc3Cl)C2=O)cc1O"
"CHEMBL4164226","COc1ccc(/C=C2\COC/C(=C\c3cccc(OC)c3OC)C2=O)cc1O","COc1ccc(/C=C2\COC/C(=C\c3cccc(OC)c3OC)C2=O)cc1O"
"CHEMBL3739815","COc1cc(/C=C/C(=O)/C=C/c2ccccc2C(F)(F)F)ccc1O","COc1cc(/C=C/C(=O)/C=C/c2ccccc2C(F)(F)F)ccc1O"
"CHEMBL4291994","COc1cc(OC)c2c(=O)c(OCCCOc3ccccc3/C=C/C(=O)/C=C/c3cccc([N+](=O)[O-])c3)c(-c3cc(OC)c(OC)c(OC)c3)oc2c1","COc1cc(OC)c2c(=O)c(OCCCOc3ccccc3/C=C/C(=O)/C=C/c3cccc([N+](=O)[O-])c3)c(-c3cc(OC)c(OC)c(OC)c3)oc2c1"
"CHEMBL513947","COc1ccc(/C=C2\CN(C(=O)CCSCCS)C/C(=C\c3ccc(OC)cc3)C2=O)cc1","COc1ccc(/C=C2\CN(C(=O)CCSCCS)C/C(=C\c3ccc(OC)cc3)C2=O)cc1"
"CHEMBL4177177","O=C1/C(=C/c2ccccc2F)COC/C1=C\c1ccccc1F","O=C1/C(=C/c2ccccc2F)COC/C1=C\c1ccccc1F"
"CHEMBL4454359","CN1CCC(Cc2ccc(/C=C/C(=O)/C=C/c3ccc(CN4CCN(C)CC4)c(O)c3)cc2O)CC1","CN1CCC(Cc2ccc(/C=C/C(=O)/C=C/c3ccc(CN4CCN(C)CC4)c(O)c3)cc2O)CC1"
"CHEMBL4465113","CCCOc1ccc(/C=C2\CN(C(=S)c3ccccc3)C/C(=C\c3ccc(OCCC)c(OC)c3)C2=O)cc1OC","CCCOc1ccc(/C=C2\CN(C(=S)c3ccccc3)C/C(=C\c3ccc(OCCC)c(OC)c3)C2=O)cc1OC"
"CHEMBL3740171","COc1cc(/C=C/C(=O)/C=C/c2ccc(O)cc2Br)ccc1O","COc1cc(/C=C/C(=O)/C=C/c2ccc(O)cc2Br)ccc1O"
"CHEMBL1928981","COc1ccc(/C=C/c2cc(OC)cc(OC)c2/C=C/C(=O)/C=C/c2cc(Cl)cc(Cl)c2)cc1","COc1ccc(/C=C/c2cc(OC)cc(OC)c2/C=C/C(=O)/C=C/c2cc(Cl)cc(Cl)c2)cc1"
"CHEMBL4286089","COc1cccc(/C=C2\CCC/C(=C\c3cc(Cl)cc(Cl)c3)C2=O)c1OC","COc1cccc(/C=C2\CCC/C(=C\c3cc(Cl)cc(Cl)c3)C2=O)c1OC"
"CHEMBL4282433","COc1cccc(/C=C2\CCC/C(=C\c3ccccc3Cl)C2=O)c1OC","COc1cccc(/C=C2\CCC/C(=C\c3ccccc3Cl)C2=O)c1OC"
"CHEMBL4281230","COc1ccccc1/C=C1\CCC/C(=C\c2cccc(OC)c2OC)C1=O","COc1ccccc1/C=C1\CCC/C(=C\c2cccc(OC)c2OC)C1=O"
"CHEMBL4277375","COc1cccc(/C=C2\CCC/C(=C\c3cccc(O)c3)C2=O)c1OC","COc1cccc(/C=C2\CCC/C(=C\c3cccc(O)c3)C2=O)c1OC"
"CHEMBL4290754","COc1cccc(/C=C2\CCC/C(=C\c3ccc(O)c(O)c3)C2=O)c1OC","COc1cccc(/C=C2\CCC/C(=C\c3ccc(O)c(O)c3)C2=O)c1OC"
"CHEMBL422321","N=C(N)c1ccc(/C=C2/CCCCC/C(=C\c3ccc(C(=N)N)cc3)C2=O)cc1","N=C(N)c1ccc(/C=C2/CCCCC/C(=C\c3ccc(C(=N)N)cc3)C2=O)cc1"
"CHEMBL3275883","COc1cc(/C=C2\CC(C)C/C(=C\c3ccc(OCc4ccccc4)c(OC)c3)C2=O)ccc1OCc1ccccc1","COc1cc(/C=C2\CC(C)C/C(=C\c3ccc(OCc4ccccc4)c(OC)c3)C2=O)ccc1OCc1ccccc1"
"CHEMBL4095149","CCOc1cc(/C=C/C(=O)C(=Cc2ccc(O)c(OC)c2)C(=O)/C=C/c2ccc(O)c(OCC)c2)ccc1O","CCOc1cc(/C=C/C(=O)C(=Cc2ccc(O)c(OC)c2)C(=O)/C=C/c2ccc(O)c(OCC)c2)ccc1O"
"CHEMBL1894615","COc1ccc(C=C2CS(=O)(=O)CC(=Cc3ccc(OC)cc3)C2=O)cc1","COc1ccc(C=C2CS(=O)(=O)CC(=Cc3ccc(OC)cc3)C2=O)cc1"
"CHEMBL4176690","CN1C/C(=C\c2ccc(Cl)cc2)C(=O)/C(=C/c2cccc([N+](=O)[O-])c2)C1","CN1C/C(=C\c2ccc(Cl)cc2)C(=O)/C(=C/c2cccc([N+](=O)[O-])c2)C1"
"CHEMBL4094215","COc1cc(/C=C2\CC/C(=C\c3ccc(F)cc3)C2=O)ccc1OC(=O)C(C)C","COc1cc(/C=C2\CC/C(=C\c3ccc(F)cc3)C2=O)ccc1OC(=O)C(C)C"
"CHEMBL4212935","O=C1/C(=C/c2ccccc2)CCC/C1=C\c1cccc(O)c1","O=C1/C(=C/c2ccccc2)CCC/C1=C\c1cccc(O)c1"
"CHEMBL2391209","COc1ccc(/C=C2\CN(C(=O)C(=O)N3C/C(=C\c4ccc(OC)c(OC)c4)C(=O)/C(=C/c4ccc(OC)c(OC)c4)C3)C/C(=C\c3ccc(OC)c(OC)c3)C2=O)cc1OC","COc1ccc(/C=C2\CN(C(=O)C(=O)N3C/C(=C\c4ccc(OC)c(OC)c4)C(=O)/C(=C/c4ccc(OC)c(OC)c4)C3)C/C(=C\c3ccc(OC)c(OC)c3)C2=O)cc1OC"
"CHEMBL472887","COc1ccc(/C=C2\CCC/C(=C\c3ccc(OC)c(OC)c3)C2=O)cc1OC","COc1ccc(/C=C2\CCC/C(=C\c3ccc(OC)c(OC)c3)C2=O)cc1OC"
"CHEMBL4565752","CCCC(=O)Oc1ccc(/C=C2\CN(C(=O)c3ccccc3)C/C(=C\c3ccc(OC(=O)CCC)c(OCC)c3)C2=O)cc1OCC","CCCC(=O)Oc1ccc(/C=C2\CN(C(=O)c3ccccc3)C/C(=C\c3ccc(OC(=O)CCC)c(OCC)c3)C2=O)cc1OCC"
"CHEMBL4642248","COc1cc(/C=C2\CCC/C(=C\c3ccc(O)c(Cl)c3)C2=O)cc(OC)c1OC","COc1cc(/C=C2\CCC/C(=C\c3ccc(O)c(Cl)c3)C2=O)cc(OC)c1OC"
"CHEMBL4643361","O=C1/C(=C/c2ccc3c(c2)OCO3)CN(C(=O)C(Cl)Cl)C/C1=C\c1ccc2c(c1)OCO2","O=C1/C(=C/c2ccc3c(c2)OCO3)CN(C(=O)C(Cl)Cl)C/C1=C\c1ccc2c(c1)OCO2"
"CHEMBL1928974","COc1ccc(/C=C/c2cc(OC)cc(OC)c2/C=C/C(=O)/C=C/c2cccc(Cl)c2)cc1","COc1ccc(/C=C/c2cc(OC)cc(OC)c2/C=C/C(=O)/C=C/c2cccc(Cl)c2)cc1"
"CHEMBL5269612","CC(=O)O.O=C1/C(=C/c2ccccc2F)CNC/C1=C\c1ccccc1F","CC(=O)O.O=C1/C(=C/c2ccccc2F)CNC/C1=C\c1ccccc1F"
"CHEMBL1544797","COc1ccc(/C=C2\CN(Cc3ccccc3)C/C(=C\c3ccc(OC)c(O)c3)C2=O)cc1O","COc1ccc(/C=C2\CN(Cc3ccccc3)C/C(=C\c3ccc(OC)c(O)c3)C2=O)cc1O"
"CHEMBL3742023","COc1cc(/C=C/C(=O)/C=C/c2ccc3ccccc3c2)ccc1O","COc1cc(/C=C/C(=O)/C=C/c2ccc3ccccc3c2)ccc1O"
"CHEMBL2380673","O=C1/C(=C/c2cccc([N+](=O)[O-])c2)CN(C(=O)[C@H]2C[C@H]3CCCN3[C@]23C(=O)Nc2cc(Cl)ccc23)C/C1=C\c1cccc([N+](=O)[O-])c1","O=C1/C(=C/c2cccc([N+](=O)[O-])c2)CN(C(=O)[C@H]2C[C@H]3CCCN3[C@]23C(=O)Nc2cc(Cl)ccc23)C/C1=C\c1cccc([N+](=O)[O-])c1"
"CHEMBL3740050","COc1cc(/C=C/C(=O)/C=C/c2cccc(O)c2)ccc1O","COc1cc(/C=C/C(=O)/C=C/c2cccc(O)c2)ccc1O"
"CHEMBL3740674","COc1cc(/C=C/C(=O)/C=C/c2ccc(OC)c(OC)c2OC)ccc1O","COc1cc(/C=C/C(=O)/C=C/c2ccc(OC)c(OC)c2OC)ccc1O"
"CHEMBL5277963","O=C1/C(=C/c2ccccc2)CN(C(=O)/C=C/c2ccc([N+](=O)[O-])cc2)C/C1=C\c1ccccc1","O=C1/C(=C/c2ccccc2)CN(C(=O)/C=C/c2ccc([N+](=O)[O-])cc2)C/C1=C\c1ccccc1"
"CHEMBL428441","COc1cc(C=C(C(=O)/C=C/c2ccc(O)c(OC)c2)C(=O)/C=C/c2ccc(O)c(OC)c2)ccc1O","COc1cc(C=C(C(=O)/C=C/c2ccc(O)c(OC)c2)C(=O)/C=C/c2ccc(O)c(OC)c2)ccc1O"
"CHEMBL4555555","O=C1/C(=C/c2ccccc2F)CN(C(=S)SCc2cn(Cc3cccc(Cl)c3)nn2)C/C1=C\c1ccccc1F","O=C1/C(=C/c2ccccc2F)CN(C(=S)SCc2cn(Cc3cccc(Cl)c3)nn2)C/C1=C\c1ccccc1F"
"CHEMBL4564564","O=C1/C(=C/c2ccccc2F)CN(Cc2cn(Cc3ccccc3Cl)nn2)C/C1=C\c1ccccc1F","O=C1/C(=C/c2ccccc2F)CN(Cc2cn(Cc3ccccc3Cl)nn2)C/C1=C\c1ccccc1F"
"CHEMBL1800998","CCc1ccc(C=C(C(=O)/C=C/c2ccc(O)c(OC)c2)C(=O)/C=C/c2ccc(O)c(OC)c2)cc1","CCc1ccc(C=C(C(=O)/C=C/c2ccc(O)c(OC)c2)C(=O)/C=C/c2ccc(O)c(OC)c2)cc1"
"CHEMBL2064006","COc1ccc(/C=C/C(=O)C(=Cc2ccc(O)c(F)c2)C(=O)/C=C/c2ccc(OC)cc2OC)c(OC)c1","COc1ccc(/C=C/C(=O)C(=Cc2ccc(O)c(F)c2)C(=O)/C=C/c2ccc(OC)cc2OC)c(OC)c1"
"CHEMBL3409215","COc1cc(/C=C/C(=O)/C=C/c2ccc(C)c(C)c2)cc(OC)c1O","COc1cc(/C=C/C(=O)/C=C/c2ccc(C)c(C)c2)cc(OC)c1O"
"CHEMBL3735798","COc1cc(/C=C2\CCC/C(=C\c3ccc(OCCCN4CCOCC4)c(OC)c3)C2=O)ccc1OCCCN1CCOCC1","COc1cc(/C=C2\CCC/C(=C\c3ccc(OCCCN4CCOCC4)c(OC)c3)C2=O)ccc1OCCCN1CCOCC1"
"CHEMBL3735186","CCN(CC)CCCOc1ccc(/C=C2\CCC/C(=C\c3ccc(OCCCBr)c(OC)c3)C2=O)cc1OC","CCN(CC)CCCOc1ccc(/C=C2\CCC/C(=C\c3ccc(OCCCBr)c(OC)c3)C2=O)cc1OC"
"CHEMBL3734869","COc1cc(/C=C2\CC/C(=C\c3ccc(OCCCBr)c(OC)c3)C2=O)ccc1OCCCBr","COc1cc(/C=C2\CC/C(=C\c3ccc(OCCCBr)c(OC)c3)C2=O)ccc1OCCCBr"
"CHEMBL4857031","N#CC1(c2ccccc2)C/C(=C\c2cccc(F)c2)C(=O)/C(=C/c2cccc(F)c2)C1","N#CC1(c2ccccc2)C/C(=C\c2cccc(F)c2)C(=O)/C(=C/c2cccc(F)c2)C1"
"CHEMBL2094591","O=C1/C(=C\c2ccccc2F)COC/C1=C\c1ccccc1F","O=C1/C(=C\c2ccccc2F)COC/C1=C\c1ccccc1F"
"CHEMBL1814480","CC1(C)c2ccc(CN3C/C(=C\c4ccc(F)cc4)C(=O)/C(=C/c4ccc(F)cc4)C3)cc2C(C)(C)N1[O]","CC1(C)c2ccc(CN3C/C(=C\c4ccc(F)cc4)C(=O)/C(=C/c4ccc(F)cc4)C3)cc2C(C)(C)N1[O]"
"CHEMBL1990474","Cc1ccc(/C=C2\CNC/C(=C\c3ccc(C)cc3)C2=O)cc1.Cl","Cc1ccc(/C=C2\CNC/C(=C\c3ccc(C)cc3)C2=O)cc1.Cl"
"CHEMBL1802463","COc1cccc(CN2C/C(=C\c3ccc(O)c(Br)c3)C(=O)/C(=C/c3ccc(O)c(Br)c3)C2)c1","COc1cccc(CN2C/C(=C\c3ccc(O)c(Br)c3)C(=O)/C(=C/c3ccc(O)c(Br)c3)C2)c1"
"CHEMBL4072927","CCC(=O)Oc1ccc(/C=C2\CNC/C(=C\c3ccc(OC(=O)CC)c(OC)c3)C2=O)cc1OC","CCC(=O)Oc1ccc(/C=C2\CNC/C(=C\c3ccc(OC(=O)CC)c(OC)c3)C2=O)cc1OC"
"CHEMBL4550004","CCOC(=O)C1C/C(=C\c2ccc(O)c(Br)c2)C(=O)/C(=C/c2ccc(O)c(Br)c2)C1","CCOC(=O)C1C/C(=C\c2ccc(O)c(Br)c2)C(=O)/C(=C/c2ccc(O)c(Br)c2)C1"
"CHEMBL559673","O=C(/C=C/c1ccccc1O)/C=C/c1ccccc1O","O=C(/C=C/c1ccccc1O)/C=C/c1ccccc1O"
"CHEMBL4757436","C=CCc1cc(/C=C2\CN(CC)C/C(=C\c3ccc(O)c(CC=C)c3)C2=O)ccc1O","C=CCc1cc(/C=C2\CN(CC)C/C(=C\c3ccc(O)c(CC=C)c3)C2=O)ccc1O"
"CHEMBL387869","COc1ccc(C(=O)N2C/C(=C\c3ccccc3)C(=O)/C(=C/c3ccccc3)C2)cc1","COc1ccc(C(=O)N2C/C(=C\c3ccccc3)C(=O)/C(=C/c3ccccc3)C2)cc1"
"CHEMBL358918","N=C(N)c1ccc(/C=C2/CCCCC/C(=C/c3ccc(C(=N)N)cc3)C2=O)cc1","N=C(N)c1ccc(/C=C2/CCCCC/C(=C/c3ccc(C(=N)N)cc3)C2=O)cc1"
"CHEMBL1253506","CCCCCCCCCCCCCCCC/C=C/C(CC(=O)O)C(=O)N1C/C(=C\c2ccccc2F)C(=O)/C(=C/c2ccccc2F)C1","CCCCCCCCCCCCCCCC/C=C/C(CC(=O)O)C(=O)N1C/C(=C\c2ccccc2F)C(=O)/C(=C/c2ccccc2F)C1"
"CHEMBL4784214","CCOP(=O)(OCC)C(c1ccccc1)N1C/C(=C\c2ccc([N+](=O)[O-])cc2)C(=O)/C(=C/c2ccc([N+](=O)[O-])cc2)C1","CCOP(=O)(OCC)C(c1ccccc1)N1C/C(=C\c2ccc([N+](=O)[O-])cc2)C(=O)/C(=C/c2ccc([N+](=O)[O-])cc2)C1"
"CHEMBL4541843","Cc1ccc(/C=C2\CN(C(=S)SCc3cn(Cc4ccccc4Cl)nn3)C/C(=C\c3ccc(C)cc3)C2=O)cc1","Cc1ccc(/C=C2\CN(C(=S)SCc3cn(Cc4ccccc4Cl)nn3)C/C(=C\c3ccc(C)cc3)C2=O)cc1"
"CHEMBL4084452","COc1ccc(OC)c(/C=C2\COC/C(=C\c3ccccc3F)C2=O)c1","COc1ccc(OC)c(/C=C2\COC/C(=C\c3ccccc3F)C2=O)c1"
"CHEMBL1767229","CN(C)c1ccc(/C=C/C(=O)/C=C/c2cccc(I)c2)cc1","CN(C)c1ccc(/C=C/C(=O)/C=C/c2cccc(I)c2)cc1"
"CHEMBL5408753","COc1ccc(C=C(C(=O)/C=C/c2ccc(O)c(OC)c2)C(=O)/C=C/c2ccc(O)c(OC)c2)cc1","COc1ccc(C=C(C(=O)/C=C/c2ccc(O)c(OC)c2)C(=O)/C=C/c2ccc(O)c(OC)c2)cc1"
"CHEMBL4580092","O=C1/C(=C/c2ccccc2F)CN(C(=S)NC(=O)c2ccccc2)C/C1=C\c1ccccc1F","O=C1/C(=C/c2ccccc2F)CN(C(=S)NC(=O)c2ccccc2)C/C1=C\c1ccccc1F"
"CHEMBL180629","COc1cc(/C=C2/C(=O)/C(=C/c3ccc([N+](=O)[O-])cc3)c3ccccc32)cc(OC)c1OC","COc1cc(/C=C2/C(=O)/C(=C/c3ccc([N+](=O)[O-])cc3)c3ccccc32)cc(OC)c1OC"
"CHEMBL3403489","CCCCCCCCCC(=O)Oc1cccc(/C=C/C(=O)/C=C/c2cccc(OC(=O)CCCCCCCCC)c2)c1","CCCCCCCCCC(=O)Oc1cccc(/C=C/C(=O)/C=C/c2cccc(OC(=O)CCCCCCCCC)c2)c1"
"CHEMBL2235212","O=C1/C(=C/c2ccc(O)cc2O)CC/C1=C\c1ccc(O)cc1O","O=C1/C(=C/c2ccc(O)cc2O)CC/C1=C\c1ccc(O)cc1O"
"CHEMBL3753225","COc1ccc(/C=C2\CC/C(=C\c3ccc(O)c(OC)c3)C2=O)c(F)c1","COc1ccc(/C=C2\CC/C(=C\c3ccc(O)c(OC)c3)C2=O)c(F)c1"
"CHEMBL3754223","COc1cc(/C=C2\CCC/C(=C\c3cccc(OC)c3O)C2=O)ccc1O","COc1cc(/C=C2\CCC/C(=C\c3cccc(OC)c3O)C2=O)ccc1O"
"CHEMBL3105277","O=C1/C(=C/c2cccc(F)c2)CCC/C1=C\c1cccc(F)c1","O=C1/C(=C/c2cccc(F)c2)CCC/C1=C\c1cccc(F)c1"
"CHEMBL129148","O=C1/C(=C/c2ccc(O)c(O)c2)CCC/C1=C\c1ccc(O)c(O)c1","O=C1/C(=C/c2ccc(O)c(O)c2)CCC/C1=C\c1ccc(O)c(O)c1"
"CHEMBL476220","O=C(/C=C/c1ccc(F)cc1)/C=C/c1ccc(F)cc1","O=C(/C=C/c1ccc(F)cc1)/C=C/c1ccc(F)cc1"
"CHEMBL2430963","COc1ccccc1/C=C/C(=O)/C=C/c1ccc(Oc2ncnc3ccccc23)cc1","COc1ccccc1/C=C/C(=O)/C=C/c1ccc(Oc2ncnc3ccccc23)cc1"
"CHEMBL4547797","CCN1[C@@H]2CC[C@H]1/C(=C\c1ccc(OC)c(OC)c1)C(=O)/C2=C/c1ccc(OC)c(OC)c1","CCN1[C@@H]2CC[C@H]1/C(=C\c1ccc(OC)c(OC)c1)C(=O)/C2=C/c1ccc(OC)c(OC)c1"
"CHEMBL347880","O=C1/C(=C/c2ccc(Cl)cc2)CNC/C1=C\c1ccc(Cl)cc1","O=C1/C(=C/c2ccc(Cl)cc2)CNC/C1=C\c1ccc(Cl)cc1"
"CHEMBL4757865","CCOP(=O)(OCC)C(c1ccc(F)cc1)N1C/C(=C\c2ccc(F)cc2)C(=O)/C(=C/c2ccc(F)cc2)C1","CCOP(=O)(OCC)C(c1ccc(F)cc1)N1C/C(=C\c2ccc(F)cc2)C(=O)/C(=C/c2ccc(F)cc2)C1"
"CHEMBL4204837","COc1cccc(/C=C2\COC/C(=C\c3cccc(OC)c3OC)C2=O)c1OC","COc1cccc(/C=C2\COC/C(=C\c3cccc(OC)c3OC)C2=O)c1OC"
"CHEMBL4163477","CC(C)c1ccc(/C=C2\CN(C)C/C(=C\c3ccc(C(C)C)cc3)C2=O)cc1","CC(C)c1ccc(/C=C2\CN(C)C/C(=C\c3ccc(C(C)C)cc3)C2=O)cc1"
"CHEMBL3220167","Cc1ccc(COc2ccc(/C=C/C(=O)/C=C/c3ccc(Cl)cc3)cc2)cc1","Cc1ccc(COc2ccc(/C=C/C(=O)/C=C/c3ccc(Cl)cc3)cc2)cc1"
"CHEMBL3403493","CCCCCCCCCCCCCCCC(=O)Oc1cccc(/C=C/C(=O)/C=C/c2cccc(OC(=O)CCCCCCCCCCCCCCC)c2)c1","CCCCCCCCCCCCCCCC(=O)Oc1cccc(/C=C/C(=O)/C=C/c2cccc(OC(=O)CCCCCCCCCCCCCCC)c2)c1"
"CHEMBL3219855","Cc1ccc(COc2ccccc2/C=C/C(=O)/C=C/c2ccc(Cl)cc2)cc1","Cc1ccc(COc2ccccc2/C=C/C(=O)/C=C/c2ccc(Cl)cc2)cc1"
"CHEMBL4290510","O=C(/C=C/c1ccc(Cl)cc1)/C=C/c1ccc(Oc2cc(=O)oc3ccccc23)cc1","O=C(/C=C/c1ccc(Cl)cc1)/C=C/c1ccc(Oc2cc(=O)oc3ccccc23)cc1"
"CHEMBL1767227","CN(C)c1ccc(/C=C/C(=O)/C=C/c2cccc(F)c2)cc1","CN(C)c1ccc(/C=C/C(=O)/C=C/c2cccc(F)c2)cc1"
"CHEMBL3219875","C=CCOc1ccc(/C=C/C(=O)/C=C/c2ccc(Cl)cc2)cc1","C=CCOc1ccc(/C=C/C(=O)/C=C/c2ccc(Cl)cc2)cc1"
"CHEMBL2012932","O=C1/C(=C/c2ccccc2)CN(C(=O)/C=C/C=C/C(=O)N2C/C(=C\c3ccccc3)C(=O)/C(=C/c3ccccc3)C2)C/C1=C\c1ccccc1","O=C1/C(=C/c2ccccc2)CN(C(=O)/C=C/C=C/C(=O)N2C/C(=C\c3ccccc3)C(=O)/C(=C/c3ccccc3)C2)C/C1=C\c1ccccc1"
"CHEMBL2036333","COc1ccc(/C=C2\COC/C(=C\c3ccc(OC)c(OC)c3OC)C2=O)c(OC)c1OC","COc1ccc(/C=C2\COC/C(=C\c3ccc(OC)c(OC)c3OC)C2=O)c(OC)c1OC"
"CHEMBL2316150","COc1cccc(/C=C2\CCC/C(=C\c3cc(OC)cc(OC)c3)C2=O)c1","COc1cccc(/C=C2\CCC/C(=C\c3cc(OC)cc(OC)c3)C2=O)c1"
"CHEMBL1254868","O=C(O)CCCC(=O)N1C/C(=C\c2ccccc2F)C(=O)/C(=C/c2ccccc2F)C1","O=C(O)CCCC(=O)N1C/C(=C\c2ccccc2F)C(=O)/C(=C/c2ccccc2F)C1"
"CHEMBL2316153","COc1cc(/C=C2\CCC/C(=C\c3ccc(O)cc3)C2=O)cc(OC)c1","COc1cc(/C=C2\CCC/C(=C\c3ccc(O)cc3)C2=O)cc(OC)c1"
"CHEMBL357079","NC(N)c1ccc(/C=C2\CCCC/C(=C\c3ccc(C(N)N)cc3)C2=O)cc1","NC(N)c1ccc(/C=C2\CCCC/C(=C\c3ccc(C(N)N)cc3)C2=O)cc1"
"CHEMBL5283669","COc1ccc(C(=O)/C=C/c2ccc(C(=O)N3C/C(=C\c4ccccc4)C(=O)/C(=C/c4ccccc4)C3)cc2)cc1OC","COc1ccc(C(=O)/C=C/c2ccc(C(=O)N3C/C(=C\c4ccccc4)C(=O)/C(=C/c4ccccc4)C3)cc2)cc1OC"
"CHEMBL1985410","CSc1ccc(/C=C2\CN(C)C/C(=C\c3ccc(SC)cc3)C2=O)cc1.Cl","CSc1ccc(/C=C2\CN(C)C/C(=C\c3ccc(SC)cc3)C2=O)cc1.Cl"
"CHEMBL179834","O=C1/C(=C/c2ccc(O)cc2)CCC/C1=C\c1ccc([N+](=O)[O-])cc1","O=C1/C(=C/c2ccc(O)cc2)CCC/C1=C\c1ccc([N+](=O)[O-])cc1"
"CHEMBL3976003","Cc1cccc(CN2C/C(=C\c3ccccc3)C(=O)/C(=C/c3ccccc3)C2)c1","Cc1cccc(CN2C/C(=C\c3ccccc3)C(=O)/C(=C/c3ccccc3)C2)c1"
"CHEMBL4452608","CCCCNC(=S)N1C/C(=C\c2ccccc2C)C(=O)/C(=C/c2ccccc2C)C1","CCCCNC(=S)N1C/C(=C\c2ccccc2C)C(=O)/C(=C/c2ccccc2C)C1"
"CHEMBL560131","COc1cc(/C=C/C(=O)/C=C/c2ccc(OC(C)=O)c(OC)c2)ccc1OC(C)=O","COc1cc(/C=C/C(=O)/C=C/c2ccc(OC(C)=O)c(OC)c2)ccc1OC(C)=O"
"CHEMBL3797404","COc1ccc(/C=C/C(=O)/C=C/c2ccc(OCc3cn(CCCOc4cc(=O)oc5ccccc45)nn3)c(OC)c2)cc1","COc1ccc(/C=C/C(=O)/C=C/c2ccc(OCc3cn(CCCOc4cc(=O)oc5ccccc45)nn3)c(OC)c2)cc1"
"CHEMBL4159078","Cc1cccc(/C=C2\CN(C)C/C(=C\c3cccc(C)c3)C2=O)c1","Cc1cccc(/C=C2\CN(C)C/C(=C\c3cccc(C)c3)C2=O)c1"
"CHEMBL4097839","COc1cc(/C=C2\CC/C(=C\c3ccc(N4CCCC4)cc3)C2=O)ccc1O","COc1cc(/C=C2\CC/C(=C\c3ccc(N4CCCC4)cc3)C2=O)ccc1O"
"CHEMBL4104346","COc1ccc(/C=C2\CC/C(=C\c3ccc(OC(=O)C(C)C)c(OC)c3)C2=O)cc1","COc1ccc(/C=C2\CC/C(=C\c3ccc(OC(=O)C(C)C)c(OC)c3)C2=O)cc1"
"CHEMBL5639641","O=C(CN1C/C(=C\c2ccccc2Cl)C(=O)/C(=C/c2ccccc2Cl)C1)NCCOCCOCCNc1cccc2c1C(=O)N(C1CCC(=O)NC1=O)C2=O","O=C(CN1C/C(=C\c2ccccc2Cl)C(=O)/C(=C/c2ccccc2Cl)C1)NCCOCCOCCNc1cccc2c1C(=O)N(C1CCC(=O)NC1=O)C2=O"
"CHEMBL1093527","COc1ccc(/C=C2\CCC/C(=C\c3ccc(OC)cc3OC)C2=O)c(OC)c1","COc1ccc(/C=C2\CCC/C(=C\c3ccc(OC)cc3OC)C2=O)c(OC)c1"
"CHEMBL1253505","CCCCCCCCCCCC/C=C/C(CC(=O)O)C(=O)N1C/C(=C\c2ccccc2F)C(=O)/C(=C/c2ccccc2F)C1","CCCCCCCCCCCC/C=C/C(CC(=O)O)C(=O)N1C/C(=C\c2ccccc2F)C(=O)/C(=C/c2ccccc2F)C1"
"CHEMBL4849872","O=C1/C(=C/c2cccc(C(F)(F)F)c2)CSC/C1=C\c1cccc(C(F)(F)F)c1","O=C1/C(=C/c2cccc(C(F)(F)F)c2)CSC/C1=C\c1cccc(C(F)(F)F)c1"
"CHEMBL4636732","Cc1ccc(/C=C2\CN(C(=O)C(Cl)Cl)C/C(=C\c3ccc(C)cc3)C2=O)cc1","Cc1ccc(/C=C2\CN(C(=O)C(Cl)Cl)C/C(=C\c3ccc(C)cc3)C2=O)cc1"
"CHEMBL494972","Cc1ccc(/C=C2\CCC/C(=C\c3cccc([N+](=O)[O-])c3)C2=O)cc1","Cc1ccc(/C=C2\CCC/C(=C\c3cccc([N+](=O)[O-])c3)C2=O)cc1"
"CHEMBL1967438","Cc1ccc(C2=C(c3ccccc3)C(=O)C(c3ccccc3)=C2c2ccc(C)cc2)cc1","Cc1ccc(C2=C(c3ccccc3)C(=O)C(c3ccccc3)=C2c2ccc(C)cc2)cc1"
"CHEMBL326552","N=C(N)c1cccc(/C=C2\CCCC/C(=C\c3cccc(C(=N)N)c3)C2=O)c1","N=C(N)c1cccc(/C=C2\CCCC/C(=C\c3cccc(C(=N)N)c3)C2=O)c1"
"CHEMBL599281","COc1ccc(/C=C/C(=O)/C=C/c2ccc(OC)c(OC)c2)cc1","COc1ccc(/C=C/C(=O)/C=C/c2ccc(OC)c(OC)c2)cc1"
"CHEMBL1289101","COc1ccc(/C=C/C(=O)/C=C/c2ccc(OCc3cn(-c4ccnc5cc(Cl)ccc45)nn3)c(OC)c2)cc1","COc1ccc(/C=C/C(=O)/C=C/c2ccc(OCc3cn(-c4ccnc5cc(Cl)ccc45)nn3)c(OC)c2)cc1"
"CHEMBL5639625","O=C(CN1C/C(=C\c2ccccc2Cl)C(=O)/C(=C/c2ccccc2Cl)C1)NCCOCCOCCOCCNc1cccc2c1C(=O)N(C1CCC(=O)NC1=O)C2=O","O=C(CN1C/C(=C\c2ccccc2Cl)C(=O)/C(=C/c2ccccc2Cl)C1)NCCOCCOCCOCCNc1cccc2c1C(=O)N(C1CCC(=O)NC1=O)C2=O"
"CHEMBL1928985","COc1ccc(/C=C/c2cc(OC)cc(OC)c2/C=C/C(=O)/C=C/c2cccc(F)c2C)cc1","COc1ccc(/C=C/c2cc(OC)cc(OC)c2/C=C/C(=O)/C=C/c2cccc(F)c2C)cc1"
"CHEMBL1631822","COc1ccc(F)c(/C=C2\CC/C(=C\c3cc(OC)ccc3F)C2=O)c1","COc1ccc(F)c(/C=C2\CC/C(=C\c3cc(OC)ccc3F)C2=O)c1"
"CHEMBL3104353","COc1ccc(/C=C2\CCC/C(=C\c3ccc(OC)c(O)c3)C2=O)cc1O","COc1ccc(/C=C2\CCC/C(=C\c3ccc(OC)c(O)c3)C2=O)cc1O"
"CHEMBL1996285","O=C1/C(=C/c2ccccc2)CN(C(=O)C(F)(F)F)C/C1=C\c1ccccc1","O=C1/C(=C/c2ccccc2)CN(C(=O)C(F)(F)F)C/C1=C\c1ccccc1"
"CHEMBL1631820","Cc1cc(N(CCCl)CCCl)ccc1/C=C1\CC/C(=C\c2ccc(N(CCCl)CCCl)cc2C)C1=O","Cc1cc(N(CCCl)CCCl)ccc1/C=C1\CC/C(=C\c2ccc(N(CCCl)CCCl)cc2C)C1=O"
"CHEMBL1094569","O=C(/C=C/c1cc(F)ccc1F)/C=C/c1cc(F)ccc1F","O=C(/C=C/c1cc(F)ccc1F)/C=C/c1cc(F)ccc1F"
"CHEMBL1272120","O=C1/C(=C/c2cccc([N+](=O)[O-])c2)CN(P(=O)(O)O)C/C1=C\c1cccc([N+](=O)[O-])c1","O=C1/C(=C/c2cccc([N+](=O)[O-])c2)CN(P(=O)(O)O)C/C1=C\c1cccc([N+](=O)[O-])c1"
"CHEMBL2235358","COc1ccc(/C=C2\CC/C(=C\c3ccc(OC)c(O)c3)C2=O)cc1O","COc1ccc(/C=C2\CC/C(=C\c3ccc(OC)c(O)c3)C2=O)cc1O"
"CHEMBL25209","COc1ccc(/C=C/C(=O)/C=C/c2ccc(OC)cc2F)c(F)c1","COc1ccc(/C=C/C(=O)/C=C/c2ccc(OC)cc2F)c(F)c1"
"CHEMBL1928965","COc1ccc(/C=C/c2cc(OC)cc(OC)c2/C=C/C(=O)/C=C/c2cc(OC)cc(OC)c2)cc1","COc1ccc(/C=C/c2cc(OC)cc(OC)c2/C=C/C(=O)/C=C/c2cc(OC)cc(OC)c2)cc1"
"CHEMBL2430965","COc1ccc(OC)c(/C=C/C(=O)/C=C/c2ccc(Oc3ncnc4ccccc34)cc2)c1","COc1ccc(OC)c(/C=C/C(=O)/C=C/c2ccc(Oc3ncnc4ccccc34)cc2)c1"
"CHEMBL1271903","Cc1ccc(/C=C2\CN(P(=O)(O)O)C/C(=C\c3ccc(C)cc3)C2=O)cc1","Cc1ccc(/C=C2\CN(P(=O)(O)O)C/C(=C\c3ccc(C)cc3)C2=O)cc1"
"CHEMBL1800970","COc1ccc(/C=C/C(=O)C(=Cc2ccc(O)cc2)C(=O)/C=C/c2ccc(OC)c(OC)c2)cc1OC","COc1ccc(/C=C/C(=O)C(=Cc2ccc(O)cc2)C(=O)/C=C/c2ccc(OC)c(OC)c2)cc1OC"
"CHEMBL1800975","COc1ccc(C=C(C(=O)/C=C/c2cc(OC)c(OC)c(OC)c2)C(=O)/C=C/c2cc(OC)c(OC)c(OC)c2)cc1OC","COc1ccc(C=C(C(=O)/C=C/c2cc(OC)c(OC)c(OC)c2)C(=O)/C=C/c2cc(OC)c(OC)c(OC)c2)cc1OC"
"CHEMBL2315380","COc1cc(/C=C2\CC/C(=C\c3ccc(OCCCn4ccnc4C)c(OC)c3)C2=O)ccc1OCCCn1ccnc1C","COc1cc(/C=C2\CC/C(=C\c3ccc(OCCCn4ccnc4C)c(OC)c3)C2=O)ccc1OCCCn1ccnc1C"
"CHEMBL1818425","CN1CCN(c2ccc(/C=C3\CNC/C(=C\c4ccc(N5CCN(C)CC5)cc4)C3=O)cc2)CC1","CN1CCN(c2ccc(/C=C3\CNC/C(=C\c4ccc(N5CCN(C)CC5)cc4)C3=O)cc2)CC1"
"CHEMBL236700","O=C(/C=C/C(=O)N1C/C(=C\c2ccc([N+](=O)[O-])cc2)C(=O)/C(=C/c2ccc([N+](=O)[O-])cc2)C1)Nc1ccc([N+](=O)[O-])cc1","O=C(/C=C/C(=O)N1C/C(=C\c2ccc([N+](=O)[O-])cc2)C(=O)/C(=C/c2ccc([N+](=O)[O-])cc2)C1)Nc1ccc([N+](=O)[O-])cc1"
"CHEMBL237155","Cc1ccc(NC(=O)/C=C/C(=O)N2C/C(=C\c3ccccc3)C(=O)/C(=C/c3ccccc3)C2)cc1C","Cc1ccc(NC(=O)/C=C/C(=O)N2C/C(=C\c3ccccc3)C(=O)/C(=C/c3ccccc3)C2)cc1C"
"CHEMBL1740374","CN(C)CCC(=O)N1C/C(=C/c2ccccc2)C(=O)/C(=C\c2ccccc2)C1","CN(C)CCC(=O)N1C/C(=C/c2ccccc2)C(=O)/C(=C\c2ccccc2)C1"
"CHEMBL388215","COc1cc(/C=C2\CCCC/C(=C\c3ccc([N+](=O)[O-])cc3)C2=O)cc(OC)c1OC","COc1cc(/C=C2\CCCC/C(=C\c3ccc([N+](=O)[O-])cc3)C2=O)cc(OC)c1OC"
"CHEMBL3219863","O=C(/C=C/c1ccccc1OCc1ccc([N+](=O)[O-])cc1)/C=C/c1cccc(Cl)c1Cl","O=C(/C=C/c1ccccc1OCc1ccc([N+](=O)[O-])cc1)/C=C/c1cccc(Cl)c1Cl"
"CHEMBL419981","O=C1/C(=C/c2ccc(O)c(O)c2)COC/C1=C\c1ccc(O)c(O)c1","O=C1/C(=C/c2ccc(O)c(O)c2)COC/C1=C\c1ccc(O)c(O)c1"
"CHEMBL3629752","COc1cc(/C=C/C(=O)/C=C/c2cccc(Br)c2)ccc1OCc1cn(CCN2C(=O)C(=O)c3cc(Cl)ccc32)nn1","COc1cc(/C=C/C(=O)/C=C/c2cccc(Br)c2)ccc1OCc1cn(CCN2C(=O)C(=O)c3cc(Cl)ccc32)nn1"
"CHEMBL3629554","COc1cc(/C=C/C(=O)/C=C/c2cc(OC)c(OC)c(OC)c2)ccc1OCc1cn(CCN2C(=O)C(=O)c3ccccc32)nn1","COc1cc(/C=C/C(=O)/C=C/c2cc(OC)c(OC)c(OC)c2)ccc1OCc1cn(CCN2C(=O)C(=O)c3ccccc32)nn1"
"CHEMBL3629555","COc1ccc(/C=C/C(=O)/C=C/c2ccc(OCc3cn(CCN4C(=O)C(=O)c5ccccc54)nn3)c(OC)c2)cc1OC","COc1ccc(/C=C/C(=O)/C=C/c2ccc(OCc3cn(CCN4C(=O)C(=O)c5ccccc54)nn3)c(OC)c2)cc1OC"
"CHEMBL3627978","COc1ccccc1/C=C/C(=O)/C=C/c1ccc(OCc2cn(CCN3C(=O)C(=O)c4cc(Br)ccc43)nn2)c(OC)c1","COc1ccccc1/C=C/C(=O)/C=C/c1ccc(OCc2cn(CCN3C(=O)C(=O)c4cc(Br)ccc43)nn2)c(OC)c1"
"CHEMBL1187735","O=C1/C(=C/c2ccccc2)CN(C(=O)c2ccc(OCCN3CCCCC3)cc2)C/C1=C\c1ccccc1","O=C1/C(=C/c2ccccc2)CN(C(=O)c2ccc(OCCN3CCCCC3)cc2)C/C1=C\c1ccccc1"
"CHEMBL4204411","O=C1/C(=C/c2ccccc2)CCC/C1=C\c1ccc(F)c(F)c1","O=C1/C(=C/c2ccccc2)CCC/C1=C\c1ccc(F)c(F)c1"
"CHEMBL3104706","[N-]=[N+]=NCc1ccc(/C=C2\CC/C(=C\c3ccc(CN=[N+]=[N-])cc3)C2=O)cc1","[N-]=[N+]=NCc1ccc(/C=C2\CC/C(=C\c3ccc(CN=[N+]=[N-])cc3)C2=O)cc1"
"CHEMBL4301260","CN(CCC(=O)O)c1ccc(/C=C2\CC/C(=C\c3ccc(N(C)CCC(=O)O)cc3)C2=O)cc1","CN(CCC(=O)O)c1ccc(/C=C2\CC/C(=C\c3ccc(N(C)CCC(=O)O)cc3)C2=O)cc1"
"CHEMBL2261431","COc1cc(/C=C/C(=O)/C=C/c2ccc(OCC(=O)c3cccnc3)c(OC)c2)ccc1OCC(=O)c1cccnc1","COc1cc(/C=C/C(=O)/C=C/c2ccc(OCC(=O)c3cccnc3)c(OC)c2)ccc1OCC(=O)c1cccnc1"
"CHEMBL2079270","O=C1/C(=C/c2ccc(Br)cc2)CNC/C1=C\c1ccc(Br)cc1","O=C1/C(=C/c2ccc(Br)cc2)CNC/C1=C\c1ccc(Br)cc1"
"CHEMBL4175677","COc1ccc(/C=C2\CCC/C(=C\c3ccccc3F)C2=O)cc1","COc1ccc(/C=C2\CCC/C(=C\c3ccccc3F)C2=O)cc1"
"CHEMBL598509","COCOc1cc(/C=C/C(=O)/C=C/c2cc(OCOC)cc(OCOC)c2)cc(OCOC)c1","COCOc1cc(/C=C/C(=O)/C=C/c2cc(OCOC)cc(OCOC)c2)cc(OCOC)c1"
"CHEMBL1224784","COc1cc(/C=C2/C(=O)/C(=C/c3cc(OC)c(OC)c(OC)c3)C3CCC2N3C)cc(OC)c1OC","COc1cc(/C=C2/C(=O)/C(=C/c3cc(OC)c(OC)c(OC)c3)C3CCC2N3C)cc(OC)c1OC"
"CHEMBL1288758","COc1ccc(/C=C/C(=O)/C=C/c2ccc(OCc3cn([C@H]4C[C@H](n5cc(C)c(=O)[nH]c5=O)O[C@@H]4CO)nn3)c(OC)c2)cc1","COc1ccc(/C=C/C(=O)/C=C/c2ccc(OCc3cn([C@H]4C[C@H](n5cc(C)c(=O)[nH]c5=O)O[C@@H]4CO)nn3)c(OC)c2)cc1"
"CHEMBL1093528","Cc1ccc(/C=C2\CC/C(=C\c3ccc(C)cc3C)C2=O)c(C)c1","Cc1ccc(/C=C2\CC/C(=C\c3ccc(C)cc3C)C2=O)c(C)c1"
"CHEMBL3981729","C=CCc1cc(/C=C2\CN(C(C)C)C/C(=C\c3ccc(O)c(CC=C)c3)C2=O)ccc1O","C=CCc1cc(/C=C2\CN(C(C)C)C/C(=C\c3ccc(O)c(CC=C)c3)C2=O)ccc1O"
"CHEMBL2391214","O=C1/C(=C\c2ccc(Cl)cc2)CN(C(=O)CC(=O)N2C/C(=C\c3ccc(Cl)cc3)C(=O)/C(=C/c3ccc(Cl)cc3)C2)C/C1=C\c1ccc(Cl)cc1","O=C1/C(=C\c2ccc(Cl)cc2)CN(C(=O)CC(=O)N2C/C(=C\c3ccc(Cl)cc3)C(=O)/C(=C/c3ccc(Cl)cc3)C2)C/C1=C\c1ccc(Cl)cc1"
"CHEMBL2396883","COc1ccc2c(c1)C=C(C(=O)/C=C/c1c(OC)cc(OC)cc1OC)CO2","COc1ccc2c(c1)C=C(C(=O)/C=C/c1c(OC)cc(OC)cc1OC)CO2"
"CHEMBL4564244","Cc1ccc(C=C2CN(C(=O)OC(C)(C)C)C/C(=C\c3ccc(C)cc3C)C2=O)c(C)c1","Cc1ccc(C=C2CN(C(=O)OC(C)(C)C)C/C(=C\c3ccc(C)cc3C)C2=O)c(C)c1"
"CHEMBL2315376","COc1cc(/C=C2\CC/C(=C\c3ccc(OCCCCn4ccnc4)c(OC)c3)C2=O)ccc1OCCCCn1ccnc1","COc1cc(/C=C2\CC/C(=C\c3ccc(OCCCCn4ccnc4)c(OC)c3)C2=O)ccc1OCCCCn1ccnc1"
"CHEMBL5287274","Cc1ccc(/C=C/C(=O)/C=C/c2ccccc2)cc1","Cc1ccc(/C=C/C(=O)/C=C/c2ccccc2)cc1"
"CHEMBL1253503","CCCCCCCCCCCCCCCCNC(=O)CCC(=O)N1C/C(=C\c2ccccc2F)C(=O)/C(=C/c2ccccc2F)C1","CCCCCCCCCCCCCCCCNC(=O)CCC(=O)N1C/C(=C\c2ccccc2F)C(=O)/C(=C/c2ccccc2F)C1"
"CHEMBL1187344","Cc1ccc(/C=C2\CN(C(=O)c3ccc(OCCN4CCCCC4)cc3)C/C(=C\c3ccc(C)cc3)C2=O)cc1","Cc1ccc(/C=C2\CN(C(=O)c3ccc(OCCN4CCCCC4)cc3)C/C(=C\c3ccc(C)cc3)C2=O)cc1"
"CHEMBL1187758","CCN(CC)CCOc1ccc(C(=O)N2C/C(=C\c3ccc(Cl)cc3)C(=O)/C(=C/c3ccc(Cl)cc3)C2)cc1","CCN(CC)CCOc1ccc(C(=O)N2C/C(=C\c3ccc(Cl)cc3)C(=O)/C(=C/c3ccc(Cl)cc3)C2)cc1"
"CHEMBL4641110","O=C1/C(=C/c2ccccc2O)CN(C(=O)c2cc(Cc3n[nH]c(=O)c4ccccc34)ccc2F)C/C1=C\c1ccccc1O","O=C1/C(=C/c2ccccc2O)CN(C(=O)c2cc(Cc3n[nH]c(=O)c4ccccc34)ccc2F)C/C1=C\c1ccccc1O"
"CHEMBL2007991","C[N+](C)(C)CCC(=O)N1C/C(=C\c2ccccc2)C(=O)/C(=C/c2ccccc2)C1","C[N+](C)(C)CCC(=O)N1C/C(=C\c2ccccc2)C(=O)/C(=C/c2ccccc2)C1"
"CHEMBL1800965","COc1cc(C=C(C(=O)/C=C/c2ccc(OC)c(OC)c2)C(=O)/C=C/c2ccc(OC)c(OC)c2)ccc1O","COc1cc(C=C(C(=O)/C=C/c2ccc(OC)c(OC)c2)C(=O)/C=C/c2ccc(OC)c(OC)c2)ccc1O"
"CHEMBL1800968","COc1ccc(/C=C/C(=O)C(=Cc2cccc(F)c2)C(=O)/C=C/c2ccc(OC)c(OC)c2)cc1OC","COc1ccc(/C=C/C(=O)C(=Cc2cccc(F)c2)C(=O)/C=C/c2ccc(OC)c(OC)c2)cc1OC"
"CHEMBL4756893","O=C1/C(=C/c2cccc(F)c2)CN(S(=O)(=O)c2ccc(Cl)cc2)C/C1=C\c1cccc(F)c1","O=C1/C(=C/c2cccc(F)c2)CN(S(=O)(=O)c2ccc(Cl)cc2)C/C1=C\c1cccc(F)c1"
"CHEMBL3221215","Cc1ccc(S(=O)(=O)N2C/C(=C\c3cc(F)cc(F)c3)C(=O)/C(=C/c3cc(F)cc(F)c3)C2)cc1","Cc1ccc(S(=O)(=O)N2C/C(=C\c3cc(F)cc(F)c3)C(=O)/C(=C/c3cc(F)cc(F)c3)C2)cc1"
"CHEMBL3105275","COc1cccc(/C=C2\CCC/C(=C\c3cccc(OC)c3)C2=O)c1","COc1cccc(/C=C2\CCC/C(=C\c3cccc(OC)c3)C2=O)c1"
"CHEMBL4645527","O=C1/C(=C/c2ccccc2F)CN(C(=O)C(Cl)Cl)C/C1=C\c1ccccc1F","O=C1/C(=C/c2ccccc2F)CN(C(=O)C(Cl)Cl)C/C1=C\c1ccccc1F"
"CHEMBL3735562","COc1cc(/C=C2\CC/C(=C\c3ccc(OCCCN4CCCCC4)c(OC)c3)C2=O)ccc1OCCCBr","COc1cc(/C=C2\CC/C(=C\c3ccc(OCCCN4CCCCC4)c(OC)c3)C2=O)ccc1OCCCBr"
"CHEMBL4644702","COc1cc(/C=C2\CN(C(=O)c3cc(Cc4n[nH]c(=O)c5ccccc45)ccc3F)C/C(=C\c3cc(OC)c(OC)c(OC)c3)C2=O)cc(OC)c1OC","COc1cc(/C=C2\CN(C(=O)c3cc(Cc4n[nH]c(=O)c5ccccc45)ccc3F)C/C(=C\c3cc(OC)c(OC)c(OC)c3)C2=O)cc(OC)c1OC"
"CHEMBL4446014","O=C1/C(=C/c2ccc(F)cc2)CN(C(=S)Nc2ccccc2)C/C1=C\c1ccc(F)cc1","O=C1/C(=C/c2ccc(F)cc2)CN(C(=S)Nc2ccccc2)C/C1=C\c1ccc(F)cc1"
"CHEMBL2332548","O=C1/C(=C/c2ccccc2)CN(C(=O)C[C@H]2C[C@H]3CCCN3[C@]23C(=O)Nc2ccccc23)C/C1=C\c1ccccc1","O=C1/C(=C/c2ccccc2)CN(C(=O)C[C@H]2C[C@H]3CCCN3[C@]23C(=O)Nc2ccccc23)C/C1=C\c1ccccc1"
"CHEMBL151661","CCOC(=O)N1C/C(=C/c2ccc(C(=N)N)cc2)C(=O)/C(=C/c2ccc(C(=N)N)cc2)C1","CCOC(=O)N1C/C(=C/c2ccc(C(=N)N)cc2)C(=O)/C(=C/c2ccc(C(=N)N)cc2)C1"
"CHEMBL476631","O=C(/C=C/c1ccc2ccccc2c1)/C=C/c1ccc2ccccc2c1","O=C(/C=C/c1ccc2ccccc2c1)/C=C/c1ccc2ccccc2c1"
"CHEMBL4745249","CCOP(=O)(OCC)C(c1ccccc1)N1C/C(=C\c2ccc(OC)cc2)C(=O)/C(=C/c2ccc(OC)cc2)C1","CCOP(=O)(OCC)C(c1ccccc1)N1C/C(=C\c2ccc(OC)cc2)C(=O)/C(=C/c2ccc(OC)cc2)C1"
"CHEMBL244023","COc1cc(/C=C2\CC/C(=C\c3cc(OC)c(OC)c(OC)c3)C2=O)cc(OC)c1OC","COc1cc(/C=C2\CC/C(=C\c3cc(OC)c(OC)c(OC)c3)C2=O)cc(OC)c1OC"
"CHEMBL476622","CCOc1ccc(/C=C2\CC/C(=C\c3ccc(OCC)cc3)C2=O)cc1","CCOc1ccc(/C=C2\CC/C(=C\c3ccc(OCC)cc3)C2=O)cc1"
"CHEMBL476424","O=C(/C=C/c1ccccc1C(F)(F)F)/C=C/c1ccccc1C(F)(F)F","O=C(/C=C/c1ccccc1C(F)(F)F)/C=C/c1ccccc1C(F)(F)F"
"CHEMBL1765526","O=C(/C=C(\O)c1cc(Cl)cc(Br)c1O)/C=C/c1ccccc1","O=C(/C=C(\O)c1cc(Cl)cc(Br)c1O)/C=C/c1ccccc1"
"CHEMBL4875036","O=C1/C(=C/c2cccc(C(F)(F)F)c2)CCC/C1=C\c1cccc(C(F)(F)F)c1","O=C1/C(=C/c2cccc(C(F)(F)F)c2)CCC/C1=C\c1cccc(C(F)(F)F)c1"
"CHEMBL6159854","COc1ccc(/C=C/C(=O)/C=C/c2ccc(S(N)(=O)=O)cc2)c(OC)c1OC","COc1ccc(/C=C/C(=O)/C=C/c2ccc(S(N)(=O)=O)cc2)c(OC)c1OC"
"CHEMBL3967490","Cc1cccc(CN2C/C(=C\c3ccc(Br)cc3)C(=O)/C(=C/c3ccc(Br)cc3)C2)c1","Cc1cccc(CN2C/C(=C\c3ccc(Br)cc3)C(=O)/C(=C/c3ccc(Br)cc3)C2)c1"
"CHEMBL3956404","Cc1cccc(CN2C/C(=C\c3ccc(Cl)cc3)C(=O)/C(=C/c3ccc(Cl)cc3)C2)c1","Cc1cccc(CN2C/C(=C\c3ccc(Cl)cc3)C(=O)/C(=C/c3ccc(Cl)cc3)C2)c1"
"CHEMBL2062541","COc1cc(C=C(C(=O)/C=C/c2cccc(OC)c2OC)C(=O)/C=C/c2cccc(OC)c2OC)cc(OC)c1O","COc1cc(C=C(C(=O)/C=C/c2cccc(OC)c2OC)C(=O)/C=C/c2cccc(OC)c2OC)cc(OC)c1O"
"CHEMBL151164","N=C(N)c1ccc(/C=C2/CC(C(=O)O)C/C(=C/c3ccc(C(=N)N)cc3)C2=O)cc1","N=C(N)c1ccc(/C=C2/CC(C(=O)O)C/C(=C/c3ccc(C(=N)N)cc3)C2=O)cc1"
"CHEMBL1965837","COc1ccc(/C=C2\CNC/C(=C\c3ccc(OC)cc3)C2=O)cc1.Cl","COc1ccc(/C=C2\CNC/C(=C\c3ccc(OC)cc3)C2=O)cc1.Cl"
"CHEMBL1500089","CCCN1C/C(=C/c2cccc([N+](=O)[O-])c2)C(=O)/C(=C/c2cccc([N+](=O)[O-])c2)C1","CCCN1C/C(=C/c2cccc([N+](=O)[O-])c2)C(=O)/C(=C/c2cccc([N+](=O)[O-])c2)C1"
"CHEMBL1969178","O=C1C(c2ccccc2)=C(c2ccccc2)C(c2ccc(-c3ccc(C4=C(c5ccccc5)C(=O)C(c5ccccc5)=C4c4ccccc4)cc3)cc2)=C1c1ccccc1","O=C1C(c2ccccc2)=C(c2ccccc2)C(c2ccc(-c3ccc(C4=C(c5ccccc5)C(=O)C(c5ccccc5)=C4c4ccccc4)cc3)cc2)=C1c1ccccc1"
"CHEMBL227846","O=C1/C(=C/c2ccccc2)CN(C(=O)c2ccccc2)C/C1=C\c1ccccc1","O=C1/C(=C/c2ccccc2)CN(C(=O)c2ccccc2)C/C1=C\c1ccccc1"
"CHEMBL1951553","COc1cccc(/C=C2\CCC/C(=C\c3ccc([N+](=O)[O-])cc3)C2=O)c1OC","COc1cccc(/C=C2\CCC/C(=C\c3ccc([N+](=O)[O-])cc3)C2=O)c1OC"
"CHEMBL4160574","COc1ccc(/C=C2\CCC/C(=C\c3c(Cl)cccc3Cl)C2=O)cc1","COc1ccc(/C=C2\CCC/C(=C\c3c(Cl)cccc3Cl)C2=O)cc1"
"CHEMBL1094905","O=C(/C=C/c1c(F)cccc1F)/C=C/c1c(F)cccc1F","O=C(/C=C/c1c(F)cccc1F)/C=C/c1c(F)cccc1F"
"CHEMBL1773420","O=C1/C(=C/c2ccc([N+](=O)[O-])cc2)CN(C(=O)CCSCCO)C/C1=C\c1ccc([N+](=O)[O-])cc1","O=C1/C(=C/c2ccc([N+](=O)[O-])cc2)CN(C(=O)CCSCCO)C/C1=C\c1ccc([N+](=O)[O-])cc1"
"CHEMBL3314668","O=C1/C(=C/c2cccc(F)c2)CS(=O)(=O)C/C1=C\c1cccc(F)c1","O=C1/C(=C/c2cccc(F)c2)CS(=O)(=O)C/C1=C\c1cccc(F)c1"
"CHEMBL1984180","COc1ccc(/C=C2\CN(C)C/C(=C\c3ccc(OC)c(OC)c3OC)C2=O)c(OC)c1OC.Cl","COc1ccc(/C=C2\CN(C)C/C(=C\c3ccc(OC)c(OC)c3OC)C2=O)c(OC)c1OC.Cl"
"CHEMBL1091286","COc1cc(/C=C2\CCC/C(=C\c3ccc(OC4CCCOC4)c(OC)c3)C2=O)ccc1OC1CCCOC1","COc1cc(/C=C2\CCC/C(=C\c3ccc(OC4CCCOC4)c(OC)c3)C2=O)ccc1OC1CCCOC1"
"CHEMBL4095284","CCOc1cc(C=C(C(=O)/C=C/c2ccc(O)c(OC)c2)C(=O)/C=C/c2ccc(O)c(OC)c2)ccc1O","CCOc1cc(C=C(C(=O)/C=C/c2ccc(O)c(OC)c2)C(=O)/C=C/c2ccc(O)c(OC)c2)ccc1O"
"CHEMBL4160745","COc1cccc(/C=C2\CCC/C(=C\c3cccc(Br)c3)C2=O)c1OC","COc1cccc(/C=C2\CCC/C(=C\c3cccc(Br)c3)C2=O)c1OC"
"CHEMBL3105856","C/C(=C\c1ccccc1)C(=O)/C=C/c1ccccc1","C/C(=C\c1ccccc1)C(=O)/C=C/c1ccccc1"
"CHEMBL1991192","CCOC(=O)N1C/C(=C\c2ccc(N(C)C)cc2)C(=O)/C(=C/c2ccc(N(C)C)cc2)C1","CCOC(=O)N1C/C(=C\c2ccc(N(C)C)cc2)C(=O)/C(=C/c2ccc(N(C)C)cc2)C1"
"CHEMBL1802462","O=C1/C(=C/c2ccc(O)c(Br)c2)CN(Cc2ccc(Cl)cc2)C/C1=C\c1ccc(O)c(Br)c1","O=C1/C(=C/c2ccc(O)c(Br)c2)CN(Cc2ccc(Cl)cc2)C/C1=C\c1ccc(O)c(Br)c1"
"CHEMBL1973400","C/C(=C1/CCC/C(=C(/C)c2ccccc2)C1=O)c1ccccc1","C/C(=C1/CCC/C(=C(/C)c2ccccc2)C1=O)c1ccccc1"
"CHEMBL1089894","COc1ccc(/C=C2\CC/C(=C\c3ccc(OC)cc3OC)C2=O)c(OC)c1","COc1ccc(/C=C2\CC/C(=C\c3ccc(OC)cc3OC)C2=O)c(OC)c1"
"CHEMBL3314663","COc1ccc(/C=C2\CSC/C(=C\c3cccc(F)c3)C2=O)cc1OC","COc1ccc(/C=C2\CSC/C(=C\c3cccc(F)c3)C2=O)cc1OC"
"CHEMBL4281833","COCCOCCOCCOCCN(CCOCCOCCOCCOC)c1ccc(/C=C2\CC/C(=C\c3ccc(N(CCOCCOCCOCCOC)CCOCCOCCOCCOC)cc3)C2=O)cc1","COCCOCCOCCOCCN(CCOCCOCCOCCOC)c1ccc(/C=C2\CC/C(=C\c3ccc(N(CCOCCOCCOCCOC)CCOCCOCCOCCOC)cc3)C2=O)cc1"
"CHEMBL361334","COc1ccc(/C=C2\CC/C(=C\c3ccc([N+](=O)[O-])cc3)C2=O)cc1","COc1ccc(/C=C2\CC/C(=C\c3ccc([N+](=O)[O-])cc3)C2=O)cc1"
"CHEMBL4635647","CC(C)(C)C(=O)N1C/C(=C\c2ccc(OC(=O)C(Cl)Cl)cc2)C(=O)/C(=C/c2ccc(OC(=O)C(Cl)Cl)cc2)C1","CC(C)(C)C(=O)N1C/C(=C\c2ccc(OC(=O)C(Cl)Cl)cc2)C(=O)/C(=C/c2ccc(OC(=O)C(Cl)Cl)cc2)C1"
"CHEMBL2064010","COc1cc(OC)c(/C=C/C(=O)C(=Cc2ccc(O)c(OC)c2)C(=O)/C=C/c2c(OC)cc(OC)cc2OC)c(OC)c1","COc1cc(OC)c(/C=C/C(=O)C(=Cc2ccc(O)c(OC)c2)C(=O)/C=C/c2c(OC)cc(OC)cc2OC)c(OC)c1"
"CHEMBL1802458","Cc1cccc(CN2C/C(=C\c3ccc(O)c(Br)c3)C(=O)/C(=C/c3ccc(O)c(Br)c3)C2)c1","Cc1cccc(CN2C/C(=C\c3ccc(O)c(Br)c3)C(=O)/C(=C/c3ccc(O)c(Br)c3)C2)c1"
"CHEMBL2332537","C=CC(=O)N1C/C(=C\c2cccc([N+](=O)[O-])c2)C(=O)/C(=C/c2cccc([N+](=O)[O-])c2)C1","C=CC(=O)N1C/C(=C\c2cccc([N+](=O)[O-])c2)C(=O)/C(=C/c2cccc([N+](=O)[O-])c2)C1"
"CHEMBL512585","Cl.O=C1/C(=C/c2ccc(Cl)cc2)CNC/C1=C\c1ccc(Cl)cc1","Cl.O=C1/C(=C/c2ccc(Cl)cc2)CNC/C1=C\c1ccc(Cl)cc1"
"CHEMBL3409213","COc1ccc(O)c(/C=C/C(=O)/C=C/c2ccc(OC)c(OC)c2)c1","COc1ccc(O)c(/C=C/C(=O)/C=C/c2ccc(OC)c(OC)c2)c1"
"CHEMBL3785460","COc1ccc(/C=C2\COC/C(=C\c3ccc(OC)c(OC)c3Cl)C2=O)c(Cl)c1OC","COc1ccc(/C=C2\COC/C(=C\c3ccc(OC)c(OC)c3Cl)C2=O)c(Cl)c1OC"
"CHEMBL3786367","COCCSCCC(=O)N1C/C(=C\c2ccc(Cl)cc2)C(=O)/C(=C/c2ccc(Cl)cc2)C1","COCCSCCC(=O)N1C/C(=C\c2ccc(Cl)cc2)C(=O)/C(=C/c2ccc(Cl)cc2)C1"
"CHEMBL3792783","O=C1/C(=C/c2ccc(Br)cc2)CCC/C1=C\c1ccc(-c2ccc(F)cc2)cc1","O=C1/C(=C/c2ccc(Br)cc2)CCC/C1=C\c1ccc(-c2ccc(F)cc2)cc1"
"CHEMBL1271626","CCOP(=O)(OCC)N1C/C(=C\c2ccccc2)C(=O)/C(=C/c2ccccc2)C1","CCOP(=O)(OCC)N1C/C(=C\c2ccccc2)C(=O)/C(=C/c2ccccc2)C1"
"CHEMBL3752452","COc1cc(/C=C2\CCC/C(=C\c3ccccc3C(F)(F)F)C2=O)ccc1O","COc1cc(/C=C2\CCC/C(=C\c3ccccc3C(F)(F)F)C2=O)ccc1O"
"CHEMBL3754009","CCOc1ccc(Br)cc1/C=C1\CCC/C(=C\c2ccc(O)c(OC)c2)C1=O","CCOc1ccc(Br)cc1/C=C1\CCC/C(=C\c2ccc(O)c(OC)c2)C1=O"
"CHEMBL1650132","CN1C/C(=C\c2ccc(B(O)O)cc2)C(=O)/C(=C/c2ccc(B(O)O)cc2)C1","CN1C/C(=C\c2ccc(B(O)O)cc2)C(=O)/C(=C/c2ccc(B(O)O)cc2)C1"
"CHEMBL1669729","COc1cc(/C=C/C(=O)C(=Cc2ccc(F)cc2)C(=O)/C=C/c2ccc(O)c(OC)c2)ccc1O","COc1cc(/C=C/C(=O)C(=Cc2ccc(F)cc2)C(=O)/C=C/c2ccc(O)c(OC)c2)ccc1O"
"CHEMBL4754700","C=CCc1cc(/C=C2\CN(C3CC3)C/C(=C\c3ccc(N(C)C)cc3)C2=O)ccc1O","C=CCc1cc(/C=C2\CN(C3CC3)C/C(=C\c3ccc(N(C)C)cc3)C2=O)ccc1O"
"CHEMBL1255830","COc1cc(/C=C2\CN(C(=O)CCC(=O)N(CCCNCCCCNCCCN)Cc3ccc(-c4nc5ccccc5s4)cc3)C/C(=C\c3ccc(O)c(OC)c3)C2=O)ccc1O","COc1cc(/C=C2\CN(C(=O)CCC(=O)N(CCCNCCCCNCCCN)Cc3ccc(-c4nc5ccccc5s4)cc3)C/C(=C\c3ccc(O)c(OC)c3)C2=O)ccc1O"
"CHEMBL1631818","CCN(CC)c1ccc(/C=C2\CC/C(=C\c3ccc(N(CC)CC)cc3)C2=O)cc1","CCN(CC)c1ccc(/C=C2\CC/C(=C\c3ccc(N(CC)CC)cc3)C2=O)cc1"
"CHEMBL1740147","Cc1ccc(/C=C2/CNC/C(=C/c3ccc(C)cc3)C2=O)cc1","Cc1ccc(/C=C2/CNC/C(=C/c3ccc(C)cc3)C2=O)cc1"
"CHEMBL3105859","C/C(=C\c1ccccc1)C(=O)/C=C/c1ccc(N(C)C)cc1","C/C(=C\c1ccccc1)C(=O)/C=C/c1ccc(N(C)C)cc1"
"CHEMBL1524277","Cc1cccc(/C=C2\CS/C(=C\c3cccc(C)c3)C2=O)c1","Cc1cccc(/C=C2\CS/C(=C\c3cccc(C)c3)C2=O)c1"
"CHEMBL2009362","COc1ccc(/C=C2\CN(C)C/C(=C\c3ccc(OC)c(OC)c3OC)C2=O)c(OC)c1OC","COc1ccc(/C=C2\CN(C)C/C(=C\c3ccc(OC)c(OC)c3OC)C2=O)c(OC)c1OC"
"CHEMBL2316154","COc1cc(/C=C2\CCC/C(=C\c3ccc(N(C)C)cc3)C2=O)cc(OC)c1","COc1cc(/C=C2\CCC/C(=C\c3ccc(N(C)C)cc3)C2=O)cc(OC)c1"
"CHEMBL5647540","O=C(CN1C/C(=C\c2ccccc2F)C(=O)/C(=C/c2ccccc2F)C1)NCCOCCOCCNc1cccc2c1C(=O)N(C1CCC(=O)NC1=O)C2=O","O=C(CN1C/C(=C\c2ccccc2F)C(=O)/C(=C/c2ccccc2F)C1)NCCOCCOCCNc1cccc2c1C(=O)N(C1CCC(=O)NC1=O)C2=O"
"CHEMBL2430953","Cc1cccc2c(Oc3ccc(/C=C/C(=O)/C=C/c4ccc(Cl)cc4)cc3)ncnc12","Cc1cccc2c(Oc3ccc(/C=C/C(=O)/C=C/c4ccc(Cl)cc4)cc3)ncnc12"
"CHEMBL3115557","C=CCc1cc(/C=C/C(=O)/C=C/c2cc(OC)c(OC)cc2OC)ccc1OC","C=CCc1cc(/C=C/C(=O)/C=C/c2cc(OC)c(OC)cc2OC)ccc1OC"
"CHEMBL4470335","C#CCC(=O)N1CC/C(=C\c2ccc(F)c([N+](=O)[O-])c2)C(=O)/C(=C/c2ccc(F)c([N+](=O)[O-])c2)C1","C#CCC(=O)N1CC/C(=C\c2ccc(F)c([N+](=O)[O-])c2)C(=O)/C(=C/c2ccc(F)c([N+](=O)[O-])c2)C1"
"CHEMBL2332547","C=CC(=O)N1C/C(=C\c2cccc3ccccc23)C(=O)/C(=C/c2cccc3ccccc23)C1","C=CC(=O)N1C/C(=C\c2cccc3ccccc23)C(=O)/C(=C/c2cccc3ccccc23)C1"
"CHEMBL600179","COc1cc(/C=C/C(=O)/C=C/c2cccc(OS(=O)(=O)C(F)(F)F)c2)cc(OC)c1OC","COc1cc(/C=C/C(=O)/C=C/c2cccc(OS(=O)(=O)C(F)(F)F)c2)cc(OC)c1OC"
"CHEMBL604532","COc1cc(/C=C/C(=O)/C=C/c2cccc(OC(=O)C34CC5CC(CC(C5)C3)C4)c2)cc(OC)c1OC","COc1cc(/C=C/C(=O)/C=C/c2cccc(OC(=O)C34CC5CC(CC(C5)C3)C4)c2)cc(OC)c1OC"
"CHEMBL1987961","C[N+]1(C)C/C(=C\c2ccc(O)cc2)C(=O)/C(=C/c2ccc(O)cc2)C1.[I-]","C[N+]1(C)C/C(=C\c2ccc(O)cc2)C(=O)/C(=C/c2ccc(O)cc2)C1.[I-]"
"CHEMBL2008754","C[N+]1(C)C/C(=C\c2ccc(O)cc2)C(=O)/C(=C/c2ccc(O)cc2)C1","C[N+]1(C)C/C(=C\c2ccc(O)cc2)C(=O)/C(=C/c2ccc(O)cc2)C1"
"CHEMBL1984329","Cl.O=C1/C(=C/c2ccccc2)CN(C(=O)CCN2CCCC2)C/C1=C\c1ccccc1","Cl.O=C1/C(=C/c2ccccc2)CN(C(=O)CCN2CCCC2)C/C1=C\c1ccccc1"
"CHEMBL5647147","COc1cccc(OC)c1/C=C/C(=O)/C=C/c1ccc(-c2ccccc2)cc1C","COc1cccc(OC)c1/C=C/C(=O)/C=C/c1ccc(-c2ccccc2)cc1C"
"CHEMBL4160174","O=C(/C=C/c1cccc(O)c1)/C=C/c1cccc(O)c1","O=C(/C=C/c1cccc(O)c1)/C=C/c1cccc(O)c1"
"CHEMBL3410539","O=C1/C(=C/c2ccc([N+](=O)[O-])cc2)COC/C1=C\c1ccc([N+](=O)[O-])cc1","O=C1/C(=C/c2ccc([N+](=O)[O-])cc2)COC/C1=C\c1ccc([N+](=O)[O-])cc1"
"CHEMBL4166712","CC(=O)Nc1ccc(S(=O)(=O)N2C/C(=C\c3ccccc3F)C(=O)/C(=C/c3ccccc3F)C2)cc1","CC(=O)Nc1ccc(S(=O)(=O)N2C/C(=C\c3ccccc3F)C(=O)/C(=C/c3ccccc3F)C2)cc1"
"CHEMBL5639395","COc1cccc(OC)c1/C=C/C(=O)/C=C/c1ccc(N(C)C)cc1","COc1cccc(OC)c1/C=C/C(=O)/C=C/c1ccc(N(C)C)cc1"
"CHEMBL478482","O=C1/C(=C/c2ccccc2C(F)(F)F)CCC/C1=C\c1ccccc1C(F)(F)F","O=C1/C(=C/c2ccccc2C(F)(F)F)CCC/C1=C\c1ccccc1C(F)(F)F"
"CHEMBL5276316","O=C1/C(=C/c2ccccc2)CN(C(=O)c2ccc(/C=C/C(=O)c3ccc(O)cc3)cc2)C/C1=C\c1ccccc1","O=C1/C(=C/c2ccccc2)CN(C(=O)c2ccc(/C=C/C(=O)c3ccc(O)cc3)cc2)C/C1=C\c1ccccc1"
"CHEMBL4209712","COc1ccccc1/C=C1\COC/C(=C\c2ccccc2OC)C1=O","COc1ccccc1/C=C1\COC/C(=C\c2ccccc2OC)C1=O"
"CHEMBL3314660","COc1ccc(OC)c(/C=C2\CSC/C(=C\c3cc(OC)ccc3OC)C2=O)c1","COc1ccc(OC)c(/C=C2\CSC/C(=C\c3cc(OC)ccc3OC)C2=O)c1"
"CHEMBL5290822","O=C1CCC(N2C(=O)c3cccc(NCCOCCOCCOCCC(=O)N[C@@H](Cc4ccccc4)C(=O)C4C/C(=C\c5ccc(Cl)c(Cl)c5)C(=O)/C(=C/c5ccc(Cl)c(Cl)c5)C4)c3C2=O)C(=O)N1","O=C1CCC(N2C(=O)c3cccc(NCCOCCOCCOCCC(=O)N[C@@H](Cc4ccccc4)C(=O)C4C/C(=C\c5ccc(Cl)c(Cl)c5)C(=O)/C(=C/c5ccc(Cl)c(Cl)c5)C4)c3C2=O)C(=O)N1"
"CHEMBL598460","COc1cccc(OC)c1/C=C/C(=O)/C=C/c1c(OC)cccc1OC","COc1cccc(OC)c1/C=C/C(=O)/C=C/c1c(OC)cccc1OC"
"CHEMBL5206054","O=C1/C(=C\c2ccc([N+](=O)[O-])cc2)CN(CC(=O)c2ccc(F)cc2)C/C1=C/c1ccc([N+](=O)[O-])cc1","O=C1/C(=C\c2ccc([N+](=O)[O-])cc2)CN(CC(=O)c2ccc(F)cc2)C/C1=C/c1ccc([N+](=O)[O-])cc1"
"CHEMBL1998423","COc1ccc(OC(=O)N2C/C(=C\c3ccccc3)C(=O)/C(=C/c3ccccc3)C2)cc1","COc1ccc(OC(=O)N2C/C(=C\c3ccccc3)C(=O)/C(=C/c3ccccc3)C2)cc1"
"CHEMBL1964663","COc1cc(/C=C2\CCC/C(=C\c3cc(OC)c(O)c(OC)c3)C2=O)cc(OC)c1O","COc1cc(/C=C2\CCC/C(=C\c3cc(OC)c(O)c(OC)c3)C2=O)cc(OC)c1O"
"CHEMBL3314656","O=C1/C(=C/c2cccc(O)c2)CSC/C1=C\c1cccc(O)c1","O=C1/C(=C/c2cccc(O)c2)CSC/C1=C\c1cccc(O)c1"
"CHEMBL5639689","COc1cccc(OC)c1/C=C/C(=O)/C=C/c1ccc(-n2cccn2)cc1","COc1cccc(OC)c1/C=C/C(=O)/C=C/c1ccc(-n2cccn2)cc1"
"CHEMBL1572925","COc1cc(/C=C2\CC/C(=C\c3ccc(OCCO)c(OC)c3)C2=O)ccc1OCCO","COc1cc(/C=C2\CC/C(=C\c3ccc(OCCO)c(OC)c3)C2=O)ccc1OCCO"
"CHEMBL1288764","COc1ccc(/C=C/C(=O)/C=C/c2ccc(OCc3cn(-c4ccnc5cc(Cl)ccc45)nn3)c(OC)c2)c(OC)c1","COc1ccc(/C=C/C(=O)/C=C/c2ccc(OCc3cn(-c4ccnc5cc(Cl)ccc45)nn3)c(OC)c2)c(OC)c1"
"CHEMBL3403495","CCCCCCCCCCCCCCCC(=O)Oc1cc(/C=C2\CCC/C(=C\c3ccc(OC)c(OC(=O)CCCCCCCCCCCCCCC)c3)C2=O)ccc1OC","CCCCCCCCCCCCCCCC(=O)Oc1cc(/C=C2\CCC/C(=C\c3ccc(OC)c(OC(=O)CCCCCCCCCCCCCCC)c3)C2=O)ccc1OC"
"CHEMBL1726534","C=CC(=O)N1C/C(=C/c2ccccc2)C(=O)/C(=C\c2ccccc2)C1","C=CC(=O)N1C/C(=C/c2ccccc2)C(=O)/C(=C\c2ccccc2)C1"
"CHEMBL3361234","COc1cc(/C=C2\CN(C(=O)c3cc(/C=C/C4C(C)=CCCC4(C)C)on3)C/C(=C\c3cc(OC)c(OC)c(OC)c3)C2=O)cc(OC)c1OC","COc1cc(/C=C2\CN(C(=O)c3cc(/C=C/C4C(C)=CCCC4(C)C)on3)C/C(=C\c3cc(OC)c(OC)c(OC)c3)C2=O)cc(OC)c1OC"
"CHEMBL3740663","COc1cc(/C=C/C(=O)/C=C/c2ccccc2Cl)ccc1O","COc1cc(/C=C/C(=O)/C=C/c2ccccc2Cl)ccc1O"
"CHEMBL260079","COc1cc(/C=C/C(=O)C(=Cc2ccc(O)cc2)C(=O)/C=C/c2ccc(O)c(OC)c2)ccc1O","COc1cc(/C=C/C(=O)C(=Cc2ccc(O)cc2)C(=O)/C=C/c2ccc(O)c(OC)c2)ccc1O"
"CHEMBL576770","COc1cc(C=C2CCC(=Cc3cc(OC)c(OC)c(OC)c3)C2=O)cc(OC)c1OC","COc1cc(C=C2CCC(=Cc3cc(OC)c(OC)c(OC)c3)C2=O)cc(OC)c1OC"
"CHEMBL4160381","COc1cc(/C=C2\CN(C(=O)CCC(=O)O)C/C(=C\c3cc(OC)c(OC)c(OC)c3)C2=O)cc(OC)c1OC","COc1cc(/C=C2\CN(C(=O)CCC(=O)O)C/C(=C\c3cc(OC)c(OC)c(OC)c3)C2=O)cc(OC)c1OC"
"CHEMBL4173699","COc1cc([N+](=O)[O-])ccc1/C=C1\CCC/C(=C\c2cccc(OC)c2OC)C1=O","COc1cc([N+](=O)[O-])ccc1/C=C1\CCC/C(=C\c2cccc(OC)c2OC)C1=O"
"CHEMBL395613","Cc1cc(/C=C/C(=O)/C=C/c2ccc(OC3CC3)c(C)c2)ccc1OC1CC1","Cc1cc(/C=C/C(=O)/C=C/c2ccc(OC3CC3)c(C)c2)ccc1OC1CC1"
"CHEMBL2402166","C=CCOc1ccc(/C=C2\CC/C(=C\c3ccc(OCC=C)c(OC)c3)C2=O)cc1OC","C=CCOc1ccc(/C=C2\CC/C(=C\c3ccc(OCC=C)c(OC)c3)C2=O)cc1OC"
"CHEMBL2402167","COc1cc(/C=C/C(=O)/C=C/c2ccc(OC3CCCCO3)c(OC)c2)ccc1OC1CCCCO1","COc1cc(/C=C/C(=O)/C=C/c2ccc(OC3CCCCO3)c(OC)c2)ccc1OC1CCCCO1"
"CHEMBL269929","C=CCOc1ccc(/C=C/C(=O)/C=C/c2ccc(OCC=C)cc2)cc1","C=CCOc1ccc(/C=C/C(=O)/C=C/c2ccc(OCC=C)cc2)cc1"
"CHEMBL1096818","C=C(Br)C(=O)Nc1cccc(/C=C2\CN(Cc3ccccc3)C/C(=C\c3cccc(NC(=O)C(=C)Br)c3)C2=O)c1","C=C(Br)C(=O)Nc1cccc(/C=C2\CN(Cc3ccccc3)C/C(=C\c3cccc(NC(=O)C(=C)Br)c3)C2=O)c1"
"CHEMBL1965633","O=C(/C=C\c1ccccc1)Oc1ccc(/C=C2\CCC/C(=C\c3ccc(OC(=O)/C=C\c4ccccc4)cc3)C2=O)cc1","O=C(/C=C\c1ccccc1)Oc1ccc(/C=C2\CCC/C(=C\c3ccc(OC(=O)/C=C\c4ccccc4)cc3)C2=O)cc1"
"CHEMBL5279342","Cc1ccc(/C=C/C(=O)N2C/C(=C\c3ccccc3)C(=O)/C(=C/c3ccccc3)C2)cc1","Cc1ccc(/C=C/C(=O)N2C/C(=C\c3ccccc3)C(=O)/C(=C/c3ccccc3)C2)cc1"
"CHEMBL3628979","COCCOCCOCCOCCOCCN(C)c1ccc(/C=C2\CC/C(=C\c3ccc(N(C)CCOCCOCCOCCOCCOC)cc3)C2=O)cc1","COCCOCCOCCOCCOCCN(C)c1ccc(/C=C2\CC/C(=C\c3ccc(N(C)CCOCCOCCOCCOCCOC)cc3)C2=O)cc1"
"CHEMBL1818423","CN1CCN(c2ccc(/C=C3\CC/C(=C\c4ccc(N5CCN(C)CC5)cc4)C3=O)cc2)CC1","CN1CCN(c2ccc(/C=C3\CC/C(=C\c4ccc(N5CCN(C)CC5)cc4)C3=O)cc2)CC1"
"CHEMBL1770713","O=C(/C=C/c1ccc(Br)cc1)/C=C/c1ccc(Br)cc1","O=C(/C=C/c1ccc(Br)cc1)/C=C/c1ccc(Br)cc1"
"CHEMBL3105862","COc1ccc(/C=C(\C)C(=O)/C=C/c2ccc([N+](=O)[O-])cc2)cc1","COc1ccc(/C=C(\C)C(=O)/C=C/c2ccc([N+](=O)[O-])cc2)cc1"
"CHEMBL3971115","COc1cc(/C=C2\CC/C(=C\c3cccc(Br)c3)C2=O)cc(OC)c1","COc1cc(/C=C2\CC/C(=C\c3cccc(Br)c3)C2=O)cc(OC)c1"
"CHEMBL4085714","CN1C/C(=C\c2c(F)cc(F)cc2F)C(=O)/C(=C/c2c(F)cc(F)cc2F)C1","CN1C/C(=C\c2c(F)cc(F)cc2F)C(=O)/C(=C/c2c(F)cc(F)cc2F)C1"
"CHEMBL1802467","O=C1/C(=C/c2ccc(O)c(Br)c2)CN(CC(=O)c2ccccc2)C/C1=C\c1ccc(O)c(Br)c1","O=C1/C(=C/c2ccc(O)c(Br)c2)CN(CC(=O)c2ccccc2)C/C1=C\c1ccc(O)c(Br)c1"
"CHEMBL1814477","CC1=C(CN2C/C(=C\c3ccc(F)cc3)C(=O)/C(=C/c3ccc(F)cc3)C2)C(C)(C)N([O])C1(C)C","CC1=C(CN2C/C(=C\c3ccc(F)cc3)C(=O)/C(=C/c3ccc(F)cc3)C2)C(C)(C)N([O])C1(C)C"
"CHEMBL3220166","O=C(/C=C/c1ccc(OCc2cccc(I)c2)cc1)/C=C/c1cccc(Cl)c1Cl","O=C(/C=C/c1ccc(OCc2cccc(I)c2)cc1)/C=C/c1cccc(Cl)c1Cl"
"CHEMBL4172021","CN1C/C(=C\c2ccc(Br)cc2)C(=O)/C(=C/c2ccc(C#N)cc2)C1","CN1C/C(=C\c2ccc(Br)cc2)C(=O)/C(=C/c2ccc(C#N)cc2)C1"
"CHEMBL1224781","COc1ccc(OC)c(/C=C2\CN(C)C/C(=C\c3cc(OC)ccc3OC)C2=O)c1","COc1ccc(OC)c(/C=C2\CN(C)C/C(=C\c3cc(OC)ccc3OC)C2=O)c1"
"CHEMBL1905730","O=C1/C(=C\c2ccccc2)CCC/C1=C/c1ccccc1","O=C1/C(=C\c2ccccc2)CCC/C1=C/c1ccccc1"
"CHEMBL3787250","COc1ccc(/C=C2\CC(C(C)C)C/C(=C\c3ccc(OC)c(OC)c3Cl)C2=O)c(Cl)c1OC","COc1ccc(/C=C2\CC(C(C)C)C/C(=C\c3ccc(OC)c(OC)c3Cl)C2=O)c(Cl)c1OC"
"CHEMBL3741288","COc1cc(/C=C/C(=O)/C=C/c2cccc(Br)c2)ccc1O","COc1cc(/C=C/C(=O)/C=C/c2cccc(Br)c2)ccc1O"
"CHEMBL4226412","CC(C)C[C@H](NC(=O)N1CCN(C(=O)N2C/C(=C\c3ccc(F)cc3)C(=O)/C(=C/c3ccc(F)cc3)C2)CC1)B1OC(C)(C)C(C)(C)O1","CC(C)C[C@H](NC(=O)N1CCN(C(=O)N2C/C(=C\c3ccc(F)cc3)C(=O)/C(=C/c3ccc(F)cc3)C2)CC1)B1OC(C)(C)C(C)(C)O1"
"CHEMBL4286015","O=C1/C(=C/c2ccc(O)c(O)c2)CN(C(=O)OCc2ccccc2)C/C1=C\c1ccc(O)c(O)c1","O=C1/C(=C/c2ccc(O)c(O)c2)CN(C(=O)OCc2ccccc2)C/C1=C\c1ccc(O)c(O)c1"
"CHEMBL3115561","C=CCc1cc(/C=C2\CC/C(=C\c3ccc(O)c(CC=C)c3)C2=O)ccc1O","C=CCc1cc(/C=C2\CC/C(=C\c3ccc(O)c(CC=C)c3)C2=O)ccc1O"
"CHEMBL2035948","O=C1/C(=C/c2ccc(Br)cc2)CC/C1=C\c1ccc(Br)cc1","O=C1/C(=C/c2ccc(Br)cc2)CC/C1=C\c1ccc(Br)cc1"
"CHEMBL1767385","COc1ccc(/C=C/C(=O)/C=C/c2ccc(N(C)C)cc2)cc1OC","COc1ccc(/C=C/C(=O)/C=C/c2ccc(N(C)C)cc2)cc1OC"
"CHEMBL1818426","CN1CCN(c2ccc(/C=C3\CN(C)C/C(=C\c4ccc(N5CCN(C)CC5)cc4)C3=O)cc2)CC1","CN1CCN(c2ccc(/C=C3\CN(C)C/C(=C\c4ccc(N5CCN(C)CC5)cc4)C3=O)cc2)CC1"
"CHEMBL2315387","COc1cc(/C=C2\CC/C(=C\c3ccc(OCCN4CCOCC4)c(OC)c3)C2=O)ccc1OCCN1CCOCC1","COc1cc(/C=C2\CC/C(=C\c3ccc(OCCN4CCOCC4)c(OC)c3)C2=O)ccc1OCCN1CCOCC1"
"CHEMBL1865499","CN(C)c1ccc(/C=C2\C(=O)/C(=C/c3ccc(N(C)C)cc3)c3ccccc32)cc1","CN(C)c1ccc(/C=C2\C(=O)/C(=C/c3ccc(N(C)C)cc3)c3ccccc32)cc1"
"CHEMBL2064005","COc1ccc(/C=C/C(=O)C(=Cc2ccc(O)c(OC)c2)C(=O)/C=C/c2ccc(OC)cc2OC)c(OC)c1","COc1ccc(/C=C/C(=O)C(=Cc2ccc(O)c(OC)c2)C(=O)/C=C/c2ccc(OC)cc2OC)c(OC)c1"
"CHEMBL2234293","CCOc1ccc(/C=C2\CN(Cc3ccccc3)C/C(=C\c3ccc(OCC)cc3)C2=O)cc1","CCOc1ccc(/C=C2\CN(Cc3ccccc3)C/C(=C\c3ccc(OCC)cc3)C2=O)cc1"
"CHEMBL523026","Cc1ccc(/C=C2\CCC/C(=C\c3ccc([N+](=O)[O-])cc3)C2=O)cc1","Cc1ccc(/C=C2\CCC/C(=C\c3ccc([N+](=O)[O-])cc3)C2=O)cc1"
"CHEMBL1818508","O=C1/C(=C/c2ccc(N3CCCCC3)cc2)CNC/C1=C\c1ccc(N2CCCCC2)cc1","O=C1/C(=C/c2ccc(N3CCCCC3)cc2)CNC/C1=C\c1ccc(N2CCCCC2)cc1"
"CHEMBL3105494","COc1cccc(/C=C2\CC/C(=C\c3cccc(OC)c3)C2=O)c1","COc1cccc(/C=C2\CC/C(=C\c3cccc(OC)c3)C2=O)c1"
"CHEMBL438851","O=C(/C=C/C(=O)N1C/C(=C\c2ccc([N+](=O)[O-])cc2)C(=O)/C(=C/c2ccc([N+](=O)[O-])cc2)C1)Nc1ccccc1","O=C(/C=C/C(=O)N1C/C(=C\c2ccc([N+](=O)[O-])cc2)C(=O)/C(=C/c2ccc([N+](=O)[O-])cc2)C1)Nc1ccccc1"
"CHEMBL391516","Cc1cccc(C)c1NC(=O)/C=C/C(=O)N1C/C(=C\c2ccccc2)C(=O)/C(=C/c2ccccc2)C1","Cc1cccc(C)c1NC(=O)/C=C/C(=O)N1C/C(=C\c2ccccc2)C(=O)/C(=C/c2ccccc2)C1"
"CHEMBL3629636","COc1cc(/C=C/C(=O)/C=C/c2ccc(Br)cc2)ccc1OCc1cn(CCN2C(=O)C(=O)c3ccccc32)nn1","COc1cc(/C=C/C(=O)/C=C/c2ccc(Br)cc2)ccc1OCc1cn(CCN2C(=O)C(=O)c3ccccc32)nn1"
"CHEMBL3794580","COc1cccc(/C=C2\CCC/C(=C\c3ccc(C)cc3)C2=O)c1OC","COc1cccc(/C=C2\CCC/C(=C\c3ccc(C)cc3)C2=O)c1OC"
"CHEMBL2315374","O=C1/C(=C/c2ccc(OCCn3ccnc3)cc2)CC/C1=C\c1ccc(OCCn2ccnc2)cc1","O=C1/C(=C/c2ccc(OCCn3ccnc3)cc2)CC/C1=C\c1ccc(OCCn2ccnc2)cc1"
"CHEMBL1631815","O=C1/C(=C/c2c(F)cccc2C(F)(F)F)CCC/C1=C\c1c(F)cccc1C(F)(F)F","O=C1/C(=C/c2c(F)cccc2C(F)(F)F)CCC/C1=C\c1c(F)cccc1C(F)(F)F"
"CHEMBL1631825","Cc1cc(N(CCCl)CCCl)ccc1/C=C/C(=O)/C=C/c1ccc(N(CCCl)CCCl)cc1C","Cc1cc(N(CCCl)CCCl)ccc1/C=C/C(=O)/C=C/c1ccc(N(CCCl)CCCl)cc1C"
"CHEMBL1630639","COc1cccc(/C=C2\CC/C(=C\c3cccc(OC)c3O)C2=O)c1O","COc1cccc(/C=C2\CC/C(=C\c3cccc(OC)c3O)C2=O)c1O"
"CHEMBL2391733","COc1cc(/C=C2\CC/C(=C\c3cc(CN(C)C)c(O)c(OC)c3)C2=O)cc(CN(C)C)c1O","COc1cc(/C=C2\CC/C(=C\c3cc(CN(C)C)c(O)c(OC)c3)C2=O)cc(CN(C)C)c1O"
"CHEMBL476846","O=C1/C(=C/c2ccc(F)cc2)CC/C1=C\c1ccc(F)cc1","O=C1/C(=C/c2ccc(F)cc2)CC/C1=C\c1ccc(F)cc1"
"CHEMBL1098090","Nc1cccc(/C=C2\CCCC/C(=C\c3cccc(N)c3)C2=O)c1","Nc1cccc(/C=C2\CCCC/C(=C\c3cccc(N)c3)C2=O)c1"
"CHEMBL3817875","CC/C(=C\c1ccc(Cl)cc1)C(=O)/C=C/c1ccc([N+](=O)[O-])cc1","CC/C(=C\c1ccc(Cl)cc1)C(=O)/C=C/c1ccc([N+](=O)[O-])cc1"
"CHEMBL178316","COc1cc(/C=C2\CC/C(=C\c3ccc([N+](=O)[O-])cc3)C2=O)cc(OC)c1OC","COc1cc(/C=C2\CC/C(=C\c3ccc([N+](=O)[O-])cc3)C2=O)cc(OC)c1OC"
"CHEMBL3817904","COc1ccc(/C=C(\C)C(=O)/C=C/c2ccccc2Cl)cc1","COc1ccc(/C=C(\C)C(=O)/C=C/c2ccccc2Cl)cc1"
"CHEMBL3314659","COc1ccc(/C=C2\CSC/C(=C\c3ccc(OC)c(F)c3)C2=O)cc1F","COc1ccc(/C=C2\CSC/C(=C\c3ccc(OC)c(F)c3)C2=O)cc1F"
"CHEMBL2000958","O=C(O)/C=C/C(=O)N1C/C(=C\c2ccccc2)C(=O)/C(=C/c2ccccc2)C1","O=C(O)/C=C/C(=O)N1C/C(=C\c2ccccc2)C(=O)/C(=C/c2ccccc2)C1"
"CHEMBL4761347","O=C1/C(=C/c2cccc(F)c2)CN(S(=O)(=O)c2ccc(O[N+](=O)[O-])cc2)C/C1=C\c1cccc(F)c1","O=C1/C(=C/c2cccc(F)c2)CN(S(=O)(=O)c2ccc(O[N+](=O)[O-])cc2)C/C1=C\c1cccc(F)c1"
"CHEMBL4785202","CC(=O)Nc1ccc(S(=O)(=O)N2C/C(=C\c3cccc(F)c3)C(=O)/C(=C/c3cccc(F)c3)C2)cc1","CC(=O)Nc1ccc(S(=O)(=O)N2C/C(=C\c3cccc(F)c3)C(=O)/C(=C/c3cccc(F)c3)C2)cc1"
"CHEMBL1929147","COc1ccc(/C=C/c2cc(OC)cc(OC)c2/C=C/C(=O)/C=C/c2cc(C(F)(F)F)ccc2Cl)cc1","COc1ccc(/C=C/c2cc(OC)cc(OC)c2/C=C/C(=O)/C=C/c2cc(C(F)(F)F)ccc2Cl)cc1"
"CHEMBL1870273","CN(C)c1ccc(/C=C2\C(=O)/C(=C\c3ccc(N(C)C)cc3)c3ccccc32)cc1","CN(C)c1ccc(/C=C2\C(=O)/C(=C\c3ccc(N(C)C)cc3)c3ccccc32)cc1"
"CHEMBL2391208","COc1ccc(/C=C2\CN(C(=O)C(=O)N3C/C(=C\c4ccc(OC)cc4)C(=O)/C(=C/c4ccc(OC)cc4)C3)C/C(=C\c3ccc(OC)cc3)C2=O)cc1","COc1ccc(/C=C2\CN(C(=O)C(=O)N3C/C(=C\c4ccc(OC)cc4)C(=O)/C(=C/c4ccc(OC)cc4)C3)C/C(=C\c3ccc(OC)cc3)C2=O)cc1"
"CHEMBL2391218","COc1ccc(/C=C2/CN(C(=O)CC(=O)N3C/C(=C\c4ccc(OC)c(OC)c4)C(=O)/C(=C/c4ccc(OC)c(OC)c4)C3)C/C(=C\c3ccc(OC)c(OC)c3)C2=O)cc1OC","COc1ccc(/C=C2/CN(C(=O)CC(=O)N3C/C(=C\c4ccc(OC)c(OC)c4)C(=O)/C(=C/c4ccc(OC)c(OC)c4)C3)C/C(=C\c3ccc(OC)c(OC)c3)C2=O)cc1OC"
"CHEMBL2391204","Cc1ccc(/C=C2\CN(C(=O)C(=O)N3C/C(=C\c4ccc(C)cc4)C(=O)/C(=C/c4ccc(C)cc4)C3)C/C(=C\c3ccc(C)cc3)C2=O)cc1","Cc1ccc(/C=C2\CN(C(=O)C(=O)N3C/C(=C\c4ccc(C)cc4)C(=O)/C(=C/c4ccc(C)cc4)C3)C/C(=C\c3ccc(C)cc3)C2=O)cc1"
"CHEMBL3818192","COc1ccc(/C=C(\C)C(=O)/C=C/c2ccc(Br)cc2)cc1","COc1ccc(/C=C(\C)C(=O)/C=C/c2ccc(Br)cc2)cc1"
"CHEMBL1928973","COc1ccc(/C=C/c2cc(OC)cc(OC)c2/C=C/C(=O)/C=C/c2cccc(F)c2)cc1","COc1ccc(/C=C/c2cc(OC)cc(OC)c2/C=C/C(=O)/C=C/c2cccc(F)c2)cc1"
"CHEMBL2396880","COc1cc(/C=C/C(=O)C2=Cc3cc(OC)ccc3OC2)cc(OC)c1","COc1cc(/C=C/C(=O)C2=Cc3cc(OC)ccc3OC2)cc(OC)c1"
"CHEMBL1272071","O=C1/C(=C/c2ccccc2[N+](=O)[O-])CN(P(=O)(O)O)C/C1=C\c1ccccc1[N+](=O)[O-]","O=C1/C(=C/c2ccccc2[N+](=O)[O-])CN(P(=O)(O)O)C/C1=C\c1ccccc1[N+](=O)[O-]"
"CHEMBL3338598","CCOC(=O)c1ccc(/C=C2\CNC/C(=C\c3ccc(C(=O)OCC)cc3)C2=O)cc1","CCOC(=O)c1ccc(/C=C2\CNC/C(=C\c3ccc(C(=O)OCC)cc3)C2=O)cc1"
"CHEMBL1255828","COc1cc(/C=C2\CN(C(=O)CCC(=O)NCCCNCCCN)C/C(=C\c3ccc(O)c(OC)c3)C2=O)ccc1O","COc1cc(/C=C2\CN(C(=O)CCC(=O)NCCCNCCCN)C/C(=C\c3ccc(O)c(OC)c3)C2=O)ccc1O"
"CHEMBL1984487","O=C1/C(=C/c2ccc(Cl)cc2)CCC/C1=C\c1ccc(O)c(CN2CCCCC2)c1","O=C1/C(=C/c2ccc(Cl)cc2)CCC/C1=C\c1ccc(O)c(CN2CCCCC2)c1"
"CHEMBL451737","O=C1/C(=C/c2ccc([N+](=O)[O-])cc2)CN(C(=O)CCSCCS(=O)(=O)O)C/C1=C\c1ccc([N+](=O)[O-])cc1","O=C1/C(=C/c2ccc([N+](=O)[O-])cc2)CN(C(=O)CCSCCS(=O)(=O)O)C/C1=C\c1ccc([N+](=O)[O-])cc1"
"CHEMBL3403488","CCCCCCCCCC(=O)Oc1cc(/C=C/C(=O)/C=C/c2ccc(OC)c(OC(=O)CCCCCCCCC)c2)ccc1OC","CCCCCCCCCC(=O)Oc1cc(/C=C/C(=O)/C=C/c2ccc(OC)c(OC(=O)CCCCCCCCC)c2)ccc1OC"
"CHEMBL1224640","COc1cc(/C=C/C(=O)/C=C/c2ccc(OCC=C(C)C)c(OC)c2)ccc1OCC=C(C)C","COc1cc(/C=C/C(=O)/C=C/c2ccc(OCC=C(C)C)c(OC)c2)ccc1OCC=C(C)C"
"CHEMBL1796643","COc1cc(/C=C/C(=O)/C=C/c2cc(OC)c(OCCn3cc(COCCCCCCCCCCNC(=O)CCCC[C@@H]4SC[C@@H]5NC(=O)N[C@@H]54)nn3)c(OC)c2)cc(OC)c1OC","COc1cc(/C=C/C(=O)/C=C/c2cc(OC)c(OCCn3cc(COCCCCCCCCCCNC(=O)CCCC[C@@H]4SC[C@@H]5NC(=O)N[C@@H]54)nn3)c(OC)c2)cc(OC)c1OC"
"CHEMBL3799601","COc1ccc(/C=C/C(=O)/C=C/c2ccc(OCc3cn(CCCOc4cc(=O)oc5ccccc45)nn3)c(OC)c2)cc1OC","COc1ccc(/C=C/C(=O)/C=C/c2ccc(OCc3cn(CCCOc4cc(=O)oc5ccccc45)nn3)c(OC)c2)cc1OC"
"CHEMBL407034","Cc1cc(/C=C/C(=O)/C=C/c2cc(C)c(O)c(C)c2)cc(C)c1O","Cc1cc(/C=C/C(=O)/C=C/c2cc(C)c(O)c(C)c2)cc(C)c1O"
"CHEMBL274993","O=C1/C(=C/c2ccccc2)CCC/C1=C\c1ccccc1","O=C1/C(=C/c2ccccc2)CCC/C1=C\c1ccccc1"
"CHEMBL4177472","COc1cccc(/C=C2\CCC/C(=C\c3c(Cl)cccc3Cl)C2=O)c1OC","COc1cccc(/C=C2\CCC/C(=C\c3c(Cl)cccc3Cl)C2=O)c1OC"
"CHEMBL474918","O=C1/C(=C/c2ccc(Cl)cc2)CCC/C1=C\c1ccc(Cl)cc1","O=C1/C(=C/c2ccc(Cl)cc2)CCC/C1=C\c1ccc(Cl)cc1"
"CHEMBL4208101","O=C1/C(=C/c2ccccc2)CCC/C1=C\c1ccccc1Cl","O=C1/C(=C/c2ccccc2)CCC/C1=C\c1ccccc1Cl"
"CHEMBL474919","O=C1/C(=C/c2ccc(Cl)cc2)CCCC/C1=C\c1ccc(Cl)cc1","O=C1/C(=C/c2ccc(Cl)cc2)CCCC/C1=C\c1ccc(Cl)cc1"
"CHEMBL477054","COc1cc(/C=C/C(=O)/C=C/c2cc(OC)c(OC)c(OC)c2)cc(OC)c1OC","COc1cc(/C=C/C(=O)/C=C/c2cc(OC)c(OC)c(OC)c2)cc(OC)c1OC"
"CHEMBL486320","COc1ccc(/C=C2\CCCC/C(=C\c3ccc(OC)cc3)C2=O)cc1","COc1ccc(/C=C2\CCCC/C(=C\c3ccc(OC)cc3)C2=O)cc1"
"CHEMBL487548","CCOP(=O)(CCCN1C/C(=C\c2ccc([N+](=O)[O-])cc2)C(=O)/C(=C/c2ccc([N+](=O)[O-])cc2)C1)OCC","CCOP(=O)(CCCN1C/C(=C\c2ccc([N+](=O)[O-])cc2)C(=O)/C(=C/c2ccc([N+](=O)[O-])cc2)C1)OCC"
"CHEMBL99296","CN1C/C(=C\c2ccc(Cl)cc2)C(=O)/C(=C/c2ccc(Cl)cc2)C1","CN1C/C(=C\c2ccc(Cl)cc2)C(=O)/C(=C/c2ccc(Cl)cc2)C1"
"CHEMBL2003851","O=C1/C(=C/c2cccc(Br)c2)CSC/C1=C\c1cccc(Br)c1","O=C1/C(=C/c2cccc(Br)c2)CSC/C1=C\c1cccc(Br)c1"
"CHEMBL2315371","O=C1/C(=C/c2ccc(OCCCCN3CCOCC3)cc2)CC/C1=C\c1ccc(OCCCCN2CCOCC2)cc1","O=C1/C(=C/c2ccc(OCCCCN3CCOCC3)cc2)CC/C1=C\c1ccc(OCCCCN2CCOCC2)cc1"
"CHEMBL1951550","O=C1/C(=C/c2ccc([N+](=O)[O-])cc2)CCC/C1=C\c1cccc([N+](=O)[O-])c1","O=C1/C(=C/c2ccc([N+](=O)[O-])cc2)CCC/C1=C\c1cccc([N+](=O)[O-])c1"
"CHEMBL1767215","CN(C)c1ccc(/C=C/C(=O)/C=C/c2ccc(I)cc2)cc1","CN(C)c1ccc(/C=C/C(=O)/C=C/c2ccc(I)cc2)cc1"
"CHEMBL3735190","COc1ccc(/C=C/C(=O)/C=C/c2ccc(OCCCN3CCOCC3)c(OC)c2)c(F)c1","COc1ccc(/C=C/C(=O)/C=C/c2ccc(OCCCN3CCOCC3)c(OC)c2)c(F)c1"
"CHEMBL1767204","CN(C)c1ccc(/C=C/C(=O)/C=C/c2ccc(OCCOCCOCCF)cc2)cc1","CN(C)c1ccc(/C=C/C(=O)/C=C/c2ccc(OCCOCCOCCF)cc2)cc1"
"CHEMBL1496663","CN1C2CCC1/C(=C\c1ccccc1)C(=O)/C2=C\c1ccccc1","CN1C2CCC1/C(=C\c1ccccc1)C(=O)/C2=C\c1ccccc1"
"CHEMBL1970685","Cc1ccc(C(=O)Oc2ccc(/C=C3\CCC/C(=C\c4ccc(OC(=O)c5ccc(C)cc5)cc4)C3=O)cc2)cc1","Cc1ccc(C(=O)Oc2ccc(/C=C3\CCC/C(=C\c4ccc(OC(=O)c5ccc(C)cc5)cc4)C3=O)cc2)cc1"
"CHEMBL1098522","C=C(Br)C(=O)Nc1cccc(/C=C2\CN(C(=O)OC)C/C(=C\c3cccc(NC(=O)C(=C)Br)c3)C2=O)c1","C=C(Br)C(=O)Nc1cccc(/C=C2\CN(C(=O)OC)C/C(=C\c3cccc(NC(=O)C(=C)Br)c3)C2=O)c1"
"CHEMBL509588","COc1ccc(/C=C2\CN(C(=O)CCSCCS(=O)(=O)O)C/C(=C\c3ccc(OC)cc3)C2=O)cc1","COc1ccc(/C=C2\CN(C(=O)CCSCCS(=O)(=O)O)C/C(=C\c3ccc(OC)cc3)C2=O)cc1"
"CHEMBL1951546","COc1cc(/C=C2\CCC/C(=C\c3cccc([N+](=O)[O-])c3)C2=O)cc(Br)c1OC","COc1cc(/C=C2\CCC/C(=C\c3cccc([N+](=O)[O-])c3)C2=O)cc(Br)c1OC"
"CHEMBL3314675","COc1ccc(/C=C2\CS(=O)(=O)C/C(=C/c3ccc(OC)c(F)c3)C2=O)cc1F","COc1ccc(/C=C2\CS(=O)(=O)C/C(=C/c3ccc(OC)c(F)c3)C2=O)cc1F"
"CHEMBL1710471","Cl.O=C1/C(=C/c2ccccc2)CN(C(=O)CCN2CCOCC2)C/C1=C\c1ccccc1","Cl.O=C1/C(=C/c2ccccc2)CN(C(=O)CCN2CCOCC2)C/C1=C\c1ccccc1"
"CHEMBL3763325","CN(C)Cc1cc(/C=C2\CNC/C(=C\c3ccc(O)c(CN(C)C)c3)C2=O)ccc1O.Cl.Cl.Cl","CN(C)Cc1cc(/C=C2\CNC/C(=C\c3ccc(O)c(CN(C)C)c3)C2=O)ccc1O.Cl.Cl.Cl"
"CHEMBL4175952","COc1ccc(/C=C2\COC/C(=C\c3ccccc3Cl)C2=O)cc1O","COc1ccc(/C=C2\COC/C(=C\c3ccccc3Cl)C2=O)cc1O"
"CHEMBL5197248","O=C1/C(=C/c2cccc(F)c2)COC/C1=C\c1cccc(F)c1","O=C1/C(=C/c2cccc(F)c2)COC/C1=C\c1cccc(F)c1"
"CHEMBL498371","CC(C)c1cc(/C=C2\CC/C(=C\c3cc(C(C)C)c(O)c(C(C)C)c3)C2=O)cc(C(C)C)c1O","CC(C)c1cc(/C=C2\CC/C(=C\c3cc(C(C)C)c(O)c(C(C)C)c3)C2=O)cc(C(C)C)c1O"
"CHEMBL486870","COc1cc(/C=C2\CCC/C(=C\c3ccc(O)cc3)C2=O)ccc1O","COc1cc(/C=C2\CCC/C(=C\c3ccc(O)cc3)C2=O)ccc1O"
"CHEMBL1254460","O=C1/C(=C/c2ccccc2Cl)CNC/C1=C\c1ccccc1Cl","O=C1/C(=C/c2ccccc2Cl)CNC/C1=C\c1ccccc1Cl"
"CHEMBL3939076","CCN(CC)CCNC(=O)C1C/C(=C\c2ccccc2)C(=O)/C(=C/c2ccccc2)C1","CCN(CC)CCNC(=O)C1C/C(=C\c2ccccc2)C(=O)/C(=C/c2ccccc2)C1"
"CHEMBL3314650","COc1ccc(/C=C2\CCC/C(=C\c3cccc(F)c3)C2=O)cc1O","COc1ccc(/C=C2\CCC/C(=C\c3cccc(F)c3)C2=O)cc1O"
"CHEMBL2008830","CSc1ccc(/C=C2\CNC/C(=C\c3ccc(SC)cc3)C2=O)cc1","CSc1ccc(/C=C2\CNC/C(=C\c3ccc(SC)cc3)C2=O)cc1"
"CHEMBL2009987","O=C1/C(=C/c2ccccc2)CN(C(=O)CCN2CCCC2)C/C1=C\c1ccccc1","O=C1/C(=C/c2ccccc2)CN(C(=O)CCN2CCCC2)C/C1=C\c1ccccc1"
"CHEMBL1618560","C[n+]1cccc2cc(/C=C3\C[N+](C)(C)C/C(=C\c4ccc5c(ccc[n+]5C)c4)C3=O)ccc21","C[n+]1cccc2cc(/C=C3\C[N+](C)(C)C/C(=C\c4ccc5c(ccc[n+]5C)c4)C3=O)ccc21"
"CHEMBL5641596","COc1cccc(OC)c1/C=C/C(=O)/C=C/c1ccc(N2CCCC2)cc1","COc1cccc(OC)c1/C=C/C(=O)/C=C/c1ccc(N2CCCC2)cc1"
"CHEMBL3627985","COc1cc(/C=C/C(=O)/C=C/c2ccc([N+](=O)[O-])cc2)ccc1OCc1cn(CCN2C(=O)C(=O)c3cc(Br)ccc32)nn1","COc1cc(/C=C/C(=O)/C=C/c2ccc([N+](=O)[O-])cc2)ccc1OCc1cn(CCN2C(=O)C(=O)c3cc(Br)ccc32)nn1"
"CHEMBL3932691","COc1ccc(/C=C/c2cc(OC)cc(OC)c2/C=C/C(=O)/C=C/c2ccc(OCCCN(C)C)cc2)cc1","COc1ccc(/C=C/c2cc(OC)cc(OC)c2/C=C/C(=O)/C=C/c2ccc(OCCCN(C)C)cc2)cc1"
"CHEMBL4289820","COc1ccc(/C=C2\CCC/C(=C\c3ccc(O)c(Cl)c3)C2=O)cc1OC","COc1ccc(/C=C2\CCC/C(=C\c3ccc(O)c(Cl)c3)C2=O)cc1OC"
"CHEMBL1880487","C[N+](C)(C)CCC(=O)N1C/C(=C/c2ccccc2)C(=O)/C(=C\c2ccccc2)C1.[Br-]","C[N+](C)(C)CCC(=O)N1C/C(=C/c2ccccc2)C(=O)/C(=C\c2ccccc2)C1.[Br-]"
"CHEMBL1907415","C[N+](C)(C)CCC(=O)N1C/C(=C/c2ccccc2)C(=O)/C(=C\c2ccccc2)C1","C[N+](C)(C)CCC(=O)N1C/C(=C/c2ccccc2)C(=O)/C(=C\c2ccccc2)C1"
"CHEMBL3765961","CN1CCN(Cc2cc(/C=C3\CNC/C(=C\c4ccc(O)c(CN5CCN(C)CC5)c4)C3=O)ccc2O)CC1","CN1CCN(Cc2cc(/C=C3\CNC/C(=C\c4ccc(O)c(CN5CCN(C)CC5)c4)C3=O)ccc2O)CC1"
"CHEMBL4167818","CCN1C/C(=C\c2cc(OC)c(OC)c(OC)c2)C(=O)/C(=C/c2cc(OC)c(OC)c(OC)c2)C1","CCN1C/C(=C\c2cc(OC)c(OC)c(OC)c2)C(=O)/C(=C/c2cc(OC)c(OC)c(OC)c2)C1"
"CHEMBL3736316","COc1ccc(/C=C2\CCC/C(=C\c3ccc(OCCCN4CCOCC4)c(OC)c3)C2=O)cc1OC","COc1ccc(/C=C2\CCC/C(=C\c3ccc(OCCCN4CCOCC4)c(OC)c3)C2=O)cc1OC"
"CHEMBL3736360","COc1cc(/C=C2\CCC/C(=C\c3ccc(OCCBr)c(OC)c3)C2=O)ccc1OCCBr","COc1cc(/C=C2\CCC/C(=C\c3ccc(OCCBr)c(OC)c3)C2=O)ccc1OCCBr"
"CHEMBL3735221","COc1cc(/C=C/C(=O)/C=C/c2ccccc2C(F)(F)F)ccc1OCCCN1CCOCC1","COc1cc(/C=C/C(=O)/C=C/c2ccccc2C(F)(F)F)ccc1OCCCN1CCOCC1"
"CHEMBL3765960","O=C1/C(=C/c2ccc(O)c(CN3CCOCC3)c2)CNC/C1=C\c1ccc(O)c(CN2CCOCC2)c1","O=C1/C(=C/c2ccc(O)c(CN3CCOCC3)c2)CNC/C1=C\c1ccc(O)c(CN2CCOCC2)c1"
"CHEMBL1187476","CCN(CC)CCOc1ccc(C(=O)N2C/C(=C\c3ccc([N+](=O)[O-])cc3)C(=O)/C(=C/c3ccc([N+](=O)[O-])cc3)C2)cc1","CCN(CC)CCOc1ccc(C(=O)N2C/C(=C\c3ccc([N+](=O)[O-])cc3)C(=O)/C(=C/c3ccc([N+](=O)[O-])cc3)C2)cc1"
"CHEMBL1187739","CN(C)CCOc1ccc(C(=O)N2C/C(=C\c3ccccc3)C(=O)/C(=C/c3ccccc3)C2)cc1","CN(C)CCOc1ccc(C(=O)N2C/C(=C\c3ccccc3)C(=O)/C(=C/c3ccccc3)C2)cc1"
"CHEMBL1767202","CN(C)c1ccc(/C=C/C(=O)/C=C/c2ccc(OCCF)cc2)cc1","CN(C)c1ccc(/C=C/C(=O)/C=C/c2ccc(OCCF)cc2)cc1"
"CHEMBL592399","COc1cc(/C=C/C(=O)/C=C/c2cc(OC)c(OCc3cn(CCCCCCCCCCNC(=O)OC(C)(C)C)nn3)c(OC)c2)cc(OC)c1OC","COc1cc(/C=C/C(=O)/C=C/c2cc(OC)c(OCc3cn(CCCCCCCCCCNC(=O)OC(C)(C)C)nn3)c(OC)c2)cc(OC)c1OC"
"CHEMBL3629759","COc1cccc(/C=C/C(=O)/C=C/c2ccc(OCc3cn(CCN4C(=O)C(=O)c5cc(Br)ccc54)nn3)c(OC)c2)c1","COc1cccc(/C=C/C(=O)/C=C/c2ccc(OCc3cn(CCN4C(=O)C(=O)c5cc(Br)ccc54)nn3)c(OC)c2)c1"
"CHEMBL3765956","CN(C)Cc1cc(/C=C2\CNC/C(=C\c3ccc(O)c(CN(C)C)c3)C2=O)ccc1O","CN(C)Cc1cc(/C=C2\CNC/C(=C\c3ccc(O)c(CN(C)C)c3)C2=O)ccc1O"
"CHEMBL3765962","CN(C)Cc1cc(/C=C2\CNC/C(=C\c3cc(CN(C)C)c(O)c(CN(C)C)c3)C2=O)cc(CN(C)C)c1O","CN(C)Cc1cc(/C=C2\CNC/C(=C\c3cc(CN(C)C)c(O)c(CN(C)C)c3)C2=O)cc(CN(C)C)c1O"
"CHEMBL3933132","COc1cc(/C=C2\CC/C(=C\c3ccc(S(C)(=O)=O)cc3)C2=O)cc(OC)c1","COc1cc(/C=C2\CC/C(=C\c3ccc(S(C)(=O)=O)cc3)C2=O)cc(OC)c1"
"CHEMBL2028254","CN1C/C(=C\c2ccc(C(=O)[O-])cc2)C(=O)/C(=C/c2ccc(C(=O)O)cc2)C1.[K+]","CN1C/C(=C\c2ccc(C(=O)[O-])cc2)C(=O)/C(=C/c2ccc(C(=O)O)cc2)C1.[K+]"
"CHEMBL4301359","CCN(CC)c1ccc(/C=C2\CC/C(=C\c3ccc(N(C)CCC(=O)O)cc3)C2=O)cc1","CCN(CC)c1ccc(/C=C2\CC/C(=C\c3ccc(N(C)CCC(=O)O)cc3)C2=O)cc1"
"CHEMBL3787274","COc1cccc(/C=C2\CC(C(C)C)C/C(=C\c3cccc(OC)c3Cl)C2=O)c1Cl","COc1cccc(/C=C2\CC(C(C)C)C/C(=C\c3cccc(OC)c3Cl)C2=O)c1Cl"
"CHEMBL3785522","COc1cccc(/C=C2\CNC/C(=C\c3cccc(OC)c3Cl)C2=O)c1Cl","COc1cccc(/C=C2\CNC/C(=C\c3cccc(OC)c3Cl)C2=O)c1Cl"
"CHEMBL1740754","CCN(CC)CCC(=O)N1C/C(=C/c2ccccc2)C(=O)/C(=C\c2ccccc2)C1","CCN(CC)CCC(=O)N1C/C(=C/c2ccccc2)C(=O)/C(=C\c2ccccc2)C1"
"CHEMBL3923104","COc1cc(/C=C2\CC/C(=C\c3ccc(O)cc3)C2=O)cc(OC)c1","COc1cc(/C=C2\CC/C(=C\c3ccc(O)cc3)C2=O)cc(OC)c1"
"CHEMBL3960045","COc1cc(/C=C2\CC/C(=C\c3cccc(Cl)c3)C2=O)cc(OC)c1","COc1cc(/C=C2\CC/C(=C\c3cccc(Cl)c3)C2=O)cc(OC)c1"
"CHEMBL4286282","CCN(CC)c1ccc(/C=C2\CC/C(=C\c3ccc(N(C)CCC(=O)[O-])cc3)C2=O)cc1.[Na+]","CCN(CC)c1ccc(/C=C2\CC/C(=C\c3ccc(N(C)CCC(=O)[O-])cc3)C2=O)cc1.[Na+]"
"CHEMBL228210","CC[N+](C)(CC)CCOc1ccc(C(=O)N2C/C(=C\c3ccc(C)cc3)C(=O)/C(=C/c3ccc(C)cc3)C2)cc1.[I-]","CC[N+](C)(CC)CCOc1ccc(C(=O)N2C/C(=C\c3ccc(C)cc3)C(=O)/C(=C/c3ccc(C)cc3)C2)cc1.[I-]"
"CHEMBL1182298","CC[N+](C)(CC)CCOc1ccc(C(=O)N2C/C(=C\c3ccc(C)cc3)C(=O)/C(=C/c3ccc(C)cc3)C2)cc1","CC[N+](C)(CC)CCOc1ccc(C(=O)N2C/C(=C\c3ccc(C)cc3)C(=O)/C(=C/c3ccc(C)cc3)C2)cc1"
"CHEMBL3734998","COc1ccc(/C=C/C(=O)/C=C/c2ccc(OCCCN3CCOCC3)c(OC)c2)cc1OC","COc1ccc(/C=C/C(=O)/C=C/c2ccc(OCCCN3CCOCC3)c(OC)c2)cc1OC"
"CHEMBL3397745","CCCCCCCC/C=C\CCCCCCCC(=O)N1C/C(=C\c2ccc(C(=O)OCC)cc2)C(=O)/C(=C/c2ccc(C(=O)OCC)cc2)C1","CCCCCCCC/C=C\CCCCCCCC(=O)N1C/C(=C\c2ccc(C(=O)OCC)cc2)C(=O)/C(=C/c2ccc(C(=O)OCC)cc2)C1"
"CHEMBL3798084","COc1cc(/C=C/C(=O)/C=C/c2ccccc2)ccc1OCc1cn(CCCCCOc2cc(=O)oc3ccccc23)nn1","COc1cc(/C=C/C(=O)/C=C/c2ccccc2)ccc1OCc1cn(CCCCCOc2cc(=O)oc3ccccc23)nn1"
"CHEMBL3798059","COc1ccccc1/C=C/C(=O)/C=C/c1ccc(OCc2cn(CCCCOc3cc(=O)oc4ccccc34)nn2)c(OC)c1","COc1ccccc1/C=C/C(=O)/C=C/c1ccc(OCc2cn(CCCCOc3cc(=O)oc4ccccc34)nn2)c(OC)c1"
"CHEMBL464499","Cl.O=C1/C(=C/c2ccc([N+](=O)[O-])cc2)CN(C(=O)c2ccc(OCCN3CCOCC3)cc2)C/C1=C\c1ccc([N+](=O)[O-])cc1","Cl.O=C1/C(=C/c2ccc([N+](=O)[O-])cc2)CN(C(=O)c2ccc(OCCN3CCOCC3)cc2)C/C1=C\c1ccc([N+](=O)[O-])cc1"
"CHEMBL4282898","CN(CCC(=O)[O-])c1ccc(/C=C2\CC/C(=C\c3ccc(N(C)CCC(=O)[O-])cc3)C2=O)cc1.[Na+].[Na+]","CN(CCC(=O)[O-])c1ccc(/C=C2\CC/C(=C\c3ccc(N(C)CCC(=O)[O-])cc3)C2=O)cc1.[Na+].[Na+]"
"CHEMBL2001967","CSc1ccc(/C=C2/C[N+](C)(C)C/C(=C/c3ccc(SC)cc3)C2=O)cc1.[I-]","CSc1ccc(/C=C2/C[N+](C)(C)C/C(=C/c3ccc(SC)cc3)C2=O)cc1.[I-]"
"CHEMBL4097706","CCC(=O)Oc1ccc(/C=C2\COC/C(=C\c3ccc(OC(=O)CC)c(OC)c3)C2=O)cc1OC","CCC(=O)Oc1ccc(/C=C2\COC/C(=C\c3ccc(OC(=O)CC)c(OC)c3)C2=O)cc1OC"
"CHEMBL4573969","COc1ccc(/C=C2\CN(Cc3cn(Cc4ccccc4Cl)nn3)C/C(=C\c3ccc(OC)cc3)C2=O)cc1","COc1ccc(/C=C2\CN(Cc3cn(Cc4ccccc4Cl)nn3)C/C(=C\c3ccc(OC)cc3)C2=O)cc1"
"CHEMBL4519120","Cc1ccc(/C=C2\CN(C(=S)SCc3cn(Cc4ccc(F)cc4)nn3)C/C(=C\c3ccc(C)cc3)C2=O)cc1","Cc1ccc(/C=C2\CN(C(=S)SCc3cn(Cc4ccc(F)cc4)nn3)C/C(=C\c3ccc(C)cc3)C2=O)cc1"
"CHEMBL4440018","O=C1/C(=C/c2ccc(F)cc2)CN(c2nc(-c3ccccc3)cs2)C/C1=C\c1ccc(F)cc1","O=C1/C(=C/c2ccc(F)cc2)CN(c2nc(-c3ccccc3)cs2)C/C1=C\c1ccc(F)cc1"
"CHEMBL3741730","COc1cc(/C=C/C(=O)/C=C/c2ccc(C(F)(F)F)cc2)ccc1O","COc1cc(/C=C/C(=O)/C=C/c2ccc(C(F)(F)F)cc2)ccc1O"
"CHEMBL3314657","COc1ccc(/C=C2\CSC/C(=C\c3ccc(OC)c(OC)c3)C2=O)cc1OC","COc1ccc(/C=C2\CSC/C(=C\c3ccc(OC)c(OC)c3)C2=O)cc1OC"
"CHEMBL5437277","COc1cc(/C=C/C(=O)C(=Cc2ccc(F)c(F)c2)C(=O)/C=C/c2ccc(O)c(OC)c2)ccc1O","COc1cc(/C=C/C(=O)C(=Cc2ccc(F)c(F)c2)C(=O)/C=C/c2ccc(O)c(OC)c2)ccc1O"
"CHEMBL227474","CC[N+](C)(CC)CCOc1ccc(C(=O)N2C/C(=C\c3ccc(Cl)cc3)C(=O)/C(=C/c3ccc(Cl)cc3)C2)cc1.[I-]","CC[N+](C)(CC)CCOc1ccc(C(=O)N2C/C(=C\c3ccc(Cl)cc3)C(=O)/C(=C/c3ccc(Cl)cc3)C2)cc1.[I-]"
"CHEMBL223287","CC[N+](C)(CC)CCOc1ccc(C(=O)N2C/C(=C\c3ccc([N+](=O)[O-])cc3)C(=O)/C(=C/c3ccc([N+](=O)[O-])cc3)C2)cc1.[I-]","CC[N+](C)(CC)CCOc1ccc(C(=O)N2C/C(=C\c3ccc([N+](=O)[O-])cc3)C(=O)/C(=C/c3ccc([N+](=O)[O-])cc3)C2)cc1.[I-]"
"CHEMBL1182226","CC[N+](C)(CC)CCOc1ccc(C(=O)N2C/C(=C\c3ccc([N+](=O)[O-])cc3)C(=O)/C(=C/c3ccc([N+](=O)[O-])cc3)C2)cc1","CC[N+](C)(CC)CCOc1ccc(C(=O)N2C/C(=C\c3ccc([N+](=O)[O-])cc3)C(=O)/C(=C/c3ccc([N+](=O)[O-])cc3)C2)cc1"
"CHEMBL464670","Cl.O=C1/C(=C/c2ccccc2)CN(C(=O)c2ccc(OCCN3CCOCC3)cc2)C/C1=C\c1ccccc1","Cl.O=C1/C(=C/c2ccccc2)CN(C(=O)c2ccc(OCCN3CCOCC3)cc2)C/C1=C\c1ccccc1"
"CHEMBL1186465","O=C1/C(=C/c2ccccc2)CN(C(=O)c2ccc(OCCN3CCOCC3)cc2)C/C1=C\c1ccccc1","O=C1/C(=C/c2ccccc2)CN(C(=O)c2ccc(OCCN3CCOCC3)cc2)C/C1=C\c1ccccc1"
"CHEMBL227188","CC[N+](C)(CC)CCOc1ccc(C(=O)N2C/C(=C\c3ccccc3)C(=O)/C(=C/c3ccccc3)C2)cc1.[I-]","CC[N+](C)(CC)CCOc1ccc(C(=O)N2C/C(=C\c3ccccc3)C(=O)/C(=C/c3ccccc3)C2)cc1.[I-]"
"CHEMBL128729","COc1cc(/C=C/C(=O)/C=C/c2ccc(O)c(OC)c2)ccc1O","COc1cc(/C=C/C(=O)/C=C/c2ccc(O)c(OC)c2)ccc1O"
"CHEMBL1182279","CC[N+](C)(CC)CCOc1ccc(C(=O)N2C/C(=C\c3ccc(Cl)cc3)C(=O)/C(=C/c3ccc(Cl)cc3)C2)cc1","CC[N+](C)(CC)CCOc1ccc(C(=O)N2C/C(=C\c3ccc(Cl)cc3)C(=O)/C(=C/c3ccc(Cl)cc3)C2)cc1"
"CHEMBL3741959","COc1cc(/C=C/C(=O)/C=C/c2cccc(Cl)c2Cl)ccc1O","COc1cc(/C=C/C(=O)/C=C/c2cccc(Cl)c2Cl)ccc1O"
"CHEMBL3991089","NCCCNCCCCNCCCNC(=O)CCC(=O)N1C/C(=C\c2ccccc2)C(=O)/C(=C/c2ccccc2)C1","NCCCNCCCCNCCCNC(=O)CCC(=O)N1C/C(=C\c2ccccc2)C(=O)/C(=C/c2ccccc2)C1"
"CHEMBL358894","O=C1/C(=C/c2ccc(F)cc2)CNC/C1=C\c1ccc(F)cc1","O=C1/C(=C/c2ccc(F)cc2)CNC/C1=C\c1ccc(F)cc1"
"CHEMBL1928969","COc1ccc(/C=C/c2cc(OC)cc(OC)c2/C=C/C(=O)/C=C/c2ccc(C)c(C)c2)cc1","COc1ccc(/C=C/c2cc(OC)cc(OC)c2/C=C/C(=O)/C=C/c2ccc(C)c(C)c2)cc1"
"CHEMBL5273329","O=C1/C(=C\c2ccccc2C(F)(F)F)CCC/C1=C\c1ccccc1C(F)(F)F","O=C1/C(=C\c2ccccc2C(F)(F)F)CCC/C1=C\c1ccccc1C(F)(F)F"
"CHEMBL2010046","C[N+]1(C)C/C(=C\c2ccccc2)C(=O)/C(=C/c2ccccc2)C1","C[N+]1(C)C/C(=C\c2ccccc2)C(=O)/C(=C/c2ccccc2)C1"
"CHEMBL4460923","COc1ccc(OC)c(/C=C2\CC/C(=C\c3ccc(O)c(OC)c3)C2=O)c1","COc1ccc(OC)c(/C=C2\CC/C(=C\c3ccc(O)c(OC)c3)C2=O)c1"
"CHEMBL4745770","C=CCc1cc(/C=C2\CN(Cc3ccccc3)C/C(=C\c3ccc(O)c(CC=C)c3)C2=O)ccc1O","C=CCc1cc(/C=C2\CN(Cc3ccccc3)C/C(=C\c3ccc(O)c(CC=C)c3)C2=O)ccc1O"
"CHEMBL4779991","C=CCc1cc(/C=C2\CN(C(=O)c3c(Cl)cccc3Cl)C/C(=C\c3ccc(O)c(CC=C)c3)C2=O)ccc1O","C=CCc1cc(/C=C2\CN(C(=O)c3c(Cl)cccc3Cl)C/C(=C\c3ccc(O)c(CC=C)c3)C2=O)ccc1O"
"CHEMBL4172638","COc1ccc(/C=C/C(=O)/C=C/c2ccccc2)cc1","COc1ccc(/C=C/C(=O)/C=C/c2ccccc2)cc1"
"CHEMBL571870","CCOC(=O)CNC(=O)/C=C\C(=O)N1C/C(=C\c2ccc([N+](=O)[O-])cc2)C(=O)/C(=C/c2ccc([N+](=O)[O-])cc2)C1","CCOC(=O)CNC(=O)/C=C\C(=O)N1C/C(=C\c2ccc([N+](=O)[O-])cc2)C(=O)/C(=C/c2ccc([N+](=O)[O-])cc2)C1"
"CHEMBL3905122","COc1cc(/C=C2\CC/C(=C\c3ccccc3Br)C2=O)cc(OC)c1","COc1cc(/C=C2\CC/C(=C\c3ccccc3Br)C2=O)cc(OC)c1"
"CHEMBL1098386","C=C(Br)C(=O)Nc1cccc(/C=C2\CCCC/C(=C\c3cccc(NC(=O)C(=C)Br)c3)C2=O)c1","C=C(Br)C(=O)Nc1cccc(/C=C2\CCCC/C(=C\c3cccc(NC(=O)C(=C)Br)c3)C2=O)c1"
"CHEMBL2028410","O=C(/C=C/c1ccccc1[O-])/C=C/c1ccccc1O.[Na+]","O=C(/C=C/c1ccccc1[O-])/C=C/c1ccccc1O.[Na+]"
"CHEMBL4159907","CCN1C/C(=C\c2ccc(OC)c(OC)c2)C(=O)/C(=C/c2ccc(OC)c(OC)c2)C1","CCN1C/C(=C\c2ccc(OC)c(OC)c2)C(=O)/C(=C/c2ccc(OC)c(OC)c2)C1"
"CHEMBL5647659","COc1cccc(OC)c1/C=C/C(=O)/C=C/c1ccc(N2CCCCC2)cc1","COc1cccc(OC)c1/C=C/C(=O)/C=C/c1ccc(N2CCCCC2)cc1"
"CHEMBL4167901","COc1cccc(/C=C2\CN(C)C/C(=C\c3cccc(OC)c3)C2=O)c1","COc1cccc(/C=C2\CN(C)C/C(=C\c3cccc(OC)c3)C2=O)c1"
"CHEMBL1966357","C[N+]1(C)C/C(=C/c2ccc(F)cc2)C(=O)/C(=C\c2ccc(F)cc2)C1.[I-]","C[N+]1(C)C/C(=C/c2ccc(F)cc2)C(=O)/C(=C\c2ccc(F)cc2)C1.[I-]"
"CHEMBL5285763","O=C1/C(=C/c2cccc(/N=C/c3cccc(O)c3O)c2)CCC/C1=C\c1cccc(/N=C/c2cccc(O)c2O)c1","O=C1/C(=C/c2cccc(/N=C/c3cccc(O)c3O)c2)CCC/C1=C\c1cccc(/N=C/c2cccc(O)c2O)c1"
"CHEMBL3735489","COc1cc(/C=C2\CCC/C(=C\c3ccc(OCCCN4CCN(C)CC4)c(OC)c3)C2=O)ccc1OCCCBr","COc1cc(/C=C2\CCC/C(=C\c3ccc(OCCCN4CCN(C)CC4)c(OC)c3)C2=O)ccc1OCCCBr"
"CHEMBL1818422","CN1CCN(c2ccc(/C=C/C(=O)/C=C/c3ccc(N4CCN(C)CC4)cc3)cc2)CC1","CN1CCN(c2ccc(/C=C/C(=O)/C=C/c3ccc(N4CCN(C)CC4)cc3)cc2)CC1"
"CHEMBL1767214","CN(C)c1ccc(/C=C/C(=O)/C=C/c2ccc(Br)cc2)cc1","CN(C)c1ccc(/C=C/C(=O)/C=C/c2ccc(Br)cc2)cc1"
"CHEMBL4587853","O=C(/C=C/c1cccc(O)c1)/C=C/c1ccc(O)c(O)c1","O=C(/C=C/c1cccc(O)c1)/C=C/c1ccc(O)c(O)c1"
"CHEMBL3968185","NCCCNCCCCNCCCNC(=O)CCC(=O)N1C/C(=C/c2cccc(O)c2)C(=O)/C(=C/c2cccc(O)c2)C1.O=C(O)C(F)(F)F","NCCCNCCCCNCCCNC(=O)CCC(=O)N1C/C(=C/c2cccc(O)c2)C(=O)/C(=C/c2cccc(O)c2)C1.O=C(O)C(F)(F)F"
"CHEMBL1288763","COc1cc(/C=C/C(=O)/C=C/c2ccc(F)cc2F)ccc1OCc1cn([C@H]2C[C@H](n3cc(C)c(=O)[nH]c3=O)O[C@@H]2CO)nn1","COc1cc(/C=C/C(=O)/C=C/c2ccc(F)cc2F)ccc1OCc1cn([C@H]2C[C@H](n3cc(C)c(=O)[nH]c3=O)O[C@@H]2CO)nn1"
"CHEMBL4777560","COc1cc(/C=C2\CC/C(=C\c3ccc(OCCCN4CCCCCC4)c(OC)c3)C2=O)ccc1OCCCN1CCCCCC1.Cl.Cl","COc1cc(/C=C2\CC/C(=C\c3ccc(OCCCN4CCCCCC4)c(OC)c3)C2=O)ccc1OCCCN1CCCCCC1.Cl.Cl"
"CHEMBL3819398","CC/C(=C\c1ccc(Cl)cc1)C(=O)/C=C/c1ccc(Br)cc1","CC/C(=C\c1ccc(Cl)cc1)C(=O)/C=C/c1ccc(Br)cc1"
"CHEMBL1928968","COc1ccc(/C=C/c2cc(OC)cc(OC)c2/C=C/C(=O)/C=C/c2ccc(C)cc2)cc1","COc1ccc(/C=C/c2cc(OC)cc(OC)c2/C=C/C(=O)/C=C/c2ccc(C)cc2)cc1"
"CHEMBL3786606","COCCS(=O)(=O)CCC(=O)N1C/C(=C\c2ccc(F)cc2)C(=O)/C(=C/c2ccc(F)cc2)C1","COCCS(=O)(=O)CCC(=O)N1C/C(=C\c2ccc(F)cc2)C(=O)/C(=C/c2ccc(F)cc2)C1"
"CHEMBL3754599","COc1cc(/C=C2\CCC/C(=C\c3ccc(OC)c(OC)c3)C2=O)ccc1O","COc1cc(/C=C2\CCC/C(=C\c3ccc(OC)c(OC)c3)C2=O)ccc1O"
"CHEMBL4291424","COc1cccc(/C=C2\CCC/C(=C\c3ccc(Cl)cc3Cl)C2=O)c1OC","COc1cccc(/C=C2\CCC/C(=C\c3ccc(Cl)cc3Cl)C2=O)c1OC"
"CHEMBL4165781","COc1cccc(/C=C2\CCC/C(=C\c3cc(OC)c(OC)c(OC)c3)C2=O)c1OC","COc1cccc(/C=C2\CCC/C(=C\c3cc(OC)c(OC)c(OC)c3)C2=O)c1OC"
"CHEMBL1088993","Cc1ccc(/C=C2\CCC/C(=C\c3ccc(C)cc3C)C2=O)c(C)c1","Cc1ccc(/C=C2\CCC/C(=C\c3ccc(C)cc3C)C2=O)c(C)c1"
"CHEMBL4172512","CN1C/C(=C\c2cccc([N+](=O)[O-])c2)C(=O)/C(=C/c2ccccc2F)C1","CN1C/C(=C\c2cccc([N+](=O)[O-])c2)C(=O)/C(=C/c2ccccc2F)C1"
"CHEMBL4160793","COc1cc(/C=C2\CN(C)C/C(=C\c3ccc(Br)cc3)C2=O)cc(OC)c1","COc1cc(/C=C2\CN(C)C/C(=C\c3ccc(Br)cc3)C2=O)cc(OC)c1"
"CHEMBL4175916","COc1cc(/C=C2\CN(C)C/C(=C\c3ccc(F)cc3)C2=O)cc(OC)c1","COc1cc(/C=C2\CN(C)C/C(=C\c3ccc(F)cc3)C2=O)cc(OC)c1"
"CHEMBL4164190","COc1cc(/C=C2\CN(C)C/C(=C\c3ccc(Cl)c(Cl)c3)C2=O)cc(OC)c1","COc1cc(/C=C2\CN(C)C/C(=C\c3ccc(Cl)c(Cl)c3)C2=O)cc(OC)c1"
"CHEMBL1459746","CCN1C/C(=C/c2ccc(OC)c(O)c2)C(=O)/C(=C/c2ccc(OC)c(O)c2)C1","CCN1C/C(=C/c2ccc(OC)c(O)c2)C(=O)/C(=C/c2ccc(OC)c(O)c2)C1"
"CHEMBL4165751","COc1cc(/C=C2\CN(C)C/C(=C\c3ccccc3F)C2=O)cc(OC)c1OC","COc1cc(/C=C2\CN(C)C/C(=C\c3ccccc3F)C2=O)cc(OC)c1OC"
"CHEMBL4295182","COc1ccc(/C=C2\CCC/C(=C\c3ccc(O)c(O)c3)C2=O)cc1OC","COc1ccc(/C=C2\CCC/C(=C\c3ccc(O)c(O)c3)C2=O)cc1OC"
"CHEMBL1622005","CCOc1cc(/C=C2\CN(CC)C/C(=C\c3ccc(O)c(OCC)c3)C2=O)ccc1O","CCOc1cc(/C=C2\CN(CC)C/C(=C\c3ccc(O)c(OCC)c3)C2=O)ccc1O"
"CHEMBL3629639","COc1cc(/C=C/C(=O)/C=C/c2cccc([N+](=O)[O-])c2)ccc1OCc1cn(CCN2C(=O)C(=O)c3ccccc32)nn1","COc1cc(/C=C/C(=O)/C=C/c2cccc([N+](=O)[O-])c2)ccc1OCc1cn(CCN2C(=O)C(=O)c3ccccc32)nn1"
"CHEMBL1090244","O=C1/C(=C/c2ccc(OC3CCCOC3)cc2)CC/C1=C\c1ccc(OC2CCCOC2)cc1","O=C1/C(=C/c2ccc(OC3CCCOC3)cc2)CC/C1=C\c1ccc(OC2CCCOC2)cc1"
"CHEMBL4100289","COc1ccc(/C=C2\CC/C(=C\c3ccc(O)c(OC)c3)C2=O)cc1","COc1ccc(/C=C2\CC/C(=C\c3ccc(O)c(OC)c3)C2=O)cc1"
"CHEMBL5647407","COc1cccc(OC)c1/C=C1\CCC/C(=C\c2ccc(C)cc2)C1=O","COc1cccc(OC)c1/C=C1\CCC/C(=C\c2ccc(C)cc2)C1=O"
"CHEMBL5646498","COc1cccc(OC)c1/C=C/C(=O)/C=C/c1ccc(-c2ccncc2)cc1","COc1cccc(OC)c1/C=C/C(=O)/C=C/c1ccc(-c2ccncc2)cc1"
"CHEMBL4782375","COc1cc(/C=C2\CC/C(=C\c3ccc(OCCCCN4CCCCCC4)c(OC)c3)C2=O)ccc1OCCCCN1CCCCCC1.Cl.Cl","COc1cc(/C=C2\CC/C(=C\c3ccc(OCCCCN4CCCCCC4)c(OC)c3)C2=O)ccc1OCCCCN1CCCCCC1.Cl.Cl"
"CHEMBL3967235","COc1ccc(/C=C2/CN(C(=O)CCC(=O)NCCCNCCCCNCCCN)C/C(=C\c3ccc(OC)c(OC)c3)C2=O)cc1OC.O=C(O)C(F)(F)F","COc1ccc(/C=C2/CN(C(=O)CCC(=O)NCCCNCCCCNCCCN)C/C(=C\c3ccc(OC)c(OC)c3)C2=O)cc1OC.O=C(O)C(F)(F)F"
"CHEMBL5646442","COc1cccc(OC)c1/C=C/C(=O)/C=C/c1ccc(N2CCOCC2)cc1","COc1cccc(OC)c1/C=C/C(=O)/C=C/c1ccc(N2CCOCC2)cc1"
"CHEMBL1767199","COc1ccc2cc(/C=C/C(=O)/C=C/c3ccc(N(C)C)cc3)ccc2c1","COc1ccc2cc(/C=C/C(=O)/C=C/c3ccc(N(C)C)cc3)ccc2c1"
"CHEMBL602252","CCOCOc1c(OC)cc(/C=C/C(=O)/C=C/c2cc(OC)c(OCOCC)c(OC)c2)cc1OC","CCOCOc1c(OC)cc(/C=C/C(=O)/C=C/c2cc(OC)c(OCOCC)c(OC)c2)cc1OC"
"CHEMBL2063992","COc1cccc(/C=C/C(=O)C(=Cc2cc(OC)c(OC)c(OC)c2)C(=O)/C=C/c2cccc(OC)c2OC)c1OC","COc1cccc(/C=C/C(=O)C(=Cc2cc(OC)c(OC)c(OC)c2)C(=O)/C=C/c2cccc(OC)c2OC)c1OC"
"CHEMBL2063995","COc1cccc(/C=C/C(=O)C(=Cc2ccc(O)c(F)c2)C(=O)/C=C/c2cccc(OC)c2OC)c1OC","COc1cccc(/C=C/C(=O)C(=Cc2ccc(O)c(F)c2)C(=O)/C=C/c2cccc(OC)c2OC)c1OC"
"CHEMBL2064003","COc1ccc(OC)c(/C=C/C(=O)C(=Cc2cc(OC)c(O)c(OC)c2)C(=O)/C=C/c2cc(OC)ccc2OC)c1","COc1ccc(OC)c(/C=C/C(=O)C(=Cc2cc(OC)c(O)c(OC)c2)C(=O)/C=C/c2cc(OC)ccc2OC)c1"
"CHEMBL5646713","CCOc1ccc(/C=C/C(=O)/C=C/c2c(OC)cccc2OC)cc1","CCOc1ccc(/C=C/C(=O)/C=C/c2c(OC)cccc2OC)cc1"
"CHEMBL3952457","COc1ccc(/C=C/c2cc(OC)cc(OC)c2/C=C/C(=O)/C=C/c2cccc(OC)c2OC)cc1","COc1ccc(/C=C/c2cc(OC)cc(OC)c2/C=C/C(=O)/C=C/c2cccc(OC)c2OC)cc1"
"CHEMBL3942348","COc1ccc(/C=C/c2cc(OC)cc(OC)c2/C=C/C(=O)/C=C/c2ccc(C(F)(F)F)cc2)cc1","COc1ccc(/C=C/c2cc(OC)cc(OC)c2/C=C/C(=O)/C=C/c2ccc(C(F)(F)F)cc2)cc1"
"CHEMBL4859420","N#CC1(c2ccccc2)C/C(=C\c2cccc(C(F)(F)F)c2)C(=O)/C(=C/c2cccc(C(F)(F)F)c2)C1","N#CC1(c2ccccc2)C/C(=C\c2cccc(C(F)(F)F)c2)C(=O)/C(=C/c2cccc(C(F)(F)F)c2)C1"
"CHEMBL3895965","NCCCNCCCCNCCCNC(=O)CCC(=O)N1C/C(=C\c2ccccc2)C(=O)/C(=C/c2ccccc2)C1.O=C(O)C(F)(F)F","NCCCNCCCCNCCCNC(=O)CCC(=O)N1C/C(=C\c2ccccc2)C(=O)/C(=C/c2ccccc2)C1.O=C(O)C(F)(F)F"
"CHEMBL1972901","CN1C/C(=C\c2ccc(Cl)cc2)C(=O)/C(=C/c2ccc(Cl)cc2)C1.Cl","CN1C/C(=C\c2ccc(Cl)cc2)C(=O)/C(=C/c2ccc(Cl)cc2)C1.Cl"
"CHEMBL2332546","C=CC(=O)N1C/C(=C\c2ccc(Cl)cc2Cl)C(=O)/C(=C/c2ccc(Cl)cc2Cl)C1","C=CC(=O)N1C/C(=C\c2ccc(Cl)cc2Cl)C(=O)/C(=C/c2ccc(Cl)cc2Cl)C1"
"CHEMBL3985200","CCN(CC)CCNC(=O)C1C/C(=C\c2ccc(F)cc2)C(=O)/C(=C/c2ccc(F)cc2)C1","CCN(CC)CCNC(=O)C1C/C(=C\c2ccc(F)cc2)C(=O)/C(=C/c2ccc(F)cc2)C1"
"CHEMBL2315382","COc1cc(/C=C2\CCC/C(=C\c3ccc(OCCCN4CCCCC4)c(OC)c3)C2=O)ccc1OCCCN1CCCCC1","COc1cc(/C=C2\CCC/C(=C\c3ccc(OCCCN4CCCCC4)c(OC)c3)C2=O)ccc1OCCCN1CCCCC1"
"CHEMBL1631826","O=C(/C=C/c1c(F)cccc1C(F)(F)F)/C=C/c1c(F)cccc1C(F)(F)F","O=C(/C=C/c1c(F)cccc1C(F)(F)F)/C=C/c1c(F)cccc1C(F)(F)F"
"CHEMBL3403487","CCCCCCCCCC(=O)Oc1ccc(/C=C/C(=O)/C=C/c2ccc(OC(=O)CCCCCCCCC)c(OC)c2)cc1OC","CCCCCCCCCC(=O)Oc1ccc(/C=C/C(=O)/C=C/c2ccc(OC(=O)CCCCCCCCC)c(OC)c2)cc1OC"
"CHEMBL2332977","O=C1/C(=C/c2ccc(Cl)cc2Cl)CN(C(=O)C[C@H]2C[C@H]3CCCN3[C@]23C(=O)Nc2ccccc23)C/C1=C\c1ccc(Cl)cc1Cl","O=C1/C(=C/c2ccc(Cl)cc2Cl)CN(C(=O)C[C@H]2C[C@H]3CCCN3[C@]23C(=O)Nc2ccccc23)C/C1=C\c1ccc(Cl)cc1Cl"
"CHEMBL3940169","C=CCc1cc(/C=C2\CN(S(=O)(=O)CCC)C/C(=C\c3ccc(O)c(CC=C)c3)C2=O)ccc1O","C=CCc1cc(/C=C2\CN(S(=O)(=O)CCC)C/C(=C\c3ccc(O)c(CC=C)c3)C2=O)ccc1O"
"CHEMBL3735132","COc1cc(/C=C2\CC/C(=C\c3ccc(OCCCn4ccnc4)c(OC)c3)C2=O)ccc1OCCCBr","COc1cc(/C=C2\CC/C(=C\c3ccc(OCCCn4ccnc4)c(OC)c3)C2=O)ccc1OCCCBr"
"CHEMBL3735367","COc1cc(/C=C2\CCC/C(=C\c3cccc(OC)c3OC)C2=O)ccc1OCCCN1CCOCC1","COc1cc(/C=C2\CCC/C(=C\c3cccc(OC)c3OC)C2=O)ccc1OCCCN1CCOCC1"
"CHEMBL3735930","COc1cc(/C=C2\CCC/C(=C\c3ccc(OCCCn4ccnc4)c(OC)c3)C2=O)ccc1OCCCn1ccnc1","COc1cc(/C=C2\CCC/C(=C\c3ccc(OCCCn4ccnc4)c(OC)c3)C2=O)ccc1OCCCn1ccnc1"
"CHEMBL3736169","CCCN(CCC)CCCOc1ccc(/C=C2\CCC/C(=C\c3ccc(OCCCN(CCC)CCC)c(OC)c3)C2=O)cc1OC","CCCN(CCC)CCCOc1ccc(/C=C2\CCC/C(=C\c3ccc(OCCCN(CCC)CCC)c(OC)c3)C2=O)cc1OC"
"CHEMBL153660","C/N=C(\N)c1ccc(/C=C2\CCCC/C(=C\c3ccc(C(=N)N)cc3)C2=O)cc1","C/N=C(\N)c1ccc(/C=C2\CCCC/C(=C\c3ccc(C(=N)N)cc3)C2=O)cc1"
"CHEMBL3926457","COc1ccc(/C=C2\CC(C(=O)N3CCOCC3)C/C(=C\c3ccc(OC)cc3)C2=O)cc1","COc1ccc(/C=C2\CC(C(=O)N3CCOCC3)C/C(=C\c3ccc(OC)cc3)C2=O)cc1"
"CHEMBL1289454","COc1cc(/C=C/C(=O)/C=C/c2ccc(F)cc2F)ccc1OCc1cn(-c2ccnc3cc(Cl)ccc23)nn1","COc1cc(/C=C/C(=O)/C=C/c2ccc(F)cc2F)ccc1OCc1cn(-c2ccnc3cc(Cl)ccc23)nn1"
"CHEMBL1290095","C#CCOc1ccc(/C=C/C(=O)/C=C/c2ccc(F)cc2)cc1OC","C#CCOc1ccc(/C=C/C(=O)/C=C/c2ccc(F)cc2)cc1OC"
"CHEMBL3786643","COc1ccc(/C=C2\CCC/C(=C\c3ccc(OC)c(OC)c3Cl)C2=O)c(Cl)c1OC","COc1ccc(/C=C2\CCC/C(=C\c3ccc(OC)c(OC)c3Cl)C2=O)c(Cl)c1OC"
"CHEMBL2235213","O=C1/C(=C/c2cccc(O)c2O)CC/C1=C\c1cccc(O)c1O","O=C1/C(=C/c2cccc(O)c2O)CC/C1=C\c1cccc(O)c1O"
"CHEMBL1630636","COc1ccc(F)c(/C=C2\CCC/C(=C\c3cc(OC)ccc3F)C2=O)c1","COc1ccc(F)c(/C=C2\CCC/C(=C\c3cc(OC)ccc3F)C2=O)c1"
"CHEMBL3219864","O=C(/C=C/c1ccccc1F)/C=C/c1ccccc1OCc1ccccc1Cl","O=C(/C=C/c1ccccc1F)/C=C/c1ccccc1OCc1ccccc1Cl"
"CHEMBL1271846","CCOP(=O)(OCC)N1C/C(=C\c2ccccc2[N+](=O)[O-])C(=O)/C(=C/c2ccccc2[N+](=O)[O-])C1","CCOP(=O)(OCC)N1C/C(=C\c2ccccc2[N+](=O)[O-])C(=O)/C(=C/c2ccccc2[N+](=O)[O-])C1"
"CHEMBL4214990","O=C1/C(=C/c2ccccc2)CCC/C1=C\c1ccc(Br)cc1","O=C1/C(=C/c2ccccc2)CCC/C1=C\c1ccc(Br)cc1"
"CHEMBL222328","O=C1/C(=C/c2ccc(O)c(Br)c2)CCC/C1=C\c1ccc(O)c(Br)c1","O=C1/C(=C/c2ccc(O)c(Br)c2)CCC/C1=C\c1ccc(O)c(Br)c1"
"CHEMBL1767234","CN(C)c1ccc(/C=C/C(=O)/C=C/c2ccccc2OCc2ccccc2)cc1","CN(C)c1ccc(/C=C/C(=O)/C=C/c2ccccc2OCc2ccccc2)cc1"
"CHEMBL3314676","O=C1/C(=C/c2cccc(F)c2)CNC/C1=C\c1cccc(F)c1","O=C1/C(=C/c2cccc(F)c2)CNC/C1=C\c1cccc(F)c1"
"CHEMBL3361236","COc1cc(/C=C2\CN(C(=O)c3cc(/C=C/C4C(C)=CCCC4(C)C)on3)C/C(=C\c3ccc(OCc4ccccc4)c(OC)c3)C2=O)ccc1OCc1ccccc1","COc1cc(/C=C2\CN(C(=O)c3cc(/C=C/C4C(C)=CCCC4(C)C)on3)C/C(=C\c3ccc(OCc4ccccc4)c(OC)c3)C2=O)ccc1OCc1ccccc1"
"CHEMBL3105857","COc1ccc(/C=C/C(=O)/C(C)=C/c2ccccc2)cc1","COc1ccc(/C=C/C(=O)/C(C)=C/c2ccccc2)cc1"
"CHEMBL1973156","O=C(/C=C1\C(=O)Nc2ccccc21)/C=C1\C(=O)Nc2ccccc21","O=C(/C=C1\C(=O)Nc2ccccc21)/C=C1\C(=O)Nc2ccccc21"
"CHEMBL1814586","COc1ccc(/C=C2\CNC/C(=C\c3ccc(OC)c(OC)c3OC)C2=O)c(OC)c1OC","COc1ccc(/C=C2\CNC/C(=C\c3ccc(OC)c(OC)c3OC)C2=O)c(OC)c1OC"
"CHEMBL3309957","O=C1/C(=C/c2ccc(N3CCCC3)cc2)CN(Cc2ccccc2)C/C1=C\c1ccc(N2CCCC2)cc1","O=C1/C(=C/c2ccc(N3CCCC3)cc2)CN(Cc2ccccc2)C/C1=C\c1ccc(N2CCCC2)cc1"
"CHEMBL1329069","COc1cc(/C=C2\CC(C(C)(C)C)C/C(=C\c3cc(OC)c(OC)c(OC)c3)C2=O)cc(OC)c1OC","COc1cc(/C=C2\CC(C(C)(C)C)C/C(=C\c3cc(OC)c(OC)c(OC)c3)C2=O)cc(OC)c1OC"
"CHEMBL236948","O=C(/C=C/C(=O)N1C/C(=C\c2ccccc2)C(=O)/C(=C/c2ccccc2)C1)Nc1ccc(Cl)c(Cl)c1","O=C(/C=C/C(=O)N1C/C(=C\c2ccccc2)C(=O)/C(=C/c2ccccc2)C1)Nc1ccc(Cl)c(Cl)c1"
"CHEMBL236371","CC(=O)c1ccc(NC(=O)/C=C/C(=O)N2C/C(=C\c3ccccc3)C(=O)/C(=C/c3ccccc3)C2)cc1","CC(=O)c1ccc(NC(=O)/C=C/C(=O)N2C/C(=C\c3ccccc3)C(=O)/C(=C/c3ccccc3)C2)cc1"
"CHEMBL2391215","O=C1/C(=C\c2ccc(Cl)c(Cl)c2)CN(C(=O)CC(=O)N2C/C(=C\c3ccc(Cl)c(Cl)c3)C(=O)/C(=C/c3ccc(Cl)c(Cl)c3)C2)C/C1=C\c1ccc(Cl)c(Cl)c1","O=C1/C(=C\c2ccc(Cl)c(Cl)c2)CN(C(=O)CC(=O)N2C/C(=C\c3ccc(Cl)c(Cl)c3)C(=O)/C(=C/c3ccc(Cl)c(Cl)c3)C2)C/C1=C\c1ccc(Cl)c(Cl)c1"
"CHEMBL4789768","CCOP(=O)(OCC)C(c1ccccc1)N1C/C(=C\c2ccccc2)C(=O)/C(=C/c2ccccc2)C1","CCOP(=O)(OCC)C(c1ccccc1)N1C/C(=C\c2ccccc2)C(=O)/C(=C/c2ccccc2)C1"
"CHEMBL1097755","CCOC(=O)N1C/C(=C\c2cccc(N)c2)C(=O)/C(=C/c2cccc(N)c2)C1","CCOC(=O)N1C/C(=C\c2cccc(N)c2)C(=O)/C(=C/c2cccc(N)c2)C1"
"CHEMBL151757","COc1ccccc1/C=C1\CCC/C(=C\c2ccccc2OC)C1=O","COc1ccccc1/C=C1\CCC/C(=C\c2ccccc2OC)C1=O"
"CHEMBL1928971","COc1ccc(/C=C/c2cc(OC)cc(OC)c2/C=C/C(=O)/C=C/c2ccccc2Cl)cc1","COc1ccc(/C=C/c2cc(OC)cc(OC)c2/C=C/C(=O)/C=C/c2ccccc2Cl)cc1"
"CHEMBL1928976","COc1ccc(/C=C/c2cc(OC)cc(OC)c2/C=C/C(=O)/C=C/c2ccc(F)cc2)cc1","COc1ccc(/C=C/c2cc(OC)cc(OC)c2/C=C/C(=O)/C=C/c2ccc(F)cc2)cc1"
"CHEMBL3289934","CN(C)c1ccc(/C=C2/CCC/C(=C\c3ccc(N(C)C)cc3[N+](=O)[O-])C2=O)c([N+](=O)[O-])c1","CN(C)c1ccc(/C=C2/CCC/C(=C\c3ccc(N(C)C)cc3[N+](=O)[O-])C2=O)c([N+](=O)[O-])c1"
"CHEMBL3290189","O=C1/C(=C\c2ccc(N3CCCC3)cc2)CNC/C1=C\c1ccc(N2CCCC2)cc1","O=C1/C(=C\c2ccc(N3CCCC3)cc2)CNC/C1=C\c1ccc(N2CCCC2)cc1"
"CHEMBL4162806","COc1cc(/C=C2\CN(S(=O)(=O)c3ccc(F)cc3)C/C(=C\c3cc(OC)c(OC)c(OC)c3)C2=O)cc(OC)c1","COc1cc(/C=C2\CN(S(=O)(=O)c3ccc(F)cc3)C/C(=C\c3cc(OC)c(OC)c(OC)c3)C2=O)cc(OC)c1"
"CHEMBL495184","COc1ccc(/C=C/C(=O)/C=C/c2ccc(OC)c(O)c2)cc1O","COc1ccc(/C=C/C(=O)/C=C/c2ccc(OC)c(O)c2)cc1O"
"CHEMBL4293087","COCCOCCOCCN(CCOCCOCCOC)c1ccc(/C=C2\CC/C(=C\c3ccc(N(CCOCCOCCOC)CCOCCOCCOC)cc3)C2=O)cc1","COCCOCCOCCN(CCOCCOCCOC)c1ccc(/C=C2\CC/C(=C\c3ccc(N(CCOCCOCCOC)CCOCCOCCOC)cc3)C2=O)cc1"
"CHEMBL4280779","COc1cccc(/C=C2\CCC/C(=C\c3cccc(Cl)c3Cl)C2=O)c1OC","COc1cccc(/C=C2\CCC/C(=C\c3cccc(Cl)c3Cl)C2=O)c1OC"
"CHEMBL4170732","COc1cc(/C=C2\CN(C)C/C(=C\c3ccc(Cl)cc3Cl)C2=O)cc(OC)c1OC","COc1cc(/C=C2\CN(C)C/C(=C\c3ccc(Cl)cc3Cl)C2=O)cc(OC)c1OC"
"CHEMBL4172064","COc1cc(/C=C2\CN(C)C/C(=C\c3ccc(Cl)cc3Cl)C2=O)cc(OC)c1","COc1cc(/C=C2\CN(C)C/C(=C\c3ccc(Cl)cc3Cl)C2=O)cc(OC)c1"
"CHEMBL4165057","COc1ccc(/C=C2\CCC/C(=C\c3ccc(F)cc3)C2=O)cc1","COc1ccc(/C=C2\CCC/C(=C\c3ccc(F)cc3)C2=O)cc1"
"CHEMBL4086801","COc1cc(/C=C2\CC/C(=C\c3ccc(OC)c(OC(=O)C(C)C)c3)C2=O)ccc1OC(=O)C(C)C","COc1cc(/C=C2\CC/C(=C\c3ccc(OC)c(OC(=O)C(C)C)c3)C2=O)ccc1OC(=O)C(C)C"
"CHEMBL4093277","COc1cc(/C=C2\CCC/C(=C\c3ccc(N4CCOCC4)cc3)C2=O)ccc1OC(=O)C(C)C","COc1cc(/C=C2\CCC/C(=C\c3ccc(N4CCOCC4)cc3)C2=O)ccc1OC(=O)C(C)C"
"CHEMBL1767380","CN(C)c1ccc(/C=C/C(=O)/C=C/c2ccccc2N)cc1","CN(C)c1ccc(/C=C/C(=O)/C=C/c2ccccc2N)cc1"
"CHEMBL3751960","COc1cc(/C=C2\CCC/C(=C\c3cccc(OC)c3OC)C2=O)ccc1O","COc1cc(/C=C2\CCC/C(=C\c3cccc(OC)c3OC)C2=O)ccc1O"
"CHEMBL2064007","COc1ccc(/C=C/C(=O)C(=Cc2cc(Br)c(O)c(OC)c2)C(=O)/C=C/c2ccc(OC)cc2OC)c(OC)c1","COc1ccc(/C=C/C(=O)C(=Cc2cc(Br)c(O)c(OC)c2)C(=O)/C=C/c2ccc(OC)cc2OC)c(OC)c1"
"CHEMBL3410533","COc1ccc(/C=C2\CS(=O)(=O)C/C(=C\c3ccc([N+](=O)[O-])cc3)C2=O)cc1","COc1ccc(/C=C2\CS(=O)(=O)C/C(=C\c3ccc([N+](=O)[O-])cc3)C2=O)cc1"
"CHEMBL1767218","CN(C)c1ccc(/C=C/C(=O)/C=C/c2ccc([N+](=O)[O-])cc2)cc1","CN(C)c1ccc(/C=C/C(=O)/C=C/c2ccc([N+](=O)[O-])cc2)cc1"
"CHEMBL493002","NS(=O)(=O)Oc1ccc(/C=C/C(=O)/C=C/c2ccc(OS(N)(=O)=O)cc2)cc1","NS(=O)(=O)Oc1ccc(/C=C/C(=O)/C=C/c2ccc(OS(N)(=O)=O)cc2)cc1"
"CHEMBL3629751","COc1cc(/C=C/C(=O)/C=C/c2ccc(Br)cc2)ccc1OCc1cn(CCN2C(=O)C(=O)c3cc(Cl)ccc32)nn1","COc1cc(/C=C/C(=O)/C=C/c2ccc(Br)cc2)ccc1OCc1cn(CCN2C(=O)C(=O)c3cc(Cl)ccc32)nn1"
"CHEMBL1186449","CN(C)CCOc1ccc(C(=O)N2C/C(=C\c3ccc(Cl)cc3)C(=O)/C(=C/c3ccc(Cl)cc3)C2)cc1","CN(C)CCOc1ccc(C(=O)N2C/C(=C\c3ccc(Cl)cc3)C(=O)/C(=C/c3ccc(Cl)cc3)C2)cc1"
"CHEMBL497341","CN(C)c1ccc(/C=C2\CCC/C(=C\c3ccccc3[N+](=O)[O-])C2=O)cc1","CN(C)c1ccc(/C=C2\CCC/C(=C\c3ccccc3[N+](=O)[O-])C2=O)cc1"
"CHEMBL180894","O=C1/C(=C/c2ccc(Cl)cc2)CCC/C1=C\c1ccc([N+](=O)[O-])cc1","O=C1/C(=C/c2ccc(Cl)cc2)CCC/C1=C\c1ccc([N+](=O)[O-])cc1"
"CHEMBL4287337","COc1cccc(/C=C2\CCC/C(=C\c3ccc(O)c(Cl)c3)C2=O)c1OC","COc1cccc(/C=C2\CCC/C(=C\c3ccc(O)c(Cl)c3)C2=O)c1OC"
"CHEMBL4174477","COc1ccc(/C=C2\CN(C)C/C(=C\c3ccccc3F)C2=O)cc1","COc1ccc(/C=C2\CN(C)C/C(=C\c3ccccc3F)C2=O)cc1"
"CHEMBL4163895","COc1cc(/C=C2\CN(C)C/C(=C\c3cc(OC)c(OC)c(OC)c3)C2=O)cc(OC)c1","COc1cc(/C=C2\CN(C)C/C(=C\c3cc(OC)c(OC)c(OC)c3)C2=O)cc(OC)c1"
"CHEMBL1253776","O=C(CCC(=O)N1C/C(=C\c2ccccc2F)C(=O)/C(=C/c2ccccc2F)C1)N[C@@H]1[C@@H](O)[C@H](O)[C@@H](CO)O[C@H]1O","O=C(CCC(=O)N1C/C(=C\c2ccccc2F)C(=O)/C(=C/c2ccccc2F)C1)N[C@@H]1[C@@H](O)[C@H](O)[C@@H](CO)O[C@H]1O"
"CHEMBL4177403","COc1cc(/C=C2\CN(C)C/C(=C\c3ccc(C#N)cc3)C2=O)cc(OC)c1","COc1cc(/C=C2\CN(C)C/C(=C\c3ccc(C#N)cc3)C2=O)cc(OC)c1"
"CHEMBL4284585","COc1ccc(/C=C2\CCC/C(=C\c3ccc(O)cc3)C2=O)cc1OC","COc1ccc(/C=C2\CCC/C(=C\c3ccc(O)cc3)C2=O)cc1OC"
"CHEMBL1650138","O=C1/C(=C/c2ccc(Cl)c(Cl)c2)CN(C(=O)N[C@@H](Cc2ccccc2)C(=O)N[C@@H](Cc2ccc(O)cc2)C(=O)O)C/C1=C\c1ccc(Cl)c(Cl)c1","O=C1/C(=C/c2ccc(Cl)c(Cl)c2)CN(C(=O)N[C@@H](Cc2ccccc2)C(=O)N[C@@H](Cc2ccc(O)cc2)C(=O)O)C/C1=C\c1ccc(Cl)c(Cl)c1"
"CHEMBL1767388","COc1cc(/C=C/C(=O)/C=C/c2ccc(N(C)C)cc2)cc(OC)c1OC","COc1cc(/C=C/C(=O)/C=C/c2ccc(N(C)C)cc2)cc(OC)c1OC"
"CHEMBL577323","CCOC(=O)[C@H](C)NC(=O)/C=C\C(=O)N1C/C(=C\c2ccc([N+](=O)[O-])cc2)C(=O)/C(=C/c2ccc([N+](=O)[O-])cc2)C1","CCOC(=O)[C@H](C)NC(=O)/C=C\C(=O)N1C/C(=C\c2ccc([N+](=O)[O-])cc2)C(=O)/C(=C/c2ccc([N+](=O)[O-])cc2)C1"
"CHEMBL1814474","CC1(C)CCC(C)(/C=C/CN2C/C(=C\c3ccc(F)cc3)C(=O)/C(=C/c3ccc(F)cc3)C2)N1[O]","CC1(C)CCC(C)(/C=C/CN2C/C(=C\c3ccc(F)cc3)C(=O)/C(=C/c3ccc(F)cc3)C2)N1[O]"
"CHEMBL3317613","O=C(/C=C/c1ccccc1Oc1ncnc2ccc(Cl)cc12)/C=C/c1c(Cl)cccc1Cl","O=C(/C=C/c1ccccc1Oc1ncnc2ccc(Cl)cc12)/C=C/c1c(Cl)cccc1Cl"
"CHEMBL463677","COc1ccc(C(=O)N2C/C(=C\c3ccc(Cl)cc3)C(=O)/C(=C/c3ccc(Cl)cc3)C2)cc1","COc1ccc(C(=O)N2C/C(=C\c3ccc(Cl)cc3)C(=O)/C(=C/c3ccc(Cl)cc3)C2)cc1"
"CHEMBL1951551","O=C1/C(=C/c2cccc(Cl)c2)CCC/C1=C\c1cccc([N+](=O)[O-])c1","O=C1/C(=C/c2cccc(Cl)c2)CCC/C1=C\c1cccc([N+](=O)[O-])c1"
"CHEMBL2297361","COc1ccc(OC)c(/C=C2\CNC/C(=C\c3cc(OC)ccc3OC)C2=O)c1","COc1ccc(OC)c(/C=C2\CNC/C(=C\c3cc(OC)ccc3OC)C2=O)c1"
"CHEMBL1618464","C[n+]1cccc2cc(/C=C3/CCC/C(=C/c4ccc5c(ccc[n+]5C)c4)C3=O)ccc21","C[n+]1cccc2cc(/C=C3/CCC/C(=C/c4ccc5c(ccc[n+]5C)c4)C3=O)ccc21"
"CHEMBL426862","COc1ccc(/C=C/C(=O)/C=C/c2ccc(OC)cc2OC)c(OC)c1","COc1ccc(/C=C/C(=O)/C=C/c2ccc(OC)cc2OC)c(OC)c1"
"CHEMBL3739987","COc1cc(/C=C/C(=O)/C=C/c2ccc(OC(C)=O)cc2)ccc1O","COc1cc(/C=C/C(=O)/C=C/c2ccc(OC(C)=O)cc2)ccc1O"
"CHEMBL2316142","COc1cc(/C=C2\CCC/C(=C\c3ccccc3Cl)C2=O)cc(OC)c1","COc1cc(/C=C2\CCC/C(=C\c3ccccc3Cl)C2=O)cc(OC)c1"
"CHEMBL2010434","CSc1ccc(/C=C2/C[N+](C)(C)C/C(=C/c3ccc(SC)cc3)C2=O)cc1","CSc1ccc(/C=C2/C[N+](C)(C)C/C(=C/c3ccc(SC)cc3)C2=O)cc1"
"CHEMBL1703892","O=C1/C(=C\c2ccc([N+](=O)[O-])cc2)CS(=O)(=O)C/C1=C/c1ccc([N+](=O)[O-])cc1","O=C1/C(=C\c2ccc([N+](=O)[O-])cc2)CS(=O)(=O)C/C1=C/c1ccc([N+](=O)[O-])cc1"
"CHEMBL496934","O=C1/C(=C/c2ccc(Cl)c(Cl)c2)CC/C1=C\c1ccc(Cl)c(Cl)c1","O=C1/C(=C/c2ccc(Cl)c(Cl)c2)CC/C1=C\c1ccc(Cl)c(Cl)c1"
"CHEMBL404678","CN(C)c1ccc(/C=C2\CCC/C(=C\c3ccc(N(C)C)cc3)C2=O)cc1","CN(C)c1ccc(/C=C2\CCC/C(=C\c3ccc(N(C)C)cc3)C2=O)cc1"
"CHEMBL129134","O=C(/C=C/c1ccc(O)cc1)/C=C/c1ccc(O)cc1","O=C(/C=C/c1ccc(O)cc1)/C=C/c1ccc(O)cc1"
"CHEMBL1321895","CN1C/C(=C\c2ccc(N3CCOCC3)cc2)C(=O)/C(=C/c2ccc(N3CCOCC3)cc2)C1","CN1C/C(=C\c2ccc(N3CCOCC3)cc2)C(=O)/C(=C/c2ccc(N3CCOCC3)cc2)C1"
"CHEMBL3409208","COc1ccc(/C=C/C(=O)/C=C/c2cc(OC)c(OC)c(OC)c2)cc1O","COc1ccc(/C=C/C(=O)/C=C/c2cc(OC)c(OC)c(OC)c2)cc1O"
"CHEMBL258625","O=C(/C=C/c1ccc(O)c([N+](=O)[O-])c1)/C=C/c1ccc(O)c([N+](=O)[O-])c1","O=C(/C=C/c1ccc(O)c([N+](=O)[O-])c1)/C=C/c1ccc(O)c([N+](=O)[O-])c1"
"CHEMBL6192740","CCOP(=O)(OCC)C(Cc1cn(CCN2C/C(=C\c3ccc(C#N)cc3)C(=O)/C(=C/c3ccc(C#N)cc3)C2)nn1)P(=O)(OCC)OCC","CCOP(=O)(OCC)C(Cc1cn(CCN2C/C(=C\c3ccc(C#N)cc3)C(=O)/C(=C/c3ccc(C#N)cc3)C2)nn1)P(=O)(OCC)OCC"
"CHEMBL4570182","O=C1/C(=C/c2ccc(O)cc2O)CCC/C1=C\c1ccc(O)cc1O","O=C1/C(=C/c2ccc(O)cc2O)CCC/C1=C\c1ccc(O)cc1O"
"CHEMBL1767209","CN(C)c1ccc(/C=C/C(=O)/C=C/c2ccc(OCCOCCOCC[18F])cc2)cc1","CN(C)c1ccc(/C=C/C(=O)/C=C/c2ccc(OCCOCCOCC[18F])cc2)cc1"
"CHEMBL2007130","O=C1/C(=C/c2ccc(O)c([N+](=O)[O-])c2)CCC/C1=C\c1ccc(O)c([N+](=O)[O-])c1","O=C1/C(=C/c2ccc(O)c([N+](=O)[O-])c2)CCC/C1=C\c1ccc(O)c([N+](=O)[O-])c1"
"CHEMBL2430955","Cc1cccc2c(Oc3ccc(/C=C/C(=O)/C=C/c4ccc(Cl)cc4Cl)cc3)ncnc12","Cc1cccc2c(Oc3ccc(/C=C/C(=O)/C=C/c4ccc(Cl)cc4Cl)cc3)ncnc12"
"CHEMBL3317608","O=C(/C=C/c1ccc(Oc2ncnc3ccc(Cl)cc23)cc1)/C=C/c1c(Cl)cccc1Cl","O=C(/C=C/c1ccc(Oc2ncnc3ccc(Cl)cc23)cc1)/C=C/c1c(Cl)cccc1Cl"
"CHEMBL3317615","O=C(/C=C/c1ccc(Cl)c([N+](=O)[O-])c1)/C=C/c1ccccc1Oc1ncnc2ccc(Cl)cc12","O=C(/C=C/c1ccc(Cl)c([N+](=O)[O-])c1)/C=C/c1ccccc1Oc1ncnc2ccc(Cl)cc12"
"CHEMBL2386413","CN1C/C(=C\c2ccc(F)cc2)C(=O)/C(=C/c2ccc(F)cc2)C1","CN1C/C(=C\c2ccc(F)cc2)C(=O)/C(=C/c2ccc(F)cc2)C1"
"CHEMBL2430966","O=C(/C=C/c1ccc(Oc2ncnc3ccccc23)cc1)/C=C/c1cc([N+](=O)[O-])ccc1Cl","O=C(/C=C/c1ccc(Oc2ncnc3ccccc23)cc1)/C=C/c1cc([N+](=O)[O-])ccc1Cl"
"CHEMBL407234","O=C1/C(=C/c2ccc(O)c(Br)c2)COC/C1=C\c1ccc(O)c(Br)c1","O=C1/C(=C/c2ccc(O)c(Br)c2)COC/C1=C\c1ccc(O)c(Br)c1"
"CHEMBL3752501","COc1ccc(OC)c(/C=C2\CCC/C(=C\c3ccc(O)c(OC)c3)C2=O)c1","COc1ccc(OC)c(/C=C2\CCC/C(=C\c3ccc(O)c(OC)c3)C2=O)c1"
"CHEMBL258903","CN1C2CCC1/C(=C\c1ccc(O)c(Br)c1)C(=O)/C2=C/c1ccc(O)c(Br)c1","CN1C2CCC1/C(=C\c1ccc(O)c(Br)c1)C(=O)/C2=C/c1ccc(O)c(Br)c1"
"CHEMBL486724","CCOP(=O)(CCN1C/C(=C\c2ccc(N(C)C)cc2)C(=O)/C(=C/c2ccc(N(C)C)cc2)C1)OCC","CCOP(=O)(CCN1C/C(=C\c2ccc(N(C)C)cc2)C(=O)/C(=C/c2ccc(N(C)C)cc2)C1)OCC"
"CHEMBL1986619","CCOC(=O)N1C/C(=C\c2ccccc2)C(=O)/C(=C/c2ccccc2)C1","CCOC(=O)N1C/C(=C\c2ccccc2)C(=O)/C(=C/c2ccccc2)C1"
"CHEMBL1740524","O=C1/C(=C/c2ccccc2)CN(C(=O)CCN2CCOCC2)C/C1=C\c1ccccc1","O=C1/C(=C/c2ccccc2)CN(C(=O)CCN2CCOCC2)C/C1=C\c1ccccc1"
"CHEMBL1993879","CCN(CC)c1ccc(/C=C2/C[N+](C)(C)C/C(=C/c3ccc(N(CC)CC)cc3)C2=O)cc1.[I-]","CCN(CC)c1ccc(/C=C2/C[N+](C)(C)C/C(=C/c3ccc(N(CC)CC)cc3)C2=O)cc1.[I-]"
"CHEMBL3896168","COc1ccc(/C=C2\CC/C(=C\c3cc(OC)cc(OC)c3)C2=O)cc1","COc1ccc(/C=C2\CC/C(=C\c3cc(OC)cc(OC)c3)C2=O)cc1"
"CHEMBL498575","O=C1/C(=C/c2ccc(F)cc2)CCC/C1=C\c1ccccc1[N+](=O)[O-]","O=C1/C(=C/c2ccc(F)cc2)CCC/C1=C\c1ccccc1[N+](=O)[O-]"
"CHEMBL1186475","CCN(CC)CCOc1ccc(C(=O)N2C/C(=C\c3ccc(C)cc3)C(=O)/C(=C/c3ccc(C)cc3)C2)cc1","CCN(CC)CCOc1ccc(C(=O)N2C/C(=C\c3ccc(C)cc3)C(=O)/C(=C/c3ccc(C)cc3)C2)cc1"
"CHEMBL1187595","O=C1/C(=C/c2ccc([N+](=O)[O-])cc2)CN(C(=O)c2ccc(OCCN3CCCCC3)cc2)C/C1=C\c1ccc([N+](=O)[O-])cc1","O=C1/C(=C/c2ccc([N+](=O)[O-])cc2)CN(C(=O)c2ccc(OCCN3CCCCC3)cc2)C/C1=C\c1ccc([N+](=O)[O-])cc1"
"CHEMBL521819","COc1cc(OC)c(OC)cc1/C=C/C(=O)/C=C/c1cc(OC)c(OC)cc1OC","COc1cc(OC)c(OC)cc1/C=C/C(=O)/C=C/c1cc(OC)c(OC)cc1OC"
"CHEMBL1182269","CC[N+](C)(CC)CCOc1ccc(C(=O)N2C/C(=C\c3ccccc3)C(=O)/C(=C/c3ccccc3)C2)cc1","CC[N+](C)(CC)CCOc1ccc(C(=O)N2C/C(=C\c3ccccc3)C(=O)/C(=C/c3ccccc3)C2)cc1"
"CHEMBL3924180","COc1cc(/C=C2\CC/C(=C\c3ccc(N(C)C)cc3)C2=O)cc(OC)c1","COc1cc(/C=C2\CC/C(=C\c3ccc(N(C)C)cc3)C2=O)cc(OC)c1"
"CHEMBL1767225","CN(C)c1ccc(/C=C/C(=O)/C=C/c2ccc(N(c3ccccc3)c3ccccc3)cc2)cc1","CN(C)c1ccc(/C=C/C(=O)/C=C/c2ccc(N(c3ccccc3)c3ccccc3)cc2)cc1"
"CHEMBL4215231","CCN1C/C(=C\c2cccc(OC)c2OC)C(=O)/C(=C/c2cccc(OC)c2OC)C1","CCN1C/C(=C\c2cccc(OC)c2OC)C(=O)/C(=C/c2cccc(OC)c2OC)C1"
"CHEMBL3115543","C=CCc1cc(/C=C/C(=O)/C=C/c2cccc(Br)c2)ccc1OC","C=CCc1cc(/C=C/C(=O)/C=C/c2cccc(Br)c2)ccc1OC"
"CHEMBL521221","CCOP(=O)(CCCN1C/C(=C\c2ccc(F)cc2)C(=O)/C(=C/c2ccc(F)cc2)C1)OCC","CCOP(=O)(CCCN1C/C(=C\c2ccc(F)cc2)C(=O)/C(=C/c2ccc(F)cc2)C1)OCC"
"CHEMBL455550","Cl.O=C1/C(=C/c2ccc(Cl)cc2)CN(C(=O)c2ccc(OCCN3CCCCC3)cc2)C/C1=C\c1ccc(Cl)cc1","Cl.O=C1/C(=C/c2ccc(Cl)cc2)CN(C(=O)c2ccc(OCCN3CCCCC3)cc2)C/C1=C\c1ccc(Cl)cc1"
"CHEMBL1186238","O=C1/C(=C/c2ccc(Cl)cc2)CN(C(=O)c2ccc(OCCN3CCCCC3)cc2)C/C1=C\c1ccc(Cl)cc1","O=C1/C(=C/c2ccc(Cl)cc2)CN(C(=O)c2ccc(OCCN3CCCCC3)cc2)C/C1=C\c1ccc(Cl)cc1"
"CHEMBL504316","CN(C)CCOc1ccc(C(=O)N2C/C(=C\c3ccc([N+](=O)[O-])cc3)C(=O)/C(=C/c3ccc([N+](=O)[O-])cc3)C2)cc1.Cl","CN(C)CCOc1ccc(C(=O)N2C/C(=C\c3ccc([N+](=O)[O-])cc3)C(=O)/C(=C/c3ccc([N+](=O)[O-])cc3)C2)cc1.Cl"
"CHEMBL1187480","CN(C)CCOc1ccc(C(=O)N2C/C(=C\c3ccc([N+](=O)[O-])cc3)C(=O)/C(=C/c3ccc([N+](=O)[O-])cc3)C2)cc1","CN(C)CCOc1ccc(C(=O)N2C/C(=C\c3ccc([N+](=O)[O-])cc3)C(=O)/C(=C/c3ccc([N+](=O)[O-])cc3)C2)cc1"
"CHEMBL4475340","O=C(/C=C/c1ccccc1O)/C=C/c1ccccc1Br","O=C(/C=C/c1ccccc1O)/C=C/c1ccccc1Br"
"CHEMBL5270057","CN1C/C(=C\c2ccccc2O)C(=O)/C(=C/c2ccccc2O)C1","CN1C/C(=C\c2ccccc2O)C(=O)/C(=C/c2ccccc2O)C1"
"CHEMBL5267962","O=C(/C=C/c1ccccc1)/C=C/c1ccc(O)c(O)c1","O=C(/C=C/c1ccccc1)/C=C/c1ccc(O)c(O)c1"
"CHEMBL5271270","O=C1/C(=C/c2ccccc2)CN(C(=O)c2ccc(/C=C/C(=O)c3ccc([N+](=O)[O-])cc3)cc2)C/C1=C\c1ccccc1","O=C1/C(=C/c2ccccc2)CN(C(=O)c2ccc(/C=C/C(=O)c3ccc([N+](=O)[O-])cc3)cc2)C/C1=C\c1ccccc1"
"CHEMBL1272015","O=C1/C(=C/c2ccc([N+](=O)[O-])cc2)CN(P(=O)(O)O)C/C1=C\c1ccc([N+](=O)[O-])cc1","O=C1/C(=C/c2ccc([N+](=O)[O-])cc2)CN(P(=O)(O)O)C/C1=C\c1ccc([N+](=O)[O-])cc1"
"CHEMBL4092202","O=C1/C(=C/c2ccccc2)COC/C1=C\c1ccccc1F","O=C1/C(=C/c2ccccc2)COC/C1=C\c1ccccc1F"
"CHEMBL350032","C=CC(=O)N1C/C(=C\c2ccc(F)cc2)C(=O)/C(=C/c2ccc(F)cc2)C1","C=CC(=O)N1C/C(=C\c2ccc(F)cc2)C(=O)/C(=C/c2ccc(F)cc2)C1"
"CHEMBL2391734","CN(C)Cc1cc(/C=C2\CCC/C(=C\c3ccc(O)c(CN(C)C)c3)C2=O)ccc1O","CN(C)Cc1cc(/C=C2\CCC/C(=C\c3ccc(O)c(CN(C)C)c3)C2=O)ccc1O"
"CHEMBL2391732","CN(C)Cc1cc(/C=C2\CC/C(=C\c3ccc(O)c(CN(C)C)c3)C2=O)ccc1O","CN(C)Cc1cc(/C=C2\CC/C(=C\c3ccc(O)c(CN(C)C)c3)C2=O)ccc1O"
"CHEMBL4803617","O=C1/C(=C/c2ccc(OCCCCN3CCCCCC3)cc2)CC/C1=C\c1ccc(OCCCCN2CCCCCC2)cc1","O=C1/C(=C/c2ccc(OCCCCN3CCCCCC3)cc2)CC/C1=C\c1ccc(OCCCCN2CCCCCC2)cc1"
"CHEMBL463639","CN(C)CCOc1ccc(C(=O)N2C/C(=C\c3ccc(Cl)cc3)C(=O)/C(=C/c3ccc(Cl)cc3)C2)cc1.Cl","CN(C)CCOc1ccc(C(=O)N2C/C(=C\c3ccc(Cl)cc3)C(=O)/C(=C/c3ccc(Cl)cc3)C2)cc1.Cl"
"CHEMBL470820","O=C1C2=Cc3ccccc3OC2CC/C1=C\c1ccccc1O","O=C1C2=Cc3ccccc3OC2CC/C1=C\c1ccccc1O"
"CHEMBL522664","COc1cc(/C=C/C(=O)/C=C/c2ccc(OS(N)(=O)=O)c(OC)c2)ccc1OS(N)(=O)=O","COc1cc(/C=C/C(=O)/C=C/c2ccc(OS(N)(=O)=O)c(OC)c2)ccc1OS(N)(=O)=O"
"CHEMBL497330","O=C1/C(=C/c2ccccc2)CCC/C1=C\c1ccc([N+](=O)[O-])cc1","O=C1/C(=C/c2ccccc2)CCC/C1=C\c1ccc([N+](=O)[O-])cc1"
"CHEMBL1088987","O=C(/C=C/c1cccc(Br)c1)/C=C/c1cccc(Br)c1","O=C(/C=C/c1cccc(Br)c1)/C=C/c1cccc(Br)c1"
"CHEMBL1973343","CC1C/C(=C\c2ccc(O)c(O)c2)C(=O)/C(=C/c2ccc(O)c(O)c2)C1","CC1C/C(=C\c2ccc(O)c(O)c2)C(=O)/C(=C/c2ccc(O)c(O)c2)C1"
"CHEMBL94336","N=C(N)c1ccc(/C=C2/CCCC/C(=C\c3ccc(C(=N)N)cc3)C2=O)cc1","N=C(N)c1ccc(/C=C2/CCCC/C(=C\c3ccc(C(=N)N)cc3)C2=O)cc1"
"CHEMBL602920","COc1cc(OC)c(/C=C2\CCC/C(=C\c3ccc([N+](=O)[O-])cc3)C2=O)c(OC)c1","COc1cc(OC)c(/C=C2\CCC/C(=C\c3ccc([N+](=O)[O-])cc3)C2=O)c(OC)c1"
"CHEMBL1977756","COc1cc(/C=C2\CCC(C)/C(=C\c3cc(OC)c(OC)c(OC)c3)C2=O)cc(OC)c1OC","COc1cc(/C=C2\CCC(C)/C(=C\c3cc(OC)c(OC)c(OC)c3)C2=O)cc(OC)c1OC"
"CHEMBL1984307","CN(C)CCC(=O)N1C/C(=C\c2ccc(Cl)c(Cl)c2)C(=O)/C(=C/c2ccc(Cl)c(Cl)c2)C1.Cl","CN(C)CCC(=O)N1C/C(=C\c2ccc(Cl)c(Cl)c2)C(=O)/C(=C/c2ccc(Cl)c(Cl)c2)C1.Cl"
"CHEMBL496322","Cc1ccc(/C=C/C(=O)/C=C/c2ccc(C)cc2)cc1","Cc1ccc(/C=C/C(=O)/C=C/c2ccc(C)cc2)cc1"
"CHEMBL455005","Cc1ccc(/C=C2\CN(C(=O)c3ccc(OCCN4CCOCC4)cc3)C/C(=C\c3ccc(C)cc3)C2=O)cc1.Cl","Cc1ccc(/C=C2\CN(C(=O)c3ccc(OCCN4CCOCC4)cc3)C/C(=C\c3ccc(C)cc3)C2=O)cc1.Cl"
"CHEMBL558067","COc1cc(/C=C(\C(=O)/C=C/C2=C(C)CCCC2(C)C)C(=O)/C=C/c2cc(OC)c(O)c(OC)c2)cc(OC)c1O","COc1cc(/C=C(\C(=O)/C=C/C2=C(C)CCCC2(C)C)C(=O)/C=C/c2cc(OC)c(O)c(OC)c2)cc(OC)c1O"
"CHEMBL3115548","C=CCc1cc(/C=C/C(=O)/C=C/c2ccc3ccccc3c2)ccc1OC","C=CCc1cc(/C=C/C(=O)/C=C/c2ccc3ccccc3c2)ccc1OC"
"CHEMBL1289884","C#CCOc1ccc(/C=C/C(=O)/C=C/c2ccc(OC)cc2)cc1OC","C#CCOc1ccc(/C=C/C(=O)/C=C/c2ccc(OC)cc2)cc1OC"
"CHEMBL1303326","CCN1C/C(=C\c2cccc([N+](=O)[O-])c2)C(=O)/C(=C/c2cccc([N+](=O)[O-])c2)C1","CCN1C/C(=C\c2cccc([N+](=O)[O-])c2)C(=O)/C(=C/c2cccc([N+](=O)[O-])c2)C1"
"CHEMBL442985","O=C(/C=C/c1ccc(Cl)c(Cl)c1)/C=C/c1ccc(Cl)c(Cl)c1","O=C(/C=C/c1ccc(Cl)c(Cl)c1)/C=C/c1ccc(Cl)c(Cl)c1"
"CHEMBL5405047","COc1cc(/C=C/C(=O)C(=Cc2ccccc2F)C(=O)/C=C/c2ccc(O)c(OC)c2)ccc1O","COc1cc(/C=C/C(=O)C(=Cc2ccccc2F)C(=O)/C=C/c2ccc(O)c(OC)c2)ccc1O"
"CHEMBL2332536","C=CC(=O)N1C/C(=C\c2ccccc2F)C(=O)/C(=C/c2ccccc2F)C1","C=CC(=O)N1C/C(=C\c2ccccc2F)C(=O)/C(=C/c2ccccc2F)C1"
"CHEMBL606470","COc1cc(OC)c(OC)cc1/C=C/C(=O)/C=C/c1cc(OC)c(OC)c(OC)c1","COc1cc(OC)c(OC)cc1/C=C/C(=O)/C=C/c1cc(OC)c(OC)c(OC)c1"
"CHEMBL345492","CCOC(=O)N1C/C(=C/c2ccc(C(=N)N)cc2)C(=O)/C(=C\c2ccc(C(=N)N)cc2)C1","CCOC(=O)N1C/C(=C/c2ccc(C(=N)N)cc2)C(=O)/C(=C\c2ccc(C(=N)N)cc2)C1"
"CHEMBL486869","COc1cc(/C=C2\CCC/C(=C\c3ccc(O)cc3)C2=O)cc(OC)c1OC","COc1cc(/C=C2\CCC/C(=C\c3ccc(O)cc3)C2=O)cc(OC)c1OC"
"CHEMBL2316151","COc1cc(/C=C2\CCC/C(=C\c3ccc(O)c(O)c3)C2=O)cc(OC)c1","COc1cc(/C=C2\CCC/C(=C\c3ccc(O)c(O)c3)C2=O)cc(OC)c1"
"CHEMBL5639462","COc1cccc(OC)c1/C=C/C(=O)/C=C/c1ccc(-c2nccs2)cc1","COc1cccc(OC)c1/C=C/C(=O)/C=C/c1ccc(-c2nccs2)cc1"
"CHEMBL4588494","CCCC(=O)Oc1ccc(/C=C2\CN(C(C)=O)C/C(=C\c3ccc(OC(=O)CCC)c(OC)c3)C2=O)cc1OC","CCCC(=O)Oc1ccc(/C=C2\CN(C(C)=O)C/C(=C\c3ccc(OC(=O)CCC)c(OC)c3)C2=O)cc1OC"
"CHEMBL3219854","O=C(/C=C/c1ccc(Cl)cc1)/C=C/c1ccc(OCc2ccc([N+](=O)[O-])cc2)cc1","O=C(/C=C/c1ccc(Cl)cc1)/C=C/c1ccc(OCc2ccc([N+](=O)[O-])cc2)cc1"
"CHEMBL1928972","COc1ccc(/C=C/c2cc(OC)cc(OC)c2/C=C/C(=O)/C=C/c2ccccc2Br)cc1","COc1ccc(/C=C/c2cc(OC)cc(OC)c2/C=C/C(=O)/C=C/c2ccccc2Br)cc1"
"CHEMBL1767228","CN(C)c1ccc(/C=C/C(=O)/C=C/c2cccc(Br)c2)cc1","CN(C)c1ccc(/C=C/C(=O)/C=C/c2cccc(Br)c2)cc1"
"CHEMBL1802464","COc1ccc(CN2C/C(=C\c3ccc(O)c(Br)c3)C(=O)/C(=C/c3ccc(O)c(Br)c3)C2)cc1","COc1ccc(CN2C/C(=C\c3ccc(O)c(Br)c3)C(=O)/C(=C/c3ccc(O)c(Br)c3)C2)cc1"
"CHEMBL1650136","O=C(O)CC[C@H](NC(=O)N1C/C(=C\c2ccc(Cl)c(Cl)c2)C(=O)/C(=C/c2ccc(Cl)c(Cl)c2)C1)C(=O)O","O=C(O)CC[C@H](NC(=O)N1C/C(=C\c2ccc(Cl)c(Cl)c2)C(=O)/C(=C/c2ccc(Cl)c(Cl)c2)C1)C(=O)O"
"CHEMBL1928977","COc1ccc(/C=C/c2cc(OC)cc(OC)c2/C=C/C(=O)/C=C/c2ccc(Cl)cc2)cc1","COc1ccc(/C=C/c2cc(OC)cc(OC)c2/C=C/C(=O)/C=C/c2ccc(Cl)cc2)cc1"
"CHEMBL2095022","CC(C)N1C/C(=C\c2cccc(Cl)c2)C(=O)/C(=C/c2cccc(Cl)c2)C1","CC(C)N1C/C(=C\c2cccc(Cl)c2)C(=O)/C(=C/c2cccc(Cl)c2)C1"
"CHEMBL1928980","COc1ccc(/C=C/c2cc(OC)cc(OC)c2/C=C/C(=O)/C=C/c2ccc(Cl)c(Cl)c2)cc1","COc1ccc(/C=C/c2cc(OC)cc(OC)c2/C=C/C(=O)/C=C/c2ccc(Cl)c(Cl)c2)cc1"
"CHEMBL4638546","O=C1/C(=C/c2ccc(F)cc2)CN(C(=O)C(Cl)Cl)C/C1=C\c1ccc(F)cc1","O=C1/C(=C/c2ccc(F)cc2)CN(C(=O)C(Cl)Cl)C/C1=C\c1ccc(F)cc1"
"CHEMBL3754363","COc1cc(/C=C2\CCC/C(=C\c3ccc(O)c(Br)c3)C2=O)ccc1O","COc1cc(/C=C2\CCC/C(=C\c3ccc(O)c(Br)c3)C2=O)ccc1O"
"CHEMBL5639522","COc1cccc(OC)c1/C=C/C(=O)/C=C/c1c(C)cc(-c2ccccc2)cc1C","COc1cccc(OC)c1/C=C/C(=O)/C=C/c1c(C)cc(-c2ccccc2)cc1C"
"CHEMBL4449753","N#Cc1cccc(/C=C2\CCC/C(=C\c3cccc(C#N)c3)C2=O)c1","N#Cc1cccc(/C=C2\CCC/C(=C\c3cccc(C#N)c3)C2=O)c1"
"CHEMBL3275884","COc1cc(/C=C2\CC(C)C/C(=C\c3cc(OC)c(O)c(OC)c3)C2=O)cc(OC)c1O","COc1cc(/C=C2\CC(C)C/C(=C\c3cc(OC)c(O)c(OC)c3)C2=O)cc(OC)c1O"
"CHEMBL3798347","COc1cccc(/C=C/C(=O)/C=C/c2ccc(OCc3cn(CCCCOc4cc(=O)oc5ccccc45)nn3)c(OC)c2)c1","COc1cccc(/C=C/C(=O)/C=C/c2ccc(OCc3cn(CCCCOc4cc(=O)oc5ccccc45)nn3)c(OC)c2)c1"
"CHEMBL3819578","CC/C(=C\c1ccc(Cl)cc1)C(=O)/C=C/c1ccc2c(c1)OCO2","CC/C(=C\c1ccc(Cl)cc1)C(=O)/C=C/c1ccc2c(c1)OCO2"
"CHEMBL3410535","O=C1/C(=C/c2ccc([N+](=O)[O-])cc2)CS(=O)(=O)C/C1=C\c1ccc([N+](=O)[O-])cc1","O=C1/C(=C/c2ccc([N+](=O)[O-])cc2)CS(=O)(=O)C/C1=C\c1ccc([N+](=O)[O-])cc1"
"CHEMBL1929150","COc1ccc(/C=C/c2cc(OC)cc(OC)c2/C=C/C(=O)/C=C/c2ccc(O[N+](=O)[O-])cc2)cc1","COc1ccc(/C=C/c2cc(OC)cc(OC)c2/C=C/C(=O)/C=C/c2ccc(O[N+](=O)[O-])cc2)cc1"
"CHEMBL5183868","O=C1/C(=C/c2ccc(Cl)cc2Cl)COC/C1=C\c1ccc(Cl)cc1Cl","O=C1/C(=C/c2ccc(Cl)cc2Cl)COC/C1=C\c1ccc(Cl)cc1Cl"
"CHEMBL3787119","COc1cc(/C=C2\COC/C(=C\c3cc(OC)c(OC)c(OC)c3Br)C2=O)c(Br)c(OC)c1OC","COc1cc(/C=C2\COC/C(=C\c3cc(OC)c(OC)c(OC)c3Br)C2=O)c(Br)c(OC)c1OC"
"CHEMBL4527365","O=C1/C(=C/c2ccccc2F)CN(c2nc(-c3ccccc3)cs2)C/C1=C\c1ccccc1F","O=C1/C(=C/c2ccccc2F)CN(c2nc(-c3ccccc3)cs2)C/C1=C\c1ccccc1F"
"CHEMBL557311","COc1ccc(OC)c(/C=C/C(=O)/C=C/c2cc(OC)ccc2OC)c1","COc1ccc(OC)c(/C=C/C(=O)/C=C/c2cc(OC)ccc2OC)c1"
"CHEMBL1767220","CNc1ccc(/C=C/C(=O)/C=C/c2ccc(N(C)C)cc2)cc1","CNc1ccc(/C=C/C(=O)/C=C/c2ccc(N(C)C)cc2)cc1"
"CHEMBL2063989","COc1cccc(/C=C/C(=O)C(=Cc2ccc(F)cc2)C(=O)/C=C/c2cccc(OC)c2OC)c1OC","COc1cccc(/C=C/C(=O)C(=Cc2ccc(F)cc2)C(=O)/C=C/c2cccc(OC)c2OC)c1OC"
"CHEMBL476847","O=C1/C(=C/c2ccccc2Br)CC/C1=C\c1ccccc1Br","O=C1/C(=C/c2ccccc2Br)CC/C1=C\c1ccccc1Br"
"CHEMBL3409207","COc1cc(/C=C/C(=O)/C=C/c2ccc(C)c(C)c2)ccc1O","COc1cc(/C=C/C(=O)/C=C/c2ccc(C)c(C)c2)ccc1O"
"CHEMBL264668","O=C1/C(=C/c2ccc(O)c(Br)c2)Cc2ccccc2/C1=C\c1ccc(O)c(Br)c1","O=C1/C(=C/c2ccc(O)c(Br)c2)Cc2ccccc2/C1=C\c1ccc(O)c(Br)c1"
"CHEMBL5420484","COc1cc(/C=C/C(=O)C(=Cc2ccc(C)cc2)C(=O)/C=C/c2ccc(O)c(OC)c2)ccc1O","COc1cc(/C=C/C(=O)C(=Cc2ccc(C)cc2)C(=O)/C=C/c2ccc(O)c(OC)c2)ccc1O"
"CHEMBL3735700","COc1cccc(/C=C2\CCC/C(=C\c3ccc(OCCCN4CCOCC4)c(OC)c3)C2=O)c1","COc1cccc(/C=C2\CCC/C(=C\c3ccc(OCCCN4CCOCC4)c(OC)c3)C2=O)c1"
"CHEMBL3734813","COc1ccccc1/C=C/C(=O)/C=C/c1ccc(OCCBr)c(OC)c1","COc1ccccc1/C=C/C(=O)/C=C/c1ccc(OCCBr)c(OC)c1"
"CHEMBL561078","CC1=C(/C=C/C(=O)/C(=C\c2ccc(O)cc2)C(=O)/C=C/c2ccc(O)cc2)C(C)(C)CCC1","CC1=C(/C=C/C(=O)/C(=C\c2ccc(O)cc2)C(=O)/C=C/c2ccc(O)cc2)C(C)(C)CCC1"
"CHEMBL2064000","COc1ccc(OC)c(/C=C/C(=O)C(=Cc2ccc(OC)c(OC)c2)C(=O)/C=C/c2cc(OC)ccc2OC)c1","COc1ccc(OC)c(/C=C/C(=O)C(=Cc2ccc(OC)c(OC)c2)C(=O)/C=C/c2cc(OC)ccc2OC)c1"
"CHEMBL279164","O=C1/C(=C/c2cc(Br)c(O)c(Br)c2)Cc2ccccc2/C1=C\c1cc(Br)c(O)c(Br)c1","O=C1/C(=C/c2cc(Br)c(O)c(Br)c2)Cc2ccccc2/C1=C\c1cc(Br)c(O)c(Br)c1"
"CHEMBL242294","COc1cc(/C=C/C(=O)/C=C/c2ccc([N+](=O)[O-])cc2)cc(OC)c1OC","COc1cc(/C=C/C(=O)/C=C/c2ccc([N+](=O)[O-])cc2)cc(OC)c1OC"
"CHEMBL1951693","CCCOc1c(Br)cc(/C=C2\CCC/C(=C\c3ccc([N+](=O)[O-])cc3)C2=O)cc1OC","CCCOc1c(Br)cc(/C=C2\CCC/C(=C\c3ccc([N+](=O)[O-])cc3)C2=O)cc1OC"
"CHEMBL1951552","COc1cccc(/C=C2\CCC/C(=C\c3ccc([N+](=O)[O-])cc3)C2=O)c1","COc1cccc(/C=C2\CCC/C(=C\c3ccc([N+](=O)[O-])cc3)C2=O)c1"
"CHEMBL150739","N=C(N)c1ccc(/C=C2/CCCCCC/C(=C/c3ccc(C(=N)N)cc3)C2=O)cc1","N=C(N)c1ccc(/C=C2/CCCCCC/C(=C/c3ccc(C(=N)N)cc3)C2=O)cc1"
"CHEMBL3735516","COc1cc(/C=C/C(=O)/C=C/c2ccc(C(C)(C)C)cc2)ccc1OCCCN1CCOCC1","COc1cc(/C=C/C(=O)/C=C/c2ccc(C(C)(C)C)cc2)ccc1OCCCN1CCOCC1"
"CHEMBL4205275","O=C1/C(=C/c2ccccc2)CCC/C1=C\c1ccccc1Br","O=C1/C(=C/c2ccccc2)CCC/C1=C\c1ccccc1Br"
"CHEMBL4168285","COc1cc(/C=C2\CN(C(=O)c3ccccc3F)C/C(=C\c3cc(OC)c(OC)c(OC)c3)C2=O)cc(OC)c1OC","COc1cc(/C=C2\CN(C(=O)c3ccccc3F)C/C(=C\c3cc(OC)c(OC)c(OC)c3)C2=O)cc(OC)c1OC"
"CHEMBL149410","N=C(N)c1ccc(/C=C2\CC(c3ccccc3)C/C(=C\c3ccc(C(=N)N)cc3)C2=O)cc1","N=C(N)c1ccc(/C=C2\CC(c3ccccc3)C/C(=C\c3ccc(C(=N)N)cc3)C2=O)cc1"
"CHEMBL150434","N=C(N)c1ccc(/C=C2\CCCCCCC/C(=C\c3ccc(C(=N)N)cc3)C2=O)cc1","N=C(N)c1ccc(/C=C2\CCCCCCC/C(=C\c3ccc(C(=N)N)cc3)C2=O)cc1"
"CHEMBL4095026","Cc1ccc(/C=C2\CCC/C(=C\c3ccc(OC(=O)c4ccccc4)cc3)C2=O)cc1","Cc1ccc(/C=C2\CCC/C(=C\c3ccc(OC(=O)c4ccccc4)cc3)C2=O)cc1"
"CHEMBL4079467","COc1ccc(/C=C2\CCC/C(=C\c3ccc(OC(=O)c4cccnc4)cc3)C2=O)cc1","COc1ccc(/C=C2\CCC/C(=C\c3ccc(OC(=O)c4cccnc4)cc3)C2=O)cc1"
"CHEMBL3908534","COc1ccc(/C=C2\CC(C(=O)Nc3ccc(OC)cc3)C/C(=C\c3ccc(OC)cc3)C2=O)cc1","COc1ccc(/C=C2\CC(C(=O)Nc3ccc(OC)cc3)C/C(=C\c3ccc(OC)cc3)C2=O)cc1"
"CHEMBL3940194","COc1ccc(/C=C2\CC(C(=O)Nc3cccc(N4CCN(C)CC4)c3)C/C(=C\c3ccc(OC)c(O)c3)C2=O)cc1O","COc1ccc(/C=C2\CC(C(=O)Nc3cccc(N4CCN(C)CC4)c3)C/C(=C\c3ccc(OC)c(O)c3)C2=O)cc1O"
"CHEMBL4450155","O=C1/C(=C/c2ccc(F)cc2)CN(C(=S)NC(=O)c2ccccc2)C/C1=C\c1ccc(F)cc1","O=C1/C(=C/c2ccc(F)cc2)CN(C(=S)NC(=O)c2ccccc2)C/C1=C\c1ccc(F)cc1"
"CHEMBL3115556","C=CCc1cc(/C=C/C(=O)/C=C/c2cc(F)ccc2OC)ccc1OC","C=CCc1cc(/C=C/C(=O)/C=C/c2cc(F)ccc2OC)ccc1OC"
"CHEMBL355969","N=C(N)c1ccc(/C=C2/CCCCCCC/C(=C/c3ccc(C(=N)N)cc3)C2=O)cc1","N=C(N)c1ccc(/C=C2/CCCCCCC/C(=C/c3ccc(C(=N)N)cc3)C2=O)cc1"
"CHEMBL1089554","O=C1/C(=C/c2cccc(Cl)c2Cl)CC/C1=C\c1cccc(Cl)c1Cl","O=C1/C(=C/c2cccc(Cl)c2Cl)CC/C1=C\c1cccc(Cl)c1Cl"
"CHEMBL3115573","C=CCc1cc(/C=C/C(=O)/C=C/c2ccc(OC(C)(C)C)cc2)ccc1OC","C=CCc1cc(/C=C/C(=O)/C=C/c2ccc(OC(C)(C)C)cc2)ccc1OC"
"CHEMBL4438819","O=C1/C(=C/c2cc(/N=C/c3ccc(O)c(O)c3O)ccc2F)CNC/C1=C\c1cc(/N=C/c2ccc(O)c(O)c2O)ccc1F","O=C1/C(=C/c2cc(/N=C/c3ccc(O)c(O)c3O)ccc2F)CNC/C1=C\c1cc(/N=C/c2ccc(O)c(O)c2O)ccc1F"
"CHEMBL510778","O=C1/C(=C/c2ccc(Cl)cc2)CN(C(=O)CCSCCS(=O)(=O)O)C/C1=C\c1ccc(Cl)cc1","O=C1/C(=C/c2ccc(Cl)cc2)CN(C(=O)CCSCCS(=O)(=O)O)C/C1=C\c1ccc(Cl)cc1"
"CHEMBL1773419","O=C1/C(=C/c2ccc(Cl)cc2)CN(C(=O)CCSCCO)C/C1=C\c1ccc(Cl)cc1","O=C1/C(=C/c2ccc(Cl)cc2)CN(C(=O)CCSCCO)C/C1=C\c1ccc(Cl)cc1"
"CHEMBL4515735","O=C1/C(=C/c2ccc(F)cc2)CN(C(=S)NCCc2ccccc2)C/C1=C\c1ccc(F)cc1","O=C1/C(=C/c2ccc(F)cc2)CN(C(=S)NCCc2ccccc2)C/C1=C\c1ccc(F)cc1"
"CHEMBL1288765","COc1cc(/C=C/C(=O)/C=C/c2ccc(OC)c(OC)c2OC)ccc1OCc1cn(-c2ccnc3cc(Cl)ccc23)nn1","COc1cc(/C=C/C(=O)/C=C/c2ccc(OC)c(OC)c2OC)ccc1OCc1cn(-c2ccnc3cc(Cl)ccc23)nn1"
"CHEMBL3797941","COc1ccc(/C=C/C(=O)/C=C/c2ccc(OCc3cn(CCCCOc4cc(=O)oc5ccccc45)nn3)c(OC)c2)cc1OC","COc1ccc(/C=C/C(=O)/C=C/c2ccc(OCc3cn(CCCCOc4cc(=O)oc5ccccc45)nn3)c(OC)c2)cc1OC"
"CHEMBL509621","COc1ccc(/C=C2\CC/C(=C\c3ccc(OC)cc3)C2=O)cc1","COc1ccc(/C=C2\CC/C(=C\c3ccc(OC)cc3)C2=O)cc1"
"CHEMBL3629754","COc1cc(/C=C/C(=O)/C=C/c2cccc([N+](=O)[O-])c2)ccc1OCc1cn(CCN2C(=O)C(=O)c3cc(Cl)ccc32)nn1","COc1cc(/C=C/C(=O)/C=C/c2cccc([N+](=O)[O-])c2)ccc1OCc1cn(CCN2C(=O)C(=O)c3cc(Cl)ccc32)nn1"
"CHEMBL3629632","COc1ccccc1/C=C/C(=O)/C=C/c1ccc(OCc2cn(CCN3C(=O)C(=O)c4ccccc43)nn2)c(OC)c1","COc1ccccc1/C=C/C(=O)/C=C/c1ccc(OCc2cn(CCN3C(=O)C(=O)c4ccccc43)nn2)c(OC)c1"
"CHEMBL3317610","O=C(/C=C/c1ccc(Oc2ncnc3ccc(Cl)cc23)cc1)/C=C/c1ccc(Cl)c([N+](=O)[O-])c1","O=C(/C=C/c1ccc(Oc2ncnc3ccc(Cl)cc23)cc1)/C=C/c1ccc(Cl)c([N+](=O)[O-])c1"
"CHEMBL2391216","O=C1/C(=C\c2ccc(F)cc2)CN(C(=O)CC(=O)N2C/C(=C\c3ccc(F)cc3)C(=O)/C(=C/c3ccc(F)cc3)C2)C/C1=C\c1ccc(F)cc1","O=C1/C(=C\c2ccc(F)cc2)CN(C(=O)CC(=O)N2C/C(=C\c3ccc(F)cc3)C(=O)/C(=C/c3ccc(F)cc3)C2)C/C1=C\c1ccc(F)cc1"
"CHEMBL2391219","COc1cc(/C=C2/CN(C(=O)CC(=O)N3C/C(=C\c4cc(OC)c(OC)c(OC)c4)C(=O)/C(=C/c4cc(OC)c(OC)c(OC)c4)C3)C/C(=C\c3cc(OC)c(OC)c(OC)c3)C2=O)cc(OC)c1OC","COc1cc(/C=C2/CN(C(=O)CC(=O)N3C/C(=C\c4cc(OC)c(OC)c(OC)c4)C(=O)/C(=C/c4cc(OC)c(OC)c(OC)c4)C3)C/C(=C\c3cc(OC)c(OC)c(OC)c3)C2=O)cc(OC)c1OC"
"CHEMBL3990517","COc1ccc(/C=C2/CN(C(=O)CCC(=O)NCCCNCCCCNCCCN)C/C(=C\c3ccc(OC)c(OC)c3)C2=O)cc1OC","COc1ccc(/C=C2/CN(C(=O)CCC(=O)NCCCNCCCCNCCCN)C/C(=C\c3ccc(OC)c(OC)c3)C2=O)cc1OC"
"CHEMBL2009040","CN(C)c1ccc(/C=C2\C[N+](C)(C)C/C(=C\c3ccc(N(C)C)cc3)C2=O)cc1","CN(C)c1ccc(/C=C2\C[N+](C)(C)C/C(=C\c3ccc(N(C)C)cc3)C2=O)cc1"
"CHEMBL1224773","COc1cc(/C=C2\CN(C)C/C(=C\c3cc(OC)c(OC)c(OC)c3)C2=O)cc(OC)c1OC","COc1cc(/C=C2\CN(C)C/C(=C\c3cc(OC)c(OC)c(OC)c3)C2=O)cc(OC)c1OC"
"CHEMBL4169672","COc1cc(/C=C2\CN(S(=O)(=O)c3ccc(F)cc3)C/C(=C\c3ccccc3F)C2=O)cc(OC)c1OC","COc1cc(/C=C2\CN(S(=O)(=O)c3ccc(F)cc3)C/C(=C\c3ccccc3F)C2=O)cc(OC)c1OC"
"CHEMBL597020","COc1cccc(/C=C/C(=O)/C=C/c2cccc(OC)c2)c1","COc1cccc(/C=C/C(=O)/C=C/c2cccc(OC)c2)c1"
"CHEMBL2332549","Cc1ccccc1/C=C1\CN(C(=O)C[C@H]2C[C@H]3CCCN3[C@]23C(=O)Nc2ccccc23)C/C(=C\c2ccccc2C)C1=O","Cc1ccccc1/C=C1\CN(C(=O)C[C@H]2C[C@H]3CCCN3[C@]23C(=O)Nc2ccccc23)C/C(=C\c2ccccc2C)C1=O"
"CHEMBL4103032","COc1cc(/C=C/C(=O)C(=Cc2ccc(O)c(O)c2)C(=O)/C=C/c2ccc(O)c(OC)c2)ccc1O","COc1cc(/C=C/C(=O)C(=Cc2ccc(O)c(O)c2)C(=O)/C=C/c2ccc(O)c(OC)c2)ccc1O"
"CHEMBL4068765","CCOc1cc(/C=C/C(=O)C(=Cc2ccccc2)C(=O)/C=C/c2ccc(O)c(OCC)c2)ccc1O","CCOc1cc(/C=C/C(=O)C(=Cc2ccccc2)C(=O)/C=C/c2ccc(O)c(OCC)c2)ccc1O"
"CHEMBL3799861","COc1cc(/C=C/C(=O)/C=C/c2ccccc2)ccc1OCc1cn(CCCCOc2cc(=O)oc3ccccc23)nn1","COc1cc(/C=C/C(=O)/C=C/c2ccccc2)ccc1OCc1cn(CCCCOc2cc(=O)oc3ccccc23)nn1"
"CHEMBL4084793","COc1cc(/C=C2\CCC/C(=C\c3ccc(N4CCCCC4)cc3)C2=O)ccc1OC(=O)C(C)C","COc1cc(/C=C2\CCC/C(=C\c3ccc(N4CCCCC4)cc3)C2=O)ccc1OC(=O)C(C)C"
"CHEMBL4759359","O=C1/C(=C/c2ccc(F)cc2)CN(S(=O)(=O)c2ccc(Cl)cc2)C/C1=C\c1ccc(F)cc1","O=C1/C(=C/c2ccc(F)cc2)CN(S(=O)(=O)c2ccc(Cl)cc2)C/C1=C\c1ccc(F)cc1"
"CHEMBL4168203","CC(=O)Nc1ccc(S(=O)(=O)N2C/C(=C\c3ccc(C#N)cc3)C(=O)/C(=C/c3ccccc3F)C2)cc1","CC(=O)Nc1ccc(S(=O)(=O)N2C/C(=C\c3ccc(C#N)cc3)C(=O)/C(=C/c3ccccc3F)C2)cc1"
"CHEMBL3629758","COc1ccc(/C=C/C(=O)/C=C/c2ccc(OCc3cn(CCN4C(=O)C(=O)c5cc(Br)ccc54)nn3)c(OC)c2)cc1","COc1ccc(/C=C/C(=O)/C=C/c2ccc(OCc3cn(CCN4C(=O)C(=O)c5cc(Br)ccc54)nn3)c(OC)c2)cc1"
"CHEMBL4634478","COc1cc(/C=C2\CCC/C(=C\c3ccccc3F)C2=O)cc(OC)c1OC","COc1cc(/C=C2\CCC/C(=C\c3ccccc3F)C2=O)cc(OC)c1OC"
"CHEMBL2064004","COc1ccc(OC)c(/C=C/C(=O)C(=Cc2ccc(OC)c(O)c2)C(=O)/C=C/c2cc(OC)ccc2OC)c1","COc1ccc(OC)c(/C=C/C(=O)C(=Cc2ccc(OC)c(O)c2)C(=O)/C=C/c2cc(OC)ccc2OC)c1"
"CHEMBL2063994","COc1cccc(C=C(C(=O)/C=C/c2cccc(OC)c2OC)C(=O)/C=C/c2cccc(OC)c2OC)c1OC","COc1cccc(C=C(C(=O)/C=C/c2cccc(OC)c2OC)C(=O)/C=C/c2cccc(OC)c2OC)c1OC"
"CHEMBL2063998","COc1ccc(C=C(C(=O)/C=C/c2cccc(OC)c2OC)C(=O)/C=C/c2cccc(OC)c2OC)cc1O","COc1ccc(C=C(C(=O)/C=C/c2cccc(OC)c2OC)C(=O)/C=C/c2cccc(OC)c2OC)cc1O"
"CHEMBL4583228","COc1ccc(/C=C2\CN(Cc3cn(Cc4ccccc4F)nn3)C/C(=C\c3ccc(OC)cc3)C2=O)cc1","COc1ccc(/C=C2\CN(Cc3cn(Cc4ccccc4F)nn3)C/C(=C\c3ccc(OC)cc3)C2=O)cc1"
"CHEMBL1928964","COc1ccc(/C=C/C(=O)/C=C/c2c(/C=C/c3ccc(OC)cc3)cc(OC)cc2OC)cc1","COc1ccc(/C=C/C(=O)/C=C/c2c(/C=C/c3ccc(OC)cc3)cc(OC)cc2OC)cc1"
"CHEMBL1928982","COc1ccc(/C=C/c2cc(OC)cc(OC)c2/C=C/C(=O)/C=C/c2c(Cl)cccc2Cl)cc1","COc1ccc(/C=C/c2cc(OC)cc(OC)c2/C=C/C(=O)/C=C/c2c(Cl)cccc2Cl)cc1"
"CHEMBL3629637","COc1cc(/C=C/C(=O)/C=C/c2cccc(Br)c2)ccc1OCc1cn(CCN2C(=O)C(=O)c3ccccc32)nn1","COc1cc(/C=C/C(=O)/C=C/c2cccc(Br)c2)ccc1OCc1cn(CCN2C(=O)C(=O)c3ccccc32)nn1"
"CHEMBL3797644","COc1ccc(/C=C/C(=O)/C=C/c2ccc(OCc3cn(CCOc4cc(=O)oc5ccccc45)nn3)c(OC)c2)cc1","COc1ccc(/C=C/C(=O)/C=C/c2ccc(OCc3cn(CCOc4cc(=O)oc5ccccc45)nn3)c(OC)c2)cc1"
"CHEMBL3786893","COCCOCCC(=O)N1C/C(=C\c2ccccc2)C(=O)/C(=C/c2ccccc2)C1","COCCOCCC(=O)N1C/C(=C\c2ccccc2)C(=O)/C(=C/c2ccccc2)C1"
"CHEMBL2391206","O=C1/C(=C/c2ccc(Cl)cc2)CN(C(=O)C(=O)N2C/C(=C\c3ccc(Cl)c(Cl)c3)C(=O)/C(=C/c3ccc(Cl)c(Cl)c3)C2)C/C1=C\c1ccc(Cl)c(Cl)c1","O=C1/C(=C/c2ccc(Cl)cc2)CN(C(=O)C(=O)N2C/C(=C\c3ccc(Cl)c(Cl)c3)C(=O)/C(=C/c3ccc(Cl)c(Cl)c3)C2)C/C1=C\c1ccc(Cl)c(Cl)c1"
"CHEMBL5288044","COc1ccc(/C=C/C(=O)/C=C/c2ccc(COc3cn(CCOc4cc(=O)oc5ccccc45)nn3)cc2OC)cc1","COc1ccc(/C=C/C(=O)/C=C/c2ccc(COc3cn(CCOc4cc(=O)oc5ccccc45)nn3)cc2OC)cc1"
"CHEMBL3800266","COc1ccc(/C=C/C(=O)/C=C/c2ccc(OCc3cn(CCCCCOc4cc(=O)oc5ccccc45)nn3)c(OC)c2)cc1OC","COc1ccc(/C=C/C(=O)/C=C/c2ccc(OCc3cn(CCCCCOc4cc(=O)oc5ccccc45)nn3)c(OC)c2)cc1OC"
"CHEMBL3290190","CN1C/C(=C/c2ccc(N3CCCC3)cc2)C(=O)/C(=C/c2ccc(N3CCCC3)cc2)C1","CN1C/C(=C/c2ccc(N3CCCC3)cc2)C(=O)/C(=C/c2ccc(N3CCCC3)cc2)C1"
"CHEMBL4741009","C=CCc1cc(/C=C2\CN(C(=O)c3ccc(C)cc3)C/C(=C\c3ccc(O)c(CC=C)c3)C2=O)ccc1O","C=CCc1cc(/C=C2\CN(C(=O)c3ccc(C)cc3)C/C(=C\c3ccc(O)c(CC=C)c3)C2=O)ccc1O"
"CHEMBL4070628","COc1cc(/C=C2\CCC/C(=C\c3ccc(N4CCCC4)cc3)C2=O)ccc1O","COc1cc(/C=C2\CCC/C(=C\c3ccc(N4CCCC4)cc3)C2=O)ccc1O"
"CHEMBL4227536","CC(C)C[C@H](NC(=O)[C@H](CC(C)C)NC(=O)N1C/C(=C\c2ccc(F)cc2)C(=O)/C(=C/c2ccc(F)cc2)C1)B1OC(C)(C)C(C)(C)O1","CC(C)C[C@H](NC(=O)[C@H](CC(C)C)NC(=O)N1C/C(=C\c2ccc(F)cc2)C(=O)/C(=C/c2ccc(F)cc2)C1)B1OC(C)(C)C(C)(C)O1"
"CHEMBL4161091","CN1C/C(=C\c2cccc(C(F)(F)F)c2)C(=O)/C(=C/c2cccc(C(F)(F)F)c2)C1","CN1C/C(=C\c2cccc(C(F)(F)F)c2)C(=O)/C(=C/c2cccc(C(F)(F)F)c2)C1"
"CHEMBL1255826","COc1cc(/C=C2\CN(C(=O)CCC(=O)NCCCNCCCCNCCCN)C/C(=C\c3ccc(O)c(OC)c3)C2=O)ccc1O","COc1cc(/C=C2\CN(C(=O)CCC(=O)NCCCNCCCCNCCCN)C/C(=C\c3ccc(O)c(OC)c3)C2=O)ccc1O"
"CHEMBL1964684","O=C1/C(=C/c2ccccc2)CN(C(=O)Oc2ccc([N+](=O)[O-])cc2)C/C1=C\c1ccccc1","O=C1/C(=C/c2ccccc2)CN(C(=O)Oc2ccc([N+](=O)[O-])cc2)C/C1=C\c1ccccc1"
"CHEMBL4087346","O=C1/C(=C/c2ccc(OC(=O)c3cccnc3)cc2)CCC/C1=C\c1ccc([N+](=O)[O-])cc1","O=C1/C(=C/c2ccc(OC(=O)c3cccnc3)cc2)CCC/C1=C\c1ccc([N+](=O)[O-])cc1"
"CHEMBL4850872","O=C1/C(=C/c2cccc(C(F)(F)F)c2)CC(c2ccccc2)C/C1=C\c1cccc(C(F)(F)F)c1","O=C1/C(=C/c2cccc(C(F)(F)F)c2)CC(c2ccccc2)C/C1=C\c1cccc(C(F)(F)F)c1"
"CHEMBL1630641","CCOc1ccc(Br)cc1/C=C1\CC/C(=C\c2cc(Br)ccc2OCC)C1=O","CCOc1ccc(Br)cc1/C=C1\CC/C(=C\c2cc(Br)ccc2OCC)C1=O"
"CHEMBL1631814","Cc1cc(N(CCCl)CCCl)ccc1/C=C1\CCC/C(=C\c2ccc(N(CCCl)CCCl)cc2C)C1=O","Cc1cc(N(CCCl)CCCl)ccc1/C=C1\CCC/C(=C\c2ccc(N(CCCl)CCCl)cc2C)C1=O"
"CHEMBL4281949","COc1ccc(/C=C2\CCC/C(=C\c3cc(OC)c(OC)c(OC)c3)C2=O)cc1OC","COc1ccc(/C=C2\CCC/C(=C\c3cc(OC)c(OC)c(OC)c3)C2=O)cc1OC"
"CHEMBL1097754","COC(=O)N1C/C(=C\c2cccc(N)c2)C(=O)/C(=C/c2cccc(N)c2)C1","COC(=O)N1C/C(=C\c2cccc(N)c2)C(=O)/C(=C/c2cccc(N)c2)C1"
"CHEMBL4788735","N#Cc1ccc(S(=O)(=O)N2C/C(=C\c3ccccc3F)C(=O)/C(=C/c3ccccc3F)C2)cc1","N#Cc1ccc(S(=O)(=O)N2C/C(=C\c3ccccc3F)C(=O)/C(=C/c3ccccc3F)C2)cc1"
"CHEMBL4748146","O=C1/C(=C/c2ccc(F)cc2)CN(S(=O)(=O)c2ccccc2)C/C1=C\c1ccc(F)cc1","O=C1/C(=C/c2ccc(F)cc2)CN(S(=O)(=O)c2ccccc2)C/C1=C\c1ccc(F)cc1"
"CHEMBL5174133","COc1ccc(/C=C2\COC/C(=C\c3ccc(OC)cc3OC)C2=O)c(OC)c1","COc1ccc(/C=C2\COC/C(=C\c3ccc(OC)cc3OC)C2=O)c(OC)c1"
"CHEMBL597301","COc1cccc(/C=C/C(=O)/C=C/c2cc(OC)c(OC)c(OC)c2)c1","COc1cccc(/C=C/C(=O)/C=C/c2cc(OC)c(OC)c(OC)c2)c1"
"CHEMBL271295","CN(C)CCCOc1ccc(/C=C2\CC/C(=C\c3ccc(OCCCN(C)C)cc3)C2=O)cc1","CN(C)CCCOc1ccc(/C=C2\CC/C(=C\c3ccc(OCCCN(C)C)cc3)C2=O)cc1"
"CHEMBL1339028","CCC1C/C(=C\c2cc(OC)c(OC)cc2OC)C(=O)/C(=C/c2cc(OC)c(OC)cc2OC)C1","CCC1C/C(=C\c2cc(OC)c(OC)cc2OC)C(=O)/C(=C/c2cc(OC)c(OC)cc2OC)C1"
"CHEMBL3314672","COc1cc(/C=C2\CS(=O)(=O)C/C(=C/c3cc(OC)c(OC)c(OC)c3)C2=O)cc(OC)c1OC","COc1cc(/C=C2\CS(=O)(=O)C/C(=C/c3cc(OC)c(OC)c(OC)c3)C2=O)cc(OC)c1OC"
"CHEMBL2380669","Cc1ccccc1/C=C1\CN(C(=O)[C@H]2C[C@H]3CCCN3[C@]23C(=O)Nc2cc(Cl)ccc23)C/C(=C\c2ccccc2C)C1=O","Cc1ccccc1/C=C1\CN(C(=O)[C@H]2C[C@H]3CCCN3[C@]23C(=O)Nc2cc(Cl)ccc23)C/C(=C\c2ccccc2C)C1=O"
"CHEMBL3739830","COc1cc(/C=C/C(=O)/C=C/c2c(C)cc(C)cc2C)ccc1O","COc1cc(/C=C/C(=O)/C=C/c2c(C)cc(C)cc2C)ccc1O"
"CHEMBL239228","COc1cc(/C=C/C(=O)/C=C/c2cc(OC)c(OC3CC3)c(OC)c2)cc(OC)c1OC1CC1","COc1cc(/C=C/C(=O)/C=C/c2cc(OC)c(OC3CC3)c(OC)c2)cc(OC)c1OC1CC1"
"CHEMBL2235211","O=C1/C(=C/c2cccc(O)c2)CC/C1=C\c1cccc(O)c1","O=C1/C(=C/c2cccc(O)c2)CC/C1=C\c1cccc(O)c1"
"CHEMBL2316148","COc1cc(/C=C2\CCC/C(=C\c3ccc(Cl)cc3)C2=O)cc(OC)c1","COc1cc(/C=C2\CCC/C(=C\c3ccc(Cl)cc3)C2=O)cc(OC)c1"
"CHEMBL2316140","COc1cc(/C=C2\CCC/C(=C\c3ccccc3)C2=O)cc(OC)c1","COc1cc(/C=C2\CCC/C(=C\c3ccccc3)C2=O)cc(OC)c1"
"CHEMBL1767223","Cc1ccc(/C=C/C(=O)/C=C/c2ccc(N(C)C)cc2)cc1","Cc1ccc(/C=C/C(=O)/C=C/c2ccc(N(C)C)cc2)cc1"
"CHEMBL4756523","C=CCc1cc(/C=C2\CN(S(=O)(=O)c3ccccc3)C/C(=C\c3ccc(O)c(CC=C)c3)C2=O)ccc1O","C=CCc1cc(/C=C2\CN(S(=O)(=O)c3ccccc3)C/C(=C\c3ccc(O)c(CC=C)c3)C2=O)ccc1O"
"CHEMBL3410524","O=C1/C(=C/c2ccccc2)CS(=O)(=O)C/C1=C\c1ccccc1","O=C1/C(=C/c2ccccc2)CS(=O)(=O)C/C1=C\c1ccccc1"
"CHEMBL3735671","COc1ccccc1/C=C/C(=O)/C=C/c1ccc(OCCCBr)c(OC)c1","COc1ccccc1/C=C/C(=O)/C=C/c1ccc(OCCCBr)c(OC)c1"
"CHEMBL3735658","COc1cc(OC)c(/C=C/C(=O)/C=C/c2ccc(OCCCN3CCOCC3)c(OC)c2)c(OC)c1","COc1cc(OC)c(/C=C/C(=O)/C=C/c2ccc(OCCCN3CCOCC3)c(OC)c2)c(OC)c1"
"CHEMBL592398","COc1cc(/C=C/C(=O)/C=C/c2cc(OC)c(OCc3cn(CCCCCCCCCO)nn3)c(OC)c2)cc(OC)c1OC","COc1cc(/C=C/C(=O)/C=C/c2cc(OC)c(OCc3cn(CCCCCCCCCO)nn3)c(OC)c2)cc(OC)c1OC"
"CHEMBL3361237","COc1cc(/C=C2\CN(C(=O)c3cc(/C=C/C4C(C)=CCCC4(C)C)on3)C/C(=C\c3ccc(O)c(OC)c3)C2=O)ccc1O","COc1cc(/C=C2\CN(C(=O)c3cc(/C=C/C4C(C)=CCCC4(C)C)on3)C/C(=C\c3ccc(O)c(OC)c3)C2=O)ccc1O"
"CHEMBL3735670","COc1cc(/C=C2\CCC/C(=C\c3ccc(OCCCN4CCCCC4)c(OC)c3)C2=O)ccc1OCCCBr","COc1cc(/C=C2\CCC/C(=C\c3ccc(OCCCN4CCCCC4)c(OC)c3)C2=O)ccc1OCCCBr"
"CHEMBL1814481","CC1(C)c2cnc(CN3C/C(=C\c4ccc(F)cc4)C(=O)/C(=C/c4ccc(F)cc4)C3)cc2C(C)(C)N1[O]","CC1(C)c2cnc(CN3C/C(=C\c4ccc(F)cc4)C(=O)/C(=C/c4ccc(F)cc4)C3)cc2C(C)(C)N1[O]"
"CHEMBL265218","O=C1/C(=C/c2cc(O)c(O)c([N+](=O)[O-])c2)CC/C1=C\c1cc(O)c(O)c([N+](=O)[O-])c1","O=C1/C(=C/c2cc(O)c(O)c([N+](=O)[O-])c2)CC/C1=C\c1cc(O)c(O)c([N+](=O)[O-])c1"
"CHEMBL1186461","O=C1/C(=C/c2ccc([N+](=O)[O-])cc2)CN(C(=O)c2ccc(OCCN3CCOCC3)cc2)C/C1=C\c1ccc([N+](=O)[O-])cc1","O=C1/C(=C/c2ccc([N+](=O)[O-])cc2)CN(C(=O)c2ccc(OCCN3CCOCC3)cc2)C/C1=C\c1ccc([N+](=O)[O-])cc1"
"CHEMBL2010286","COc1ccc(/C=C2/C[N+](C)(C)C/C(=C/c3ccc(OC)cc3)C2=O)cc1","COc1ccc(/C=C2/C[N+](C)(C)C/C(=C/c3ccc(OC)cc3)C2=O)cc1"
"CHEMBL1184864","N=C(N)NCCC[C@@H](NC(=O)[C@@H](NC(=O)[C@@H](Cc1ccccc1)NC(=O)CCC(=O)N1C/C(=C\c2ccccc2F)C(=O)/C(=C/c2ccccc2F)C1)C(=O)c1ccccc1)C(=O)CCl","N=C(N)NCCC[C@@H](NC(=O)[C@@H](NC(=O)[C@@H](Cc1ccccc1)NC(=O)CCC(=O)N1C/C(=C\c2ccccc2F)C(=O)/C(=C/c2ccccc2F)C1)C(=O)c1ccccc1)C(=O)CCl"
"CHEMBL2235214","O=C1/C(=C/c2cccc(O)c2)CCC/C1=C\c1cccc(O)c1","O=C1/C(=C/c2cccc(O)c2)CCC/C1=C\c1cccc(O)c1"
"CHEMBL3763402","CN1CCN(Cc2cc(/C=C3\CNC/C(=C\c4ccc(O)c(CN5CCN(C)CC5)c4)C3=O)ccc2O)CC1.Cl.Cl.Cl.Cl.Cl","CN1CCN(Cc2cc(/C=C3\CNC/C(=C\c4ccc(O)c(CN5CCN(C)CC5)c4)C3=O)ccc2O)CC1.Cl.Cl.Cl.Cl.Cl"
"CHEMBL3765958","O=C1/C(=C/c2ccc(O)c(CN3CCCC3)c2)CNC/C1=C\c1ccc(O)c(CN2CCCC2)c1","O=C1/C(=C/c2ccc(O)c(CN3CCCC3)c2)CNC/C1=C\c1ccc(O)c(CN2CCCC2)c1"
"CHEMBL5316093","N[C@@H](Cc1ccccc1)C(=O)N1C/C(=C\c2ccc(Cl)c(Cl)c2)C(=O)/C(=C/c2ccc(Cl)c(Cl)c2)C1","N[C@@H](Cc1ccccc1)C(=O)N1C/C(=C\c2ccc(Cl)c(Cl)c2)C(=O)/C(=C/c2ccc(Cl)c(Cl)c2)C1"
"CHEMBL2010244","CN(C)CCC(=O)N1C/C(=C\c2ccc(Cl)c(Cl)c2)C(=O)/C(=C/c2ccc(Cl)c(Cl)c2)C1","CN(C)CCC(=O)N1C/C(=C\c2ccc(Cl)c(Cl)c2)C(=O)/C(=C/c2ccc(Cl)c(Cl)c2)C1"
"CHEMBL4175248","COc1cc(OC)c(/C=C/C(=O)/C=C/c2cccc(OC)c2OC)c(OC)c1","COc1cc(OC)c(/C=C/C(=O)/C=C/c2cccc(OC)c2OC)c(OC)c1"
"CHEMBL1740067","O=C1/C(=C\c2ccc(Cl)c(Cl)c2)CN(C(=O)CCN2CCOCC2)C/C1=C/c1ccc(Cl)c(Cl)c1","O=C1/C(=C\c2ccc(Cl)c(Cl)c2)CN(C(=O)CCN2CCOCC2)C/C1=C/c1ccc(Cl)c(Cl)c1"
"CHEMBL3314677","COc1ccc(/C=C2\CNC/C(=C\c3ccc(OC)c(O)c3)C2=O)cc1O","COc1ccc(/C=C2\CNC/C(=C\c3ccc(OC)c(O)c3)C2=O)cc1O"
"CHEMBL1767378","CN(C)c1ccc(/C=C/C(=O)/C=C/c2ccccc2O)cc1","CN(C)c1ccc(/C=C/C(=O)/C=C/c2ccccc2O)cc1"
"CHEMBL1767197","CN(C)c1ccc(/C=C/C(=O)/C=C/c2ccc3c(c2)OCO3)cc1","CN(C)c1ccc(/C=C/C(=O)/C=C/c2ccc3c(c2)OCO3)cc1"
"CHEMBL4085530","CCC(=O)Oc1ccc(/C=C2\CCC/C(=C\c3ccc(N4CCCCC4)cc3)C2=O)cc1OC","CCC(=O)Oc1ccc(/C=C2\CCC/C(=C\c3ccc(N4CCCCC4)cc3)C2=O)cc1OC"
"CHEMBL1089895","O=C1/C(=C/c2ccc(Cl)cc2Cl)CC/C1=C\c1ccc(Cl)cc1Cl","O=C1/C(=C/c2ccc(Cl)cc2Cl)CC/C1=C\c1ccc(Cl)cc1Cl"
"CHEMBL3753229","COc1cc(/C=C2\CCC/C(=C\c3cc4c(cc3Br)OCO4)C2=O)ccc1O","COc1cc(/C=C2\CCC/C(=C\c3cc4c(cc3Br)OCO4)C2=O)ccc1O"
"CHEMBL3736328","COc1cc(/C=C2\CC/C(=C\c3ccccc3C(F)(F)F)C2=O)ccc1OCCCN1CCOCC1","COc1cc(/C=C2\CC/C(=C\c3ccccc3C(F)(F)F)C2=O)ccc1OCCCN1CCOCC1"
"CHEMBL3734976","COc1cc(/C=C2\CCC/C(=C\c3ccc(OCCCN4CCOCC4)c(OC)c3)C2=O)ccc1OCCCBr","COc1cc(/C=C2\CCC/C(=C\c3ccc(OCCCN4CCOCC4)c(OC)c3)C2=O)ccc1OCCCBr"
"CHEMBL1089324","O=C(/C=C/c1ccccc1C(=O)O)/C=C/c1ccccc1C(=O)O","O=C(/C=C/c1ccccc1C(=O)O)/C=C/c1ccccc1C(=O)O"
"CHEMBL1089909","COc1cc(/C=C2\CC/C(=C\c3ccc(OC4CCCOC4)c(OC)c3)C2=O)ccc1OC1CCCOC1","COc1cc(/C=C2\CC/C(=C\c3ccc(OC4CCCOC4)c(OC)c3)C2=O)ccc1OC1CCCOC1"
"CHEMBL3752393","COc1cc(/C=C2\CCC/C(=C\c3ccccc3Br)C2=O)ccc1O","COc1cc(/C=C2\CCC/C(=C\c3ccccc3Br)C2=O)ccc1O"
"CHEMBL4171041","COc1cc(/C=C2\CN(C)C/C(=C\c3ccccc3F)C2=O)cc(OC)c1","COc1cc(/C=C2\CN(C)C/C(=C\c3ccccc3F)C2=O)cc(OC)c1"
"CHEMBL4763287","O=C1/C(=C/c2ccccc2F)CN(S(=O)(=O)c2ccc(C(F)(F)F)cc2)C/C1=C\c1ccccc1F","O=C1/C(=C/c2ccccc2F)CN(S(=O)(=O)c2ccc(C(F)(F)F)cc2)C/C1=C\c1ccccc1F"
"CHEMBL518721","CCN(CC)CCOc1ccc(C(=O)N2C/C(=C\c3ccc(Cl)cc3)C(=O)/C(=C/c3ccc(Cl)cc3)C2)cc1.Cl","CCN(CC)CCOc1ccc(C(=O)N2C/C(=C\c3ccc(Cl)cc3)C(=O)/C(=C/c3ccc(Cl)cc3)C2)cc1.Cl"
"CHEMBL1254781","O=C(O)/C=C/C(=O)N1C/C(=C\c2ccccc2F)C(=O)/C(=C/c2ccccc2F)C1","O=C(O)/C=C/C(=O)N1C/C(=C\c2ccccc2F)C(=O)/C(=C/c2ccccc2F)C1"
"CHEMBL2391220","CN(C)c1ccc(/C=C2/CN(C(=O)CC(=O)N3C/C(=C\c4ccc(N(C)C)cc4)C(=O)/C(=C/c4ccc(N(C)C)cc4)C3)C/C(=C\c3ccc(N(C)C)cc3)C2=O)cc1","CN(C)c1ccc(/C=C2/CN(C(=O)CC(=O)N3C/C(=C\c4ccc(N(C)C)cc4)C(=O)/C(=C/c4ccc(N(C)C)cc4)C3)C/C(=C\c3ccc(N(C)C)cc3)C2=O)cc1"
"CHEMBL1988510","C[N+](C)(C)CCC(=O)N1C/C(=C\c2ccccc2)C(=O)/C(=C/c2ccccc2)C1.[Br-]","C[N+](C)(C)CCC(=O)N1C/C(=C\c2ccccc2)C(=O)/C(=C/c2ccccc2)C1.[Br-]"
"CHEMBL601412","COc1ccc(/C=C/C(=O)/C=C/c2ccc(OC)c(OC)c2)cc1O","COc1ccc(/C=C/C(=O)/C=C/c2ccc(OC)c(OC)c2)cc1O"
"CHEMBL4165251","CCC(=O)N1C/C(=C\c2cc(OC)c(OC)c(OC)c2)C(=O)/C(=C/c2cc(OC)c(OC)c(OC)c2)C1","CCC(=O)N1C/C(=C\c2cc(OC)c(OC)c(OC)c2)C(=O)/C(=C/c2cc(OC)c(OC)c(OC)c2)C1"
"CHEMBL1630640","O=C1/C(=C/c2ccc(C(F)(F)F)cc2F)CC/C1=C\c1ccc(C(F)(F)F)cc1F","O=C1/C(=C/c2ccc(C(F)(F)F)cc2F)CC/C1=C\c1ccc(C(F)(F)F)cc1F"
"CHEMBL1630637","O=C1/C(=C/c2ccc(C(F)(F)F)cc2C(F)(F)F)CCC/C1=C\c1ccc(C(F)(F)F)cc1C(F)(F)F","O=C1/C(=C/c2ccc(C(F)(F)F)cc2C(F)(F)F)CCC/C1=C\c1ccc(C(F)(F)F)cc1C(F)(F)F"
"CHEMBL4075911","CCC(=O)Oc1ccc(/C=C2\CC/C(=C\c3ccc(OC)c(OC)c3)C2=O)cc1OC","CCC(=O)Oc1ccc(/C=C2\CC/C(=C\c3ccc(OC)c(OC)c3)C2=O)cc1OC"
"CHEMBL4091154","CCC(=O)Oc1ccc(/C=C2\CC/C(=C\c3ccc(OC)cc3)C2=O)cc1OC","CCC(=O)Oc1ccc(/C=C2\CC/C(=C\c3ccc(OC)cc3)C2=O)cc1OC"
"CHEMBL3105864","C/C(=C\c1ccc([N+](=O)[O-])cc1)C(=O)/C=C/c1ccccc1","C/C(=C\c1ccc([N+](=O)[O-])cc1)C(=O)/C=C/c1ccccc1"
"CHEMBL152243","C=CC(=O)N1C/C(=C\c2ccc(N3CC3)cc2)C(=O)/C(=C/c2ccc(N3CC3)cc2)C1","C=CC(=O)N1C/C(=C\c2ccc(N3CC3)cc2)C(=O)/C(=C/c2ccc(N3CC3)cc2)C1"
"CHEMBL4290505","O=C1/C(=C/c2ccc(O)c(O)c2)CN(C2CC2)C/C1=C\c1ccc(O)c(O)c1","O=C1/C(=C/c2ccc(O)c(O)c2)CN(C2CC2)C/C1=C\c1ccc(O)c(O)c1"
"CHEMBL1994628","Cc1ccc(/C=C2\CCC/C(=C\c3ccc(O)c(CN4CCCCC4)c3)C2=O)cc1","Cc1ccc(/C=C2\CCC/C(=C\c3ccc(O)c(CN4CCCCC4)c3)C2=O)cc1"
"CHEMBL4522855","O=C1/C(=C/c2ccccc2F)CN(Cc2cn(Cc3ccccc3F)nn2)C/C1=C\c1ccccc1F","O=C1/C(=C/c2ccccc2F)CN(Cc2cn(Cc3ccccc3F)nn2)C/C1=C\c1ccccc1F"
"CHEMBL4586417","O=C1/C(=C/c2ccccc2F)CN(Cc2cn(Cc3ccc(F)cc3)nn2)C/C1=C\c1ccccc1F","O=C1/C(=C/c2ccccc2F)CN(Cc2cn(Cc3ccc(F)cc3)nn2)C/C1=C\c1ccccc1F"
"CHEMBL4581515","Cc1ccc(/C=C2\CN(C(=S)SCc3cn(Cc4ccccc4F)nn3)C/C(=C\c3ccc(C)cc3)C2=O)cc1","Cc1ccc(/C=C2\CN(C(=S)SCc3cn(Cc4ccccc4F)nn3)C/C(=C\c3ccc(C)cc3)C2=O)cc1"
"CHEMBL4568339","O=C1/C(=C/c2ccccc2F)CN(C(=S)SCc2cn(Cc3ccc(F)cc3)nn2)C/C1=C\c1ccccc1F","O=C1/C(=C/c2ccccc2F)CN(C(=S)SCc2cn(Cc3ccc(F)cc3)nn2)C/C1=C\c1ccccc1F"
"CHEMBL3958892","COc1ccc(/C=C/c2cc(OC)cc(OC)c2/C=C/C(=O)/C=C/c2c(OC)cc(OC)cc2OC)cc1","COc1ccc(/C=C/c2cc(OC)cc(OC)c2/C=C/C(=O)/C=C/c2c(OC)cc(OC)cc2OC)cc1"
"CHEMBL1289996","C#CCOc1ccc(/C=C/C(=O)/C=C/c2ccc(OC)cc2OC)cc1OC","C#CCOc1ccc(/C=C/C(=O)/C=C/c2ccc(OC)cc2OC)cc1OC"
"CHEMBL1991449","CSc1ccc(/C=C2\CNC/C(=C\c3ccc(SC)cc3)C2=O)cc1.Cl","CSc1ccc(/C=C2\CNC/C(=C\c3ccc(SC)cc3)C2=O)cc1.Cl"
"CHEMBL1503839","CS(=O)(=O)O.Cc1cccc(/C=C2/C(=O)/C(=C/c3ccccc3C)C3CCC2N3C)c1","CS(=O)(=O)O.Cc1cccc(/C=C2/C(=O)/C(=C/c3ccccc3C)C3CCC2N3C)c1"
"CHEMBL151113","CN(C)C(=N)c1ccc(/C=C2\CCCC/C(=C\c3ccc(C(=N)N(C)C)cc3)C2=O)cc1","CN(C)C(=N)c1ccc(/C=C2\CCCC/C(=C\c3ccc(C(=N)N(C)C)cc3)C2=O)cc1"
"CHEMBL5440544","COc1cc(/C=C/C(=O)C(=Cc2ccc(F)cc2F)C(=O)/C=C/c2ccc(O)c(OC)c2)ccc1O","COc1cc(/C=C/C(=O)C(=Cc2ccc(F)cc2F)C(=O)/C=C/c2ccc(O)c(OC)c2)ccc1O"
"CHEMBL2315386","COc1cc(/C=C2\CC/C(=C\c3ccc(OCCN4CCCCC4)c(OC)c3)C2=O)ccc1OCCN1CCCCC1","COc1cc(/C=C2\CC/C(=C\c3ccc(OCCN4CCCCC4)c(OC)c3)C2=O)ccc1OCCN1CCCCC1"
"CHEMBL358910","N=C(N)c1ccc(/C=C2/CCCC/C(=C/c3ccc(C(N)=O)cc3)C2=O)cc1","N=C(N)c1ccc(/C=C2/CCCC/C(=C/c3ccc(C(N)=O)cc3)C2=O)cc1"
"CHEMBL530113","CCOP(=O)(CCCCN1C/C(=C\c2ccc([N+](=O)[O-])cc2)C(=O)/C(=C/c2ccc([N+](=O)[O-])cc2)C1)OCC","CCOP(=O)(CCCCN1C/C(=C\c2ccc([N+](=O)[O-])cc2)C(=O)/C(=C/c2ccc([N+](=O)[O-])cc2)C1)OCC"
"CHEMBL503064","CC(C)(C)c1cc(/C=C2\CCC/C(=C\c3cc(C(C)(C)C)c(O)c(C(C)(C)C)c3)C2=O)cc(C(C)(C)C)c1O","CC(C)(C)c1cc(/C=C2\CCC/C(=C\c3cc(C(C)(C)C)c(O)c(C(C)(C)C)c3)C2=O)cc(C(C)(C)C)c1O"
"CHEMBL2391207","O=C1/C(=C/c2ccc(F)cc2)CN(C(=O)C(=O)N2C/C(=C\c3ccc(F)cc3)C(=O)/C(=C/c3ccc(F)cc3)C2)C/C1=C\c1ccc(F)cc1","O=C1/C(=C/c2ccc(F)cc2)CN(C(=O)C(=O)N2C/C(=C\c3ccc(F)cc3)C(=O)/C(=C/c3ccc(F)cc3)C2)C/C1=C\c1ccc(F)cc1"
"CHEMBL2391213","Cc1ccc(/C=C2/CN(C(=O)CC(=O)N3C/C(=C\c4ccc(C)cc4)C(=O)/C(=C/c4ccc(C)cc4)C3)C/C(=C\c3ccc(C)cc3)C2=O)cc1","Cc1ccc(/C=C2/CN(C(=O)CC(=O)N3C/C(=C\c4ccc(C)cc4)C(=O)/C(=C/c4ccc(C)cc4)C3)C/C(=C\c3ccc(C)cc3)C2=O)cc1"
"CHEMBL154716","O=C1/C(=C/c2ccccc2)CNC/C1=C\c1ccccc1","O=C1/C(=C/c2ccccc2)CNC/C1=C\c1ccccc1"
"CHEMBL3742047","COc1cc(/C=C/C(=O)/C=C/c2ccc3c(c2)CCN3)ccc1O","COc1cc(/C=C/C(=O)/C=C/c2ccc3c(c2)CCN3)ccc1O"
"CHEMBL4173161","CN1C/C(=C\c2cccc([N+](=O)[O-])c2)C(=O)/C(=C/c2ccc(Cl)c(Cl)c2)C1","CN1C/C(=C\c2cccc([N+](=O)[O-])c2)C(=O)/C(=C/c2ccc(Cl)c(Cl)c2)C1"
"CHEMBL4169962","COc1ccc(/C=C2\CCC/C(=C\c3ccc(Cl)cc3)C2=O)cc1","COc1ccc(/C=C2\CCC/C(=C\c3ccc(Cl)cc3)C2=O)cc1"
"CHEMBL3754284","COc1ccc(/C=C2\CCC/C(=C\c3ccc(O)c(OC)c3)C2=O)cc1O","COc1ccc(/C=C2\CCC/C(=C\c3ccc(O)c(OC)c3)C2=O)cc1O"
"CHEMBL1762679","O=C1C=C(c2ccccc2)C(=O)C(c2ccccc2)=C1","O=C1C=C(c2ccccc2)C(=O)C(c2ccccc2)=C1"
"CHEMBL541222","CCOc1ccc(/C=C(\C(=O)/C=C/C2=C(C)CCCC2(C)C)C(=O)/C=C/c2ccc(OCC)c(OCC)c2)cc1OCC","CCOc1ccc(/C=C(\C(=O)/C=C/C2=C(C)CCCC2(C)C)C(=O)/C=C/c2ccc(OCC)c(OCC)c2)cc1OCC"
"CHEMBL1928961","COc1ccc(/C=C/c2cc(OC)cc(OC)c2/C=C/C(=O)/C=C/c2ccccc2)cc1","COc1ccc(/C=C/c2cc(OC)cc(OC)c2/C=C/C(=O)/C=C/c2ccccc2)cc1"
"CHEMBL151480","N=C(N)c1ccc(/C=C2\CCCC/C(=C/c3ccc(C(N)=O)cc3)C2=O)cc1","N=C(N)c1ccc(/C=C2\CCCC/C(=C/c3ccc(C(N)=O)cc3)C2=O)cc1"
"CHEMBL4161865","CN1C/C(=C\c2ccc(C(F)(F)F)cc2)C(=O)/C(=C/c2ccccc2F)C1","CN1C/C(=C\c2ccc(C(F)(F)F)cc2)C(=O)/C(=C/c2ccccc2F)C1"
"CHEMBL2316147","COc1cc(/C=C2\CCC/C(=C\c3ccc(F)cc3)C2=O)cc(OC)c1","COc1cc(/C=C2\CCC/C(=C\c3ccc(F)cc3)C2=O)cc(OC)c1"
"CHEMBL2315383","COc1cc(/C=C2\CC/C(=C\c3ccc(OCCn4ccnc4C)c(OC)c3)C2=O)ccc1OCCn1ccnc1C","COc1cc(/C=C2\CC/C(=C\c3ccc(OCCn4ccnc4C)c(OC)c3)C2=O)ccc1OCCn1ccnc1C"
"CHEMBL478481","O=C1/C(=C/c2ccccc2Cl)CCC/C1=C\c1ccccc1Cl","O=C1/C(=C/c2ccccc2Cl)CCC/C1=C\c1ccccc1Cl"
"CHEMBL598465","COc1cc(/C=C/C(=O)/C=C/c2cccc(O)c2)cc(OC)c1OC","COc1cc(/C=C/C(=O)/C=C/c2cccc(O)c2)cc(OC)c1OC"
"CHEMBL181041","COc1cc(/C=C2\CCC/C(=C\c3ccc([N+](=O)[O-])cc3)C2=O)ccc1O","COc1cc(/C=C2\CCC/C(=C\c3ccc([N+](=O)[O-])cc3)C2=O)ccc1O"
"CHEMBL4173579","O=C1/C(=C/c2cccc([N+](=O)[O-])c2)CN(S(=O)(=O)c2ccc(F)cc2)C/C1=C\c1cccc([N+](=O)[O-])c1","O=C1/C(=C/c2cccc([N+](=O)[O-])c2)CN(S(=O)(=O)c2ccc(F)cc2)C/C1=C\c1cccc([N+](=O)[O-])c1"
"CHEMBL3219866","O=C(/C=C/c1ccc(F)cc1)/C=C/c1ccccc1OCc1ccccc1","O=C(/C=C/c1ccc(F)cc1)/C=C/c1ccccc1OCc1ccccc1"
"CHEMBL3219862","O=C(/C=C/c1ccccc1OCc1ccc(F)cc1)/C=C/c1cccc(Cl)c1Cl","O=C(/C=C/c1ccccc1OCc1ccc(F)cc1)/C=C/c1cccc(Cl)c1Cl"
"CHEMBL604800","COc1ccc(/C=C/C(=O)/C=C/c2cc(OC)c(OC)c(OC)c2)cc1OC","COc1ccc(/C=C/C(=O)/C=C/c2cc(OC)c(OC)c(OC)c2)cc1OC"
"CHEMBL4077208","CCOc1ccc(C=C(C(=O)/C=C/c2ccc(O)c(OC)c2)C(=O)/C=C/c2ccc(O)c(OC)c2)cc1OCC","CCOc1ccc(C=C(C(=O)/C=C/c2ccc(O)c(OC)c2)C(=O)/C=C/c2ccc(O)c(OC)c2)cc1OCC"
"CHEMBL3786415","COCC[S+](C)CCC(=O)N1C/C(=C\c2ccccc2)C(=O)/C(=C/c2ccccc2)C1.F[B-](F)(F)F","COCC[S+](C)CCC(=O)N1C/C(=C\c2ccccc2)C(=O)/C(=C/c2ccccc2)C1.F[B-](F)(F)F"
"CHEMBL1094121","Nc1cccc(/C=C2\CCC/C(=C\c3cccc(N)c3)C2=O)c1","Nc1cccc(/C=C2\CCC/C(=C\c3cccc(N)c3)C2=O)c1"
"CHEMBL3794162","CCN(CC)c1ccc(/C=C2\CCC/C(=C\c3ccc(-c4ccc(F)cc4)cc3)C2=O)cc1","CCN(CC)c1ccc(/C=C2\CCC/C(=C\c3ccc(-c4ccc(F)cc4)cc3)C2=O)cc1"
"CHEMBL3329269","COc1ccc2c(c1)C=C(C(=O)/C=C/c1ccc(Cl)c(Cl)c1)CO2","COc1ccc2c(c1)C=C(C(=O)/C=C/c1ccc(Cl)c(Cl)c1)CO2"
"CHEMBL3338596","COc1ccccc1/C=C1\CNC/C(=C\c2ccccc2OC)C1=O","COc1ccccc1/C=C1\CNC/C(=C\c2ccccc2OC)C1=O"
"CHEMBL4782951","C=CCc1cc(/C=C2\CN(C3CC3)C/C(=C\c3ccc(-n4cccc4)cc3)C2=O)ccc1O","C=CCc1cc(/C=C2\CN(C3CC3)C/C(=C\c3ccc(-n4cccc4)cc3)C2=O)ccc1O"
"CHEMBL2391222","O=C1/C(=C\c2ccccc2)CN(CCCN2C/C(=C\c3ccccc3)C(=O)/C(=C/c3ccccc3)C2)C/C1=C\c1ccccc1","O=C1/C(=C\c2ccccc2)CN(CCCN2C/C(=C\c3ccccc3)C(=O)/C(=C/c3ccccc3)C2)C/C1=C\c1ccccc1"
"CHEMBL331437","N=C(N)c1cccc(/C=C2/CCCC/C(=C/c3cccc(C(=N)N)c3)C2=O)c1","N=C(N)c1cccc(/C=C2/CCCC/C(=C/c3cccc(C(=N)N)c3)C2=O)c1"
"CHEMBL1795866","O=C1/C(=C/c2ccc(OCc3ccc(Br)cc3)cc2)CNC/C1=C\c1ccc(OCc2ccc(Br)cc2)cc1","O=C1/C(=C/c2ccc(OCc3ccc(Br)cc3)cc2)CNC/C1=C\c1ccc(OCc2ccc(Br)cc2)cc1"
"CHEMBL4582302","O=C(/C=C/c1cccc(O)c1)/C=C/c1cccc(O)c1O","O=C(/C=C/c1cccc(O)c1)/C=C/c1cccc(O)c1O"
"CHEMBL1767185","CN(C)c1ccc(/C=C/C(=O)/C=C/c2cccc(Oc3ccccc3)c2)cc1","CN(C)c1ccc(/C=C/C(=O)/C=C/c2cccc(Oc3ccccc3)c2)cc1"
"CHEMBL493618","CN(C)c1ccc(/C=C2\CCC/C(=C\c3cccc([N+](=O)[O-])c3)C2=O)cc1","CN(C)c1ccc(/C=C2\CCC/C(=C\c3cccc([N+](=O)[O-])c3)C2=O)cc1"
"CHEMBL4172219","COc1cc(OC)c(/C=C2\CCC/C(=C\c3ccc(OC)c(OC)c3)C2=O)c(OC)c1","COc1cc(OC)c(/C=C2\CCC/C(=C\c3ccc(OC)c(OC)c3)C2=O)c(OC)c1"
"CHEMBL515242","CN1C/C(=C\c2ccccc2)C(=O)/C(=C/c2ccccc2)C1","CN1C/C(=C\c2ccccc2)C(=O)/C(=C/c2ccccc2)C1"
"CHEMBL4176873","COc1cc(/C=C2\CN(S(=O)(=O)c3ccc(F)cc3)C/C(=C\c3ccc(C#N)cc3)C2=O)cc(OC)c1OC","COc1cc(/C=C2\CN(S(=O)(=O)c3ccc(F)cc3)C/C(=C\c3ccc(C#N)cc3)C2=O)cc(OC)c1OC"
"CHEMBL3410532","O=C1/C(=C/c2ccc(O)cc2)CS(=O)(=O)C/C1=C\c1ccc([N+](=O)[O-])cc1","O=C1/C(=C/c2ccc(O)cc2)CS(=O)(=O)C/C1=C\c1ccc([N+](=O)[O-])cc1"
"CHEMBL5282230","COc1cc(/C=C2\CNC/C(=C\c3cc(OC)cc(OC)c3OC)C2=O)c(OC)c(OC)c1","COc1cc(/C=C2\CNC/C(=C\c3cc(OC)cc(OC)c3OC)C2=O)c(OC)c(OC)c1"
"CHEMBL2332976","O=C1/C(=C/c2cccc([N+](=O)[O-])c2)CN(C(=O)C[C@H]2C[C@H]3CCCN3[C@]23C(=O)Nc2ccccc23)C/C1=C\c1cccc([N+](=O)[O-])c1","O=C1/C(=C/c2cccc([N+](=O)[O-])c2)CN(C(=O)C[C@H]2C[C@H]3CCCN3[C@]23C(=O)Nc2ccccc23)C/C1=C\c1cccc([N+](=O)[O-])c1"
"CHEMBL4159952","COc1cc(/C=C2\CN(S(=O)(=O)c3ccc(NC(C)=O)cc3)C/C(=C\c3ccc(C#N)cc3)C2=O)cc(OC)c1OC","COc1cc(/C=C2\CN(S(=O)(=O)c3ccc(NC(C)=O)cc3)C/C(=C\c3ccc(C#N)cc3)C2=O)cc(OC)c1OC"
"CHEMBL4434755","Cc1ccccc1/C=C1\CN(C(=S)NC(=O)c2ccccc2)C/C(=C\c2ccccc2C)C1=O","Cc1ccccc1/C=C1\CN(C(=S)NC(=O)c2ccccc2)C/C(=C\c2ccccc2C)C1=O"
"CHEMBL1802459","Cc1ccc(CN2C/C(=C\c3ccc(O)c(Br)c3)C(=O)/C(=C/c3ccc(O)c(Br)c3)C2)cc1","Cc1ccc(CN2C/C(=C\c3ccc(O)c(Br)c3)C(=O)/C(=C/c3ccc(O)c(Br)c3)C2)cc1"
"CHEMBL3818641","CC/C(=C\c1ccc(Cl)cc1)C(=O)/C=C/c1ccc(C=O)cc1","CC/C(=C\c1ccc(Cl)cc1)C(=O)/C=C/c1ccc(C=O)cc1"
"CHEMBL3817908","CC/C(=C\c1ccc(Cl)cc1)C(=O)/C=C/c1ccccc1Br","CC/C(=C\c1ccc(Cl)cc1)C(=O)/C=C/c1ccccc1Br"
"CHEMBL4086453","COc1ccc(/C=C2\CC/C(=C\c3ccc(OC(=O)C(C)C)c(OC)c3)C2=O)cc1OC","COc1ccc(/C=C2\CC/C(=C\c3ccc(OC(=O)C(C)C)c(OC)c3)C2=O)cc1OC"
"CHEMBL3361231","COc1ccc(/C=C2\CN(C(=O)c3cc(/C=C/C4C(C)=CCCC4(C)C)on3)C/C(=C\c3ccc(OC)cc3)C2=O)cc1","COc1ccc(/C=C2\CN(C(=O)c3cc(/C=C/C4C(C)=CCCC4(C)C)on3)C/C(=C\c3ccc(OC)cc3)C2=O)cc1"
"CHEMBL3787510","COc1cccc(/C=C2\CN(C)C/C(=C\c3cccc(OC)c3Cl)C2=O)c1Cl","COc1cccc(/C=C2\CN(C)C/C(=C\c3cccc(OC)c3Cl)C2=O)c1Cl"
"CHEMBL3786079","COCCS(=O)(=O)CCC(=O)N1C/C(=C\c2ccccc2)C(=O)/C(=C/c2ccccc2)C1","COCCS(=O)(=O)CCC(=O)N1C/C(=C\c2ccccc2)C(=O)/C(=C/c2ccccc2)C1"
"CHEMBL3754328","COc1ccc(/C=C2\CCC/C(=C\c3ccc(O)c(OC)c3)C2=O)cc1","COc1ccc(/C=C2\CCC/C(=C\c3ccc(O)c(OC)c3)C2=O)cc1"
"CHEMBL3817992","CC/C(=C\c1ccc(Cl)cc1)C(=O)/C=C/c1ccc(Cl)cc1","CC/C(=C\c1ccc(Cl)cc1)C(=O)/C=C/c1ccc(Cl)cc1"
"CHEMBL3799422","COc1cccc(/C=C/C(=O)/C=C/c2ccc(OCc3cn(CCCOc4cc(=O)oc5ccccc45)nn3)c(OC)c2)c1","COc1cccc(/C=C/C(=O)/C=C/c2ccc(OCc3cn(CCCOc4cc(=O)oc5ccccc45)nn3)c(OC)c2)c1"
"CHEMBL3798359","COc1ccccc1/C=C/C(=O)/C=C/c1ccc(OCc2cn(CCCOc3cc(=O)oc4ccccc34)nn2)c(OC)c1","COc1ccccc1/C=C/C(=O)/C=C/c1ccc(OCc2cn(CCCOc3cc(=O)oc4ccccc34)nn2)c(OC)c1"
"CHEMBL3797287","COc1cc(/C=C/C(=O)/C=C/c2ccccc2)ccc1OCc1cn(CCOc2cc(=O)oc3ccccc23)nn1","COc1cc(/C=C/C(=O)/C=C/c2ccccc2)ccc1OCc1cn(CCOc2cc(=O)oc3ccccc23)nn1"
"CHEMBL2430954","COc1ccccc1/C=C/C(=O)/C=C/c1ccc(Oc2ncnc3c(C)cccc23)cc1","COc1ccccc1/C=C/C(=O)/C=C/c1ccc(Oc2ncnc3c(C)cccc23)cc1"
"CHEMBL3793393","COc1cccc(/C=C2\CCC/C(=C\c3ccc(-c4ccc(F)cc4)cc3)C2=O)c1OC","COc1cccc(/C=C2\CCC/C(=C\c3ccc(-c4ccc(F)cc4)cc3)C2=O)c1OC"
"CHEMBL2391217","COc1ccc(/C=C2/CN(C(=O)CC(=O)N3C/C(=C\c4ccc(OC)cc4)C(=O)/C(=C/c4ccc(OC)cc4)C3)C/C(=C\c3ccc(OC)cc3)C2=O)cc1","COc1ccc(/C=C2/CN(C(=O)CC(=O)N3C/C(=C\c4ccc(OC)cc4)C(=O)/C(=C/c4ccc(OC)cc4)C3)C/C(=C\c3ccc(OC)cc3)C2=O)cc1"
"CHEMBL3397737","CCCC(=O)N1C/C(=C\c2ccccc2)C(=O)/C(=C/c2ccccc2)C1","CCCC(=O)N1C/C(=C\c2ccccc2)C(=O)/C(=C/c2ccccc2)C1"
"CHEMBL1708088","COc1ccc(/C=C2/CSC/C(=C/c3ccc(OC)c(OC)c3)C2=O)cc1OC","COc1ccc(/C=C2/CSC/C(=C/c3ccc(OC)c(OC)c3)C2=O)cc1OC"
"CHEMBL2234291","O=C1/C(=C/c2ccccc2)CN(Cc2ccccc2)C/C1=C\c1ccccc1","O=C1/C(=C/c2ccccc2)CN(Cc2ccccc2)C/C1=C\c1ccccc1"
"CHEMBL3403494","CCCCCCCCCCCCCCCC(=O)Oc1ccc(/C=C2\CCC/C(=C\c3ccc(OC(=O)CCCCCCCCCCCCCCC)c(OC)c3)C2=O)cc1OC","CCCCCCCCCCCCCCCC(=O)Oc1ccc(/C=C2\CCC/C(=C\c3ccc(OC(=O)CCCCCCCCCCCCCCC)c(OC)c3)C2=O)cc1OC"
"CHEMBL3410536","O=C1/C(=C/c2ccc([N+](=O)[O-])cc2)CC2(C/C1=C\c1ccc([N+](=O)[O-])cc1)OCCO2","O=C1/C(=C/c2ccc([N+](=O)[O-])cc2)CC2(C/C1=C\c1ccc([N+](=O)[O-])cc1)OCCO2"
"CHEMBL4210298","CCN1C/C(=C\c2ccc(F)cc2)C(=O)/C(=C/c2ccc(F)cc2)C1","CCN1C/C(=C\c2ccc(F)cc2)C(=O)/C(=C/c2ccc(F)cc2)C1"
"CHEMBL3818644","COc1ccc(/C=C(\C)C(=O)/C=C/c2ccc(OC)c(OC)c2)cc1","COc1ccc(/C=C(\C)C(=O)/C=C/c2ccc(OC)c(OC)c2)cc1"
"CHEMBL3786853","COCC[S+]([O-])CCC(=O)N1C/C(=C\c2ccccc2)C(=O)/C(=C/c2ccccc2)C1","COCC[S+]([O-])CCC(=O)N1C/C(=C\c2ccccc2)C(=O)/C(=C/c2ccccc2)C1"
"CHEMBL3985487","COc1cc(/C=C(\C(=O)/C=C/C2=C(C)C(O)CCC2(C)C)C(=O)/C=C/c2ccc(O)c(OC)c2)ccc1O","COc1cc(/C=C(\C(=O)/C=C/C2=C(C)C(O)CCC2(C)C)C(=O)/C=C/c2ccc(O)c(OC)c2)ccc1O"
"CHEMBL2430968","Cc1cccc2c(Oc3ccc(/C=C/C(=O)/C=C/c4ccc(F)cc4)cc3)ncnc12","Cc1cccc2c(Oc3ccc(/C=C/C(=O)/C=C/c4ccc(F)cc4)cc3)ncnc12"
"CHEMBL3115545","C=CCc1cc(/C=C/C(=O)/C=C/c2ccc(N3CCOCC3)cc2)ccc1OC","C=CCc1cc(/C=C/C(=O)/C=C/c2ccc(N3CCOCC3)cc2)ccc1OC"
"CHEMBL3219858","O=C(/C=C/c1ccc(Cl)cc1)/C=C/c1ccccc1OCc1ccccc1","O=C(/C=C/c1ccc(Cl)cc1)/C=C/c1ccccc1OCc1ccccc1"
"CHEMBL3219861","O=C(/C=C/c1ccc(Cl)cc1)/C=C/c1ccccc1OCc1ccc(F)cc1","O=C(/C=C/c1ccc(Cl)cc1)/C=C/c1ccccc1OCc1ccc(F)cc1"
"CHEMBL2005249","Cc1ccc(OC(=O)N2C/C(=C\c3ccccc3)C(=O)/C(=C/c3ccccc3)C2)cc1","Cc1ccc(OC(=O)N2C/C(=C\c3ccccc3)C(=O)/C(=C/c3ccccc3)C2)cc1"
"CHEMBL3105495","O=C1/C(=C/c2ccc(F)c(F)c2)CC/C1=C\c1ccc(F)c(F)c1","O=C1/C(=C/c2ccc(F)c(F)c2)CC/C1=C\c1ccc(F)c(F)c1"
"CHEMBL4803436","CCOc1cc(/C=C2\CC/C(=C\c3ccc(OCCCN4CCCC(C)C4)c(OCC)c3)C2=O)ccc1OCCCN1CCCC(C)C1","CCOc1cc(/C=C2\CC/C(=C\c3ccc(OCCCN4CCCC(C)C4)c(OCC)c3)C2=O)ccc1OCCCN1CCCC(C)C1"
"CHEMBL4530400","COc1ccc(/C=C2\CN(C(=S)NCCc3ccccc3)C/C(=C\c3ccc(OC)cc3)C2=O)cc1","COc1ccc(/C=C2\CN(C(=S)NCCc3ccccc3)C/C(=C\c3ccc(OC)cc3)C2=O)cc1"
"CHEMBL4436145","Cc1ccc(/C=C2\CN(C(=S)NCCc3ccccc3)C/C(=C\c3ccc(C)cc3)C2=O)cc1","Cc1ccc(/C=C2\CN(C(=S)NCCc3ccccc3)C/C(=C\c3ccc(C)cc3)C2=O)cc1"
"CHEMBL4101243","COc1cc(/C=C2\CC/C(=C\c3ccc(O)cc3)C2=O)ccc1O","COc1cc(/C=C2\CC/C(=C\c3ccc(O)cc3)C2=O)ccc1O"
"CHEMBL4794947","N#Cc1ccc(S(=O)(=O)N2C/C(=C\c3cccc(F)c3)C(=O)/C(=C/c3cccc(F)c3)C2)cc1","N#Cc1ccc(S(=O)(=O)N2C/C(=C\c3cccc(F)c3)C(=O)/C(=C/c3cccc(F)c3)C2)cc1"
"CHEMBL2332979","O=C1/C(=C/c2ccc(Cl)cc2)CN(C(=O)C[C@H]2C[C@H]3CCCN3[C@]23C(=O)Nc2ccccc23)C/C1=C\c1ccc(Cl)cc1","O=C1/C(=C/c2ccc(Cl)cc2)CN(C(=O)C[C@H]2C[C@H]3CCCN3[C@]23C(=O)Nc2ccccc23)C/C1=C\c1ccc(Cl)cc1"
"CHEMBL4171611","CN1C/C(=C\c2ccc(C#N)cc2)C(=O)/C(=C/c2ccc(Cl)cc2Cl)C1","CN1C/C(=C\c2ccc(C#N)cc2)C(=O)/C(=C/c2ccc(Cl)cc2Cl)C1"
"CHEMBL1289435","O=C1/C(=C/c2ccc3ncccc3c2)CC/C1=C\c1ccc2ncccc2c1","O=C1/C(=C/c2ccc3ncccc3c2)CC/C1=C\c1ccc2ncccc2c1"
"CHEMBL4557574","CCOC(=O)N1C/C(=C/c2cccc(O)c2)C(=O)/C(=C/c2cccc(O)c2)C1","CCOC(=O)N1C/C(=C/c2cccc(O)c2)C(=O)/C(=C/c2cccc(O)c2)C1"
"CHEMBL4787291","Cl.Cl.O=C1/C(=C/c2ccc(OCCCCN3CCCCCC3)cc2)CC/C1=C\c1ccc(OCCCCN2CCCCCC2)cc1","Cl.Cl.O=C1/C(=C/c2ccc(OCCCCN3CCCCCC3)cc2)CC/C1=C\c1ccc(OCCCCN2CCCCCC2)cc1"
"CHEMBL503999","Cl.O=C1/C(=C/c2ccc(Cl)cc2)CN(C(=O)c2ccc(OCCN3CCOCC3)cc2)C/C1=C\c1ccc(Cl)cc1","Cl.O=C1/C(=C/c2ccc(Cl)cc2)CN(C(=O)c2ccc(OCCN3CCOCC3)cc2)C/C1=C\c1ccc(Cl)cc1"
"CHEMBL1187473","O=C1/C(=C/c2ccc(Cl)cc2)CN(C(=O)c2ccc(OCCN3CCOCC3)cc2)C/C1=C\c1ccc(Cl)cc1","O=C1/C(=C/c2ccc(Cl)cc2)CN(C(=O)c2ccc(OCCN3CCOCC3)cc2)C/C1=C\c1ccc(Cl)cc1"
"CHEMBL1997863","CC(=O)Oc1ccccc1/C=C/C(=O)/C=C/c1ccccc1OC(C)=O","CC(=O)Oc1ccccc1/C=C/C(=O)/C=C/c1ccccc1OC(C)=O"
"CHEMBL4546896","CC(C)c1ccc(/C=C2\CN(c3nc(-c4ccccc4)cs3)C/C(=C\c3ccc(C(C)C)cc3)C2=O)cc1","CC(C)c1ccc(/C=C2\CN(c3nc(-c4ccccc4)cs3)C/C(=C\c3ccc(C(C)C)cc3)C2=O)cc1"
"CHEMBL493819","O=C1/C(=C/c2ccc(Cl)cc2)CCC/C1=C\c1cccc([N+](=O)[O-])c1","O=C1/C(=C/c2ccc(Cl)cc2)CCC/C1=C\c1cccc([N+](=O)[O-])c1"
"CHEMBL4580723","CC(C)(C)OC(=O)N1C/C(=C\c2ccccc2)C(=O)/C(=C/c2ccccc2)C1","CC(C)(C)OC(=O)N1C/C(=C\c2ccccc2)C(=O)/C(=C/c2ccccc2)C1"
"CHEMBL4163904","COc1cccc(/C=C2\CN(C)C/C(=C\c3cccc(OC)c3OC)C2=O)c1OC","COc1cccc(/C=C2\CN(C)C/C(=C\c3cccc(OC)c3OC)C2=O)c1OC"
"CHEMBL1290201","C#CCOc1ccc(/C=C/C(=O)/C=C/c2ccc(F)cc2F)cc1OC","C#CCOc1ccc(/C=C/C(=O)/C=C/c2ccc(F)cc2F)cc1OC"
"CHEMBL4783441","O=C1/C(=C/c2ccccc2F)CN(S(=O)(=O)c2ccc(O[N+](=O)[O-])cc2)C/C1=C\c1ccccc1F","O=C1/C(=C/c2ccccc2F)CN(S(=O)(=O)c2ccc(O[N+](=O)[O-])cc2)C/C1=C\c1ccccc1F"
"CHEMBL4764765","N#Cc1ccc(S(=O)(=O)N2C/C(=C\c3ccc(F)cc3)C(=O)/C(=C/c3ccc(F)cc3)C2)cc1","N#Cc1ccc(S(=O)(=O)N2C/C(=C\c3ccc(F)cc3)C(=O)/C(=C/c3ccc(F)cc3)C2)cc1"
"CHEMBL1089562","COc1cc(OC)c(/C=C2\CC/C(=C\c3c(OC)cc(OC)cc3OC)C2=O)c(OC)c1","COc1cc(OC)c(/C=C2\CC/C(=C\c3c(OC)cc(OC)cc3OC)C2=O)c(OC)c1"
"CHEMBL2005471","CC1CC/C(=C\c2ccc(F)cc2)C(=O)/C1=C/c1ccc(F)cc1","CC1CC/C(=C\c2ccc(F)cc2)C(=O)/C1=C/c1ccc(F)cc1"
"CHEMBL2261430","O=C(/C=C/c1ccc(OCC(=O)c2cccnc2)cc1)/C=C/c1ccc(OCC(=O)c2cccnc2)cc1","O=C(/C=C/c1ccc(OCC(=O)c2cccnc2)cc1)/C=C/c1ccc(OCC(=O)c2cccnc2)cc1"
"CHEMBL4780627","C=CCc1cc(/C=C2\CN(C(=O)c3ccc(F)cc3)C/C(=C\c3ccc(O)c(CC=C)c3)C2=O)ccc1O","C=CCc1cc(/C=C2\CN(C(=O)c3ccc(F)cc3)C/C(=C\c3ccc(O)c(CC=C)c3)C2=O)ccc1O"
"CHEMBL3941517","COc1cc(/C=C2\CC/C(=C\c3ccccc3Cl)C2=O)cc(OC)c1","COc1cc(/C=C2\CC/C(=C\c3ccccc3Cl)C2=O)cc(OC)c1"
"CHEMBL152675","C=CC(=O)N1C/C(=C\c2ccc(Cl)cc2)C(=O)/C(=C/c2ccc(Cl)cc2)C1","C=CC(=O)N1C/C(=C\c2ccc(Cl)cc2)C(=O)/C(=C/c2ccc(Cl)cc2)C1"
"CHEMBL478899","O=C1/C(=C/c2ccc(OC3CCCCO3)cc2)CC/C1=C\c1ccc(OC2CCCCO2)cc1","O=C1/C(=C/c2ccc(OC3CCCCO3)cc2)CC/C1=C\c1ccc(OC2CCCCO2)cc1"
"CHEMBL1288759","COc1ccc(/C=C/C(=O)/C=C/c2ccc(OCc3cn([C@H]4C[C@H](n5cc(C)c(=O)[nH]c5=O)O[C@@H]4CO)nn3)c(OC)c2)c(OC)c1","COc1ccc(/C=C/C(=O)/C=C/c2ccc(OCc3cn([C@H]4C[C@H](n5cc(C)c(=O)[nH]c5=O)O[C@@H]4CO)nn3)c(OC)c2)c(OC)c1"
"CHEMBL4649535","COc1cc(/C=C2\CCC/C(=C\c3cccc(O)c3)C2=O)cc(OC)c1OC","COc1cc(/C=C2\CCC/C(=C\c3cccc(O)c3)C2=O)cc(OC)c1OC"
"CHEMBL4101949","COc1cc(/C=C2\CC/C(=C\c3ccc(N4CCOCC4)cc3)C2=O)ccc1OC(=O)C(C)C","COc1cc(/C=C2\CC/C(=C\c3ccc(N4CCOCC4)cc3)C2=O)ccc1OC(=O)C(C)C"
"CHEMBL4530417","O=C1/C(=C/c2ccc(-n3nncc3C34CC5CC(CC(C5)C3)C4)cc2)CCC/C1=C\c1ccc(-n2nncc2C23CC4CC(CC(C4)C2)C3)cc1","O=C1/C(=C/c2ccc(-n3nncc3C34CC5CC(CC(C5)C3)C4)cc2)CCC/C1=C\c1ccc(-n2nncc2C23CC4CC(CC(C4)C2)C3)cc1"
"CHEMBL4546223","CCN1C/C(=C/c2cc(Cl)c(OC(C)C)c(OC)c2)C(=O)/C(=C/c2cc(Cl)c(OC(C)C)c(OC)c2)C1","CCN1C/C(=C/c2cc(Cl)c(OC(C)C)c(OC)c2)C(=O)/C(=C/c2cc(Cl)c(OC(C)C)c(OC)c2)C1"
"CHEMBL1090245","O=C1/C(=C/c2cccc(C(F)(F)F)c2F)CC/C1=C\c1cccc(C(F)(F)F)c1F","O=C1/C(=C/c2cccc(C(F)(F)F)c2F)CC/C1=C\c1cccc(C(F)(F)F)c1F"
"CHEMBL2402165","C=CCOc1ccc(/C=C2\CC/C(=C\c3ccc(OCC=C)cc3)C2=O)cc1","C=CCOc1ccc(/C=C2\CC/C(=C\c3ccc(OCC=C)cc3)C2=O)cc1"
"CHEMBL3216589","CN(C)Cc1cc(/C=C2\CCC/C(=C\c3ccc(O)c(CN(C)C)c3)C2=O)ccc1O.Cl.Cl","CN(C)Cc1cc(/C=C2\CCC/C(=C\c3ccc(O)c(CN(C)C)c3)C2=O)ccc1O.Cl.Cl"
"CHEMBL5288352","O=C(/C=C/c1cccc(F)c1)/C=C/c1cccc(F)c1","O=C(/C=C/c1cccc(F)c1)/C=C/c1cccc(F)c1"
"CHEMBL276080","O=C1/C(=C/c2ccc(O)c(O)c2)CC/C1=C\c1ccc(O)c(O)c1","O=C1/C(=C/c2ccc(O)c(O)c2)CC/C1=C\c1ccc(O)c(O)c1"
"CHEMBL3115567","C=CCOc1ccc(/C=C/C(=O)/C=C/c2ccc(F)cc2)c(O)c1","C=CCOc1ccc(/C=C/C(=O)/C=C/c2ccc(F)cc2)c(O)c1"
"CHEMBL1968521","O=C1/C(=C/c2ccc3c(c2)OCCO3)CCC/C1=C\c1ccc2c(c1)OCCO2","O=C1/C(=C/c2ccc3c(c2)OCCO3)CCC/C1=C\c1ccc2c(c1)OCCO2"
"CHEMBL3741593","COc1cc(/C=C/C(=O)/C=C/c2cccc(C(F)(F)F)c2F)ccc1O","COc1cc(/C=C/C(=O)/C=C/c2cccc(C(F)(F)F)c2F)ccc1O"
"CHEMBL3739643","COc1cc(/C=C/C(=O)/C=C/c2ccc(O)c(OC)c2)c(OC)c(OC)c1","COc1cc(/C=C/C(=O)/C=C/c2ccc(O)c(OC)c2)c(OC)c(OC)c1"
"CHEMBL1951694","CCCCOc1c(Br)cc(/C=C2\CCC/C(=C\c3ccc([N+](=O)[O-])cc3)C2=O)cc1OC","CCCCOc1c(Br)cc(/C=C2\CCC/C(=C\c3ccc([N+](=O)[O-])cc3)C2=O)cc1OC"
"CHEMBL1966211","Cl.O=C1/C(=C/c2ccc(Cl)c(Cl)c2)CN(C(=O)CCN2CCOCC2)C/C1=C\c1ccc(Cl)c(Cl)c1","Cl.O=C1/C(=C/c2ccc(Cl)c(Cl)c2)CN(C(=O)CCN2CCOCC2)C/C1=C\c1ccc(Cl)c(Cl)c1"
"CHEMBL1730238","O=C1C(Br)=C(c2ccccc2)C(c2ccccc2)=C1c1ccccc1","O=C1C(Br)=C(c2ccccc2)C(c2ccccc2)=C1c1ccccc1"
"CHEMBL1975302","O=C1/C(=C/c2ccccc2)CN(C(=O)/C=C/c2ccccc2)C/C1=C\c1ccccc1","O=C1/C(=C/c2ccccc2)CN(C(=O)/C=C/c2ccccc2)C/C1=C\c1ccccc1"
"CHEMBL3741637","COc1cc(/C=C/C(=O)/C=C/c2ccc([N+](=O)[O-])cc2[N+](=O)[O-])ccc1O","COc1cc(/C=C/C(=O)/C=C/c2ccc([N+](=O)[O-])cc2[N+](=O)[O-])ccc1O"
"CHEMBL517196","Cl.O=C1/C(=C/c2ccccc2)CN(C(=O)c2ccc(OCCN3CCCCC3)cc2)C/C1=C\c1ccccc1","Cl.O=C1/C(=C/c2ccccc2)CN(C(=O)c2ccc(OCCN3CCCCC3)cc2)C/C1=C\c1ccccc1"
"CHEMBL2036328","Cl.O=C1/C(=C/c2ccc(Br)cc2)CNC/C1=C\c1ccc(Br)cc1","Cl.O=C1/C(=C/c2ccc(Br)cc2)CNC/C1=C\c1ccc(Br)cc1"
"CHEMBL4644654","O=C1/C(=C/c2ccc([N+](=O)[O-])cc2)CN(C(=O)C(Cl)Cl)C/C1=C\c1ccc([N+](=O)[O-])cc1","O=C1/C(=C/c2ccc([N+](=O)[O-])cc2)CN(C(=O)C(Cl)Cl)C/C1=C\c1ccc([N+](=O)[O-])cc1"
"CHEMBL4637754","COc1ccc(/C=C2\CN(C(=O)C(Cl)Cl)C/C(=C\c3ccc(OC)cc3)C2=O)cc1","COc1ccc(/C=C2\CN(C(=O)C(Cl)Cl)C/C(=C\c3ccc(OC)cc3)C2=O)cc1"
"CHEMBL2036329","Cl.O=C1/C(=C/c2ccc(O)cc2)CNC/C1=C\c1ccc(O)cc1","Cl.O=C1/C(=C/c2ccc(O)cc2)CNC/C1=C\c1ccc(O)cc1"
"CHEMBL1939691","COc1ccccc1/C=C/C(=O)/C=C/c1ccccc1O","COc1ccccc1/C=C/C(=O)/C=C/c1ccccc1O"
"CHEMBL4644692","O=C1/C(=C/c2ccccc2)CN(C(=O)C(Cl)Cl)C/C1=C\c1ccccc1","O=C1/C(=C/c2ccccc2)CN(C(=O)C(Cl)Cl)C/C1=C\c1ccccc1"
"CHEMBL4644904","COc1cc(/C=C2\CN(C(=O)C(Cl)Cl)C/C(=C\c3cc(OC)c(OC)c(OC)c3)C2=O)cc(OC)c1OC","COc1cc(/C=C2\CN(C(=O)C(Cl)Cl)C/C(=C\c3cc(OC)c(OC)c(OC)c3)C2=O)cc(OC)c1OC"
"CHEMBL4648701","O=C1/C(=C/c2ccc(Cl)cc2)CN(C(=O)c2cc(Cc3n[nH]c(=O)c4ccccc34)ccc2F)C/C1=C\c1ccc(Cl)cc1","O=C1/C(=C/c2ccc(Cl)cc2)CN(C(=O)c2cc(Cc3n[nH]c(=O)c4ccccc34)ccc2F)C/C1=C\c1ccc(Cl)cc1"
"CHEMBL48233","N=C(N)c1ccc(/C=C2\CCCC/C(=C\c3ccc(C(=N)N)cc3)C2=O)cc1","N=C(N)c1ccc(/C=C2\CCCC/C(=C\c3ccc(C(=N)N)cc3)C2=O)cc1"
"CHEMBL2006110","O=C1/C(=C\c2ccc(O)cc2)CCC/C1=C/c1ccc(Cl)c(Cl)c1","O=C1/C(=C\c2ccc(O)cc2)CCC/C1=C/c1ccc(Cl)c(Cl)c1"
"CHEMBL1713464","CN(C)c1ccc(/C=C2/C[N+](C)(C)C/C(=C/c3ccc(N(C)C)cc3)C2=O)cc1.[I-]","CN(C)c1ccc(/C=C2/C[N+](C)(C)C/C(=C/c3ccc(N(C)C)cc3)C2=O)cc1.[I-]"
"CHEMBL1740046","CN(C)c1ccc(/C=C2/C[N+](C)(C)C/C(=C/c3ccc(N(C)C)cc3)C2=O)cc1","CN(C)c1ccc(/C=C2/C[N+](C)(C)C/C(=C/c3ccc(N(C)C)cc3)C2=O)cc1"
"CHEMBL3765957","CCN(CC)Cc1cc(/C=C2\CNC/C(=C\c3ccc(O)c(CN(CC)CC)c3)C2=O)ccc1O","CCN(CC)Cc1cc(/C=C2\CNC/C(=C\c3ccc(O)c(CN(CC)CC)c3)C2=O)ccc1O"
"CHEMBL1992142","CC1(C)O/C(=C\c2ccccc2)C(=O)/C(=C/c2ccccc2)O1","CC1(C)O/C(=C\c2ccccc2)C(=O)/C(=C/c2ccccc2)O1"
"CHEMBL1767203","CN(C)c1ccc(/C=C/C(=O)/C=C/c2ccc(OCCOCCF)cc2)cc1","CN(C)c1ccc(/C=C/C(=O)/C=C/c2ccc(OCCOCCF)cc2)cc1"
"CHEMBL518736","Cc1ccc(C)c(/C=C2\CCC/C(=C\c3cc(C)ccc3C)C2=O)c1","Cc1ccc(C)c(/C=C2\CCC/C(=C\c3cc(C)ccc3C)C2=O)c1"
"CHEMBL2002687","O=C(/C=C/c1ccc(Cl)cc1)Oc1ccc(/C=C2/CCC/C(=C\c3ccc(OC(=O)/C=C/c4ccc(Cl)cc4)cc3)C2=O)cc1","O=C(/C=C/c1ccc(Cl)cc1)Oc1ccc(/C=C2/CCC/C(=C\c3ccc(OC(=O)/C=C/c4ccc(Cl)cc4)cc3)C2=O)cc1"
"CHEMBL2005992","CN(C)CCCOc1ccc(/C=C2/CCC/C(=C/c3ccc(OCCCN(C)C)cc3)C2=O)cc1","CN(C)CCCOc1ccc(/C=C2/CCC/C(=C/c3ccc(OCCCN(C)C)cc3)C2=O)cc1"
"CHEMBL1271847","CCOP(=O)(OCC)N1C/C(=C\c2cccc([N+](=O)[O-])c2)C(=O)/C(=C/c2cccc([N+](=O)[O-])c2)C1","CCOP(=O)(OCC)N1C/C(=C\c2cccc([N+](=O)[O-])c2)C(=O)/C(=C/c2cccc([N+](=O)[O-])c2)C1"
"CHEMBL497538","O=C1/C(=C/c2ccc(F)cc2)CCC/C1=C\c1ccc([N+](=O)[O-])cc1","O=C1/C(=C/c2ccc(F)cc2)CCC/C1=C\c1ccc([N+](=O)[O-])cc1"
"CHEMBL494973","COc1cc(/C=C2\CCC/C(=C\c3cccc([N+](=O)[O-])c3)C2=O)cc(OC)c1OC","COc1cc(/C=C2\CCC/C(=C\c3cccc([N+](=O)[O-])c3)C2=O)cc(OC)c1OC"
"CHEMBL517667","O=C1/C(=C/c2ccccc2F)CCC/C1=C\c1ccccc1F","O=C1/C(=C/c2ccccc2F)CCC/C1=C\c1ccccc1F"
"CHEMBL2391731","CN(C)Cc1cc(/C=C/C(=O)/C=C/c2ccc(O)c(CN(C)C)c2)ccc1O","CN(C)Cc1cc(/C=C/C(=O)/C=C/c2ccc(O)c(CN(C)C)c2)ccc1O"
"CHEMBL1093208","O=C1/C(=C/c2c(F)cccc2F)CCC/C1=C\c1c(F)cccc1F","O=C1/C(=C/c2c(F)cccc2F)CCC/C1=C\c1c(F)cccc1F"
"CHEMBL516349","CN1C2CCC1/C(=C\c1ccccc1)C(=O)/C2=C/c1ccccc1","CN1C2CCC1/C(=C\c1ccccc1)C(=O)/C2=C/c1ccccc1"
"CHEMBL1929148","COc1ccc(/C=C/c2cc(OC)cc(OC)c2/C=C/C(=O)/C=C/c2ccccc2O[N+](=O)[O-])cc1","COc1ccc(/C=C/c2cc(OC)cc(OC)c2/C=C/C(=O)/C=C/c2ccccc2O[N+](=O)[O-])cc1"
"CHEMBL577109","CCOC(=O)[C@H](Cc1ccc(O)cc1)NC(=O)/C=C\C(=O)N1C/C(=C\c2ccccc2)C(=O)/C(=C/c2ccccc2)C1","CCOC(=O)[C@H](Cc1ccc(O)cc1)NC(=O)/C=C\C(=O)N1C/C(=C\c2ccccc2)C(=O)/C(=C/c2ccccc2)C1"
"CHEMBL591282","COc1cc(/C=C/C(=O)/C=C/c2cc(OC)c(OCc3cn(Cc4ccc(OC5CCCCO5)cc4)nn3)c(OC)c2)cc(OC)c1OC","COc1cc(/C=C/C(=O)/C=C/c2cc(OC)c(OCc3cn(Cc4ccc(OC5CCCCO5)cc4)nn3)c(OC)c2)cc(OC)c1OC"
"CHEMBL598526","CCOC(C)Oc1c(OC)cc(/C=C/C(=O)/C=C/c2cc(OC)c(OC)c(OC)c2)cc1OC","CCOC(C)Oc1c(OC)cc(/C=C/C(=O)/C=C/c2cc(OC)c(OC)c(OC)c2)cc1OC"
"CHEMBL577324","CCOC(=O)[C@@H](NC(=O)/C=C\C(=O)N1C/C(=C\c2ccc([N+](=O)[O-])cc2)C(=O)/C(=C/c2ccc([N+](=O)[O-])cc2)C1)C(C)C","CCOC(=O)[C@@H](NC(=O)/C=C\C(=O)N1C/C(=C\c2ccc([N+](=O)[O-])cc2)C(=O)/C(=C/c2ccc([N+](=O)[O-])cc2)C1)C(C)C"
"CHEMBL1981368","COc1ccc(/C=C2\CCC/C(=C\c3ccc(O)c(CN4CCCCC4)c3)C2=O)cc1","COc1ccc(/C=C2\CCC/C(=C\c3ccc(O)c(CN4CCCCC4)c3)C2=O)cc1"
"CHEMBL1096831","C=C(Br)C(=O)Nc1cccc(/C=C2\CN(C(=O)OCC)C/C(=C\c3cccc(NC(=O)C(=C)Br)c3)C2=O)c1","C=C(Br)C(=O)Nc1cccc(/C=C2\CN(C(=O)OCC)C/C(=C\c3cccc(NC(=O)C(=C)Br)c3)C2=O)c1"
"CHEMBL496340","O=C1/C(=C/c2ccc(Cl)cc2)CC/C1=C\c1ccc(Cl)cc1","O=C1/C(=C/c2ccc(Cl)cc2)CC/C1=C\c1ccc(Cl)cc1"
"CHEMBL498193","O=C1/C(=C/c2ccc(C(F)(F)F)cc2)CCC/C1=C\c1ccc(C(F)(F)F)cc1","O=C1/C(=C/c2ccc(C(F)(F)F)cc2)CCC/C1=C\c1ccc(C(F)(F)F)cc1"
"CHEMBL1255827","CCOc1cc(/C=C2\CN(C(=O)CCC(=O)NCCCNCCCCNCCCN)C/C(=C\c3ccc(O)c(OCC)c3)C2=O)ccc1O","CCOc1cc(/C=C2\CN(C(=O)CCC(=O)NCCCNCCCCNCCCN)C/C(=C\c3ccc(O)c(OCC)c3)C2=O)ccc1O"
"CHEMBL2205175","COc1cc(/C=C/C(=O)C(=Cc2ccc(N(C)C)cc2)C(=O)/C=C/c2ccc(O)c(OC)c2)ccc1O","COc1cc(/C=C/C(=O)C(=Cc2ccc(N(C)C)cc2)C(=O)/C=C/c2ccc(O)c(OC)c2)ccc1O"
"CHEMBL1894539","COc1cc(C=C2CCCC(=Cc3ccc(OCC4CO4)c(OC)c3)C2=O)ccc1OCC1CO1","COc1cc(C=C2CCCC(=Cc3ccc(OCC4CO4)c(OC)c3)C2=O)ccc1OCC1CO1"
"CHEMBL360461","COc1ccc(/C=C2\Cc3ccccc3/C(=C\c3ccc([N+](=O)[O-])cc3)C2=O)cc1","COc1ccc(/C=C2\Cc3ccccc3/C(=C\c3ccc([N+](=O)[O-])cc3)C2=O)cc1"
"CHEMBL5641678","COc1cccc(OC)c1/C=C/C(=O)/C=C/c1ccc(-n2ccnc2C)cc1","COc1cccc(OC)c1/C=C/C(=O)/C=C/c1ccc(-n2ccnc2C)cc1"
"CHEMBL1814482","CC1(C)C=C(CN2C/C(=C\c3ccccc3F)C(=O)/C(=C/c3ccccc3F)C2)C(C)(C)N1[O]","CC1(C)C=C(CN2C/C(=C\c3ccccc3F)C(=O)/C(=C/c3ccccc3F)C2)C(C)(C)N1[O]"
"CHEMBL2012931","O=C1/C(=C/c2ccccc2)CN(C(=O)/C=C/C(=O)N2C/C(=C\c3ccccc3)C(=O)/C(=C/c3ccccc3)C2)C/C1=C\c1ccccc1","O=C1/C(=C/c2ccccc2)CN(C(=O)/C=C/C(=O)N2C/C(=C\c3ccccc3)C(=O)/C(=C/c3ccccc3)C2)C/C1=C\c1ccccc1"
"CHEMBL1800973","CCc1ccc(C=C(C(=O)/C=C/c2ccc(OC)c(OC)c2)C(=O)/C=C/c2ccc(OC)c(OC)c2)cc1","CCc1ccc(C=C(C(=O)/C=C/c2ccc(OC)c(OC)c2)C(=O)/C=C/c2ccc(OC)c(OC)c2)cc1"
"CHEMBL3115559","C=CCc1cc(/C=C/C(=O)/C=C/c2ccc(O)c(CC=C)c2)ccc1O","C=CCc1cc(/C=C/C(=O)/C=C/c2ccc(O)c(CC=C)c2)ccc1O"
"CHEMBL3115544","C=CCc1cc(/C=C/C(=O)/C=C/c2ccc(Br)cc2)ccc1OC","C=CCc1cc(/C=C/C(=O)/C=C/c2ccc(Br)cc2)ccc1OC"
"CHEMBL259008","O=C(/C=C/c1cc(Br)c(O)c(Br)c1)/C=C/c1cc(Br)c(O)c(Br)c1","O=C(/C=C/c1cc(Br)c(O)c(Br)c1)/C=C/c1cc(Br)c(O)c(Br)c1"
"CHEMBL259803","O=C(/C=C/c1ccc(O)c(F)c1)/C=C/c1ccc(O)c(F)c1","O=C(/C=C/c1ccc(O)c(F)c1)/C=C/c1ccc(O)c(F)c1"
"CHEMBL259324","O=C1/C(=C/c2cc(Br)c(O)c(Br)c2)COC/C1=C\c1cc(Br)c(O)c(Br)c1","O=C1/C(=C/c2cc(Br)c(O)c(Br)c2)COC/C1=C\c1cc(Br)c(O)c(Br)c1"
"CHEMBL3219867","CCC(=O)Oc1ccc(/C=C/C(=O)/C=C/c2ccc(Cl)cc2)cc1","CCC(=O)Oc1ccc(/C=C/C(=O)/C=C/c2ccc(Cl)cc2)cc1"
"CHEMBL1448503","CCCN1C/C(=C/c2ccc3c(c2)OCO3)C(=O)/C(=C/c2ccc3c(c2)OCO3)C1","CCCN1C/C(=C/c2ccc3c(c2)OCO3)C(=O)/C(=C/c2ccc3c(c2)OCO3)C1"
"CHEMBL392121","O=C(/C=C/C(=O)N1C/C(=C\c2ccccc2)C(=O)/C(=C/c2ccccc2)C1)Nc1ccc(Cl)cc1","O=C(/C=C/C(=O)N1C/C(=C\c2ccccc2)C(=O)/C(=C/c2ccccc2)C1)Nc1ccc(Cl)cc1"
"CHEMBL261480","O=C1/C(=C/c2cc(Br)c(O)c(Br)c2)CN(Cc2ccccc2)C/C1=C\c1cc(Br)c(O)c(Br)c1","O=C1/C(=C/c2cc(Br)c(O)c(Br)c2)CN(Cc2ccccc2)C/C1=C\c1cc(Br)c(O)c(Br)c1"
"CHEMBL597911","COCOc1ccc(/C=C/C(=O)/C=C/c2cc(OC)c(OCOC)c(OCOC)c2)cc1OCOC","COCOc1ccc(/C=C/C(=O)/C=C/c2cc(OC)c(OCOC)c(OCOC)c2)cc1OCOC"
"CHEMBL1795865","O=C1/C(=C/c2ccc3[nH]ccc3c2)CNC/C1=C\c1ccc2[nH]ccc2c1","O=C1/C(=C/c2ccc3[nH]ccc3c2)CNC/C1=C\c1ccc2[nH]ccc2c1"
"CHEMBL3740460","COc1cc(/C=C/C(=O)/C=C/c2ccccc2Br)ccc1O","COc1cc(/C=C/C(=O)/C=C/c2ccccc2Br)ccc1O"
"CHEMBL3740685","COc1ccc(F)c(/C=C/C(=O)/C=C/c2ccc(O)c(OC)c2)c1","COc1ccc(F)c(/C=C/C(=O)/C=C/c2ccc(O)c(OC)c2)c1"
"CHEMBL3741897","COc1cc(/C=C/C(=O)/C=C/c2cc(F)ccc2F)ccc1O","COc1cc(/C=C/C(=O)/C=C/c2cc(F)ccc2F)ccc1O"
"CHEMBL3740957","COc1cc(/C=C/C(=O)/C=C/c2ccc(C(C)C)cc2)ccc1O","COc1cc(/C=C/C(=O)/C=C/c2ccc(C(C)C)cc2)ccc1O"
"CHEMBL3986018","C=CCc1cc(/C=C2\CN(C3CC3)C/C(=C\c3ccc(OC(C)(C)C)cc3)C2=O)ccc1O","C=CCc1cc(/C=C2\CN(C3CC3)C/C(=C\c3ccc(OC(C)(C)C)cc3)C2=O)ccc1O"
"CHEMBL3991124","NCCCNCCCCNCCCNC(=O)CCC(=O)N1C/C(=C/c2cccc(O)c2)C(=O)/C(=C/c2cccc(O)c2)C1","NCCCNCCCCNCCCNC(=O)CCC(=O)N1C/C(=C/c2cccc(O)c2)C(=O)/C(=C/c2cccc(O)c2)C1"
"CHEMBL1720734","C=CC(=O)N1C/C(=C/c2ccc(Cl)cc2)C(=O)/C(=C\c2ccc(Cl)cc2)C1","C=CC(=O)N1C/C(=C/c2ccc(Cl)cc2)C(=O)/C(=C\c2ccc(Cl)cc2)C1"
"CHEMBL4066382","O=C1/C(=C/c2cccc(O)c2)COC/C1=C\c1ccccc1F","O=C1/C(=C/c2cccc(O)c2)COC/C1=C\c1ccccc1F"
"CHEMBL5307683","Cl.N[C@@H](Cc1ccccc1)C(=O)N1C/C(=C\c2ccc(Cl)c(Cl)c2)C(=O)/C(=C/c2ccc(Cl)c(Cl)c2)C1","Cl.N[C@@H](Cc1ccccc1)C(=O)N1C/C(=C\c2ccc(Cl)c(Cl)c2)C(=O)/C(=C/c2ccc(Cl)c(Cl)c2)C1"
"CHEMBL465517","CCN(CC)CCOc1ccc(C(=O)N2C/C(=C\c3ccc(C)cc3)C(=O)/C(=C/c3ccc(C)cc3)C2)cc1.Cl","CCN(CC)CCOc1ccc(C(=O)N2C/C(=C\c3ccc(C)cc3)C(=O)/C(=C/c3ccc(C)cc3)C2)cc1.Cl"
"CHEMBL510850","Cl.O=C1/C(=C/c2ccc([N+](=O)[O-])cc2)CN(C(=O)c2ccc(OCCN3CCCCC3)cc2)C/C1=C\c1ccc([N+](=O)[O-])cc1","Cl.O=C1/C(=C/c2ccc([N+](=O)[O-])cc2)CN(C(=O)c2ccc(OCCN3CCCCC3)cc2)C/C1=C\c1ccc([N+](=O)[O-])cc1"
"CHEMBL499648","Cc1ccc(/C=C2\CN(C(=O)c3ccc(OCCN4CCCCC4)cc3)C/C(=C\c3ccc(C)cc3)C2=O)cc1.Cl","Cc1ccc(/C=C2\CN(C(=O)c3ccc(OCCN4CCCCC4)cc3)C/C(=C\c3ccc(C)cc3)C2=O)cc1.Cl"
"CHEMBL3115562","COc1cc(/C=C2\CC/C(=C\c3ccc(OCC=C(C)C)c(OC)c3)C2=O)ccc1OCC=C(C)C","COc1cc(/C=C2\CC/C(=C\c3ccc(OCC=C(C)C)c(OC)c3)C2=O)ccc1OCC=C(C)C"
"CHEMBL473575","COc1ccc(/C=C2\CN(C)C/C(=C\c3ccc(OC)cc3)C2=O)cc1","COc1ccc(/C=C2\CN(C)C/C(=C\c3ccc(OC)cc3)C2=O)cc1"
"CHEMBL4802355","COc1cc(/C=C2\CC/C(=C\c3ccc(OCCCN4CCCCCC4)c(OC)c3)C2=O)ccc1OCCCN1CCCCCC1","COc1cc(/C=C2\CC/C(=C\c3ccc(OCCCN4CCCCCC4)c(OC)c3)C2=O)ccc1OCCCN1CCCCCC1"
"CHEMBL1288761","COc1cc(/C=C/C(=O)/C=C/c2ccc(Cl)cc2Cl)ccc1OCc1cn([C@H]2C[C@H](n3cc(C)c(=O)[nH]c3=O)O[C@@H]2CO)nn1","COc1cc(/C=C/C(=O)/C=C/c2ccc(Cl)cc2Cl)ccc1OCc1cn([C@H]2C[C@H](n3cc(C)c(=O)[nH]c3=O)O[C@@H]2CO)nn1"
"CHEMBL1289760","C[n+]1cccc2cc(/C=C3/CCC/C(=C/c4ccc5c(ccc[n+]5C)c4)C3=O)ccc21.[I-].[I-]","C[n+]1cccc2cc(/C=C3/CCC/C(=C/c4ccc5c(ccc[n+]5C)c4)C3=O)ccc21.[I-].[I-]"
"CHEMBL1529978","CCOc1cc(/C=C2\CN(C)C/C(=C\c3ccc(O)c(OCC)c3)C2=O)ccc1O.Cl","CCOc1cc(/C=C2\CN(C)C/C(=C\c3ccc(O)c(OCC)c3)C2=O)ccc1O.Cl"
"CHEMBL3978110","COc1ccc(/C=C/c2cc(OC)cc(OC)c2/C=C/C(=O)/C=C/c2ccc(OC(C)(C)C)cc2)cc1","COc1ccc(/C=C/c2cc(OC)cc(OC)c2/C=C/C(=O)/C=C/c2ccc(OC(C)(C)C)cc2)cc1"
"CHEMBL2028490","O=C1/C(=C/c2ccc(C(=O)[O-])cc2)CNC/C1=C\c1ccc(C(=O)O)cc1.[K+]","O=C1/C(=C/c2ccc(C(=O)[O-])cc2)CNC/C1=C\c1ccc(C(=O)O)cc1.[K+]"
"CHEMBL2009239","O=C1/C(=C/c2ccc(C(=O)O)cc2)CNC/C1=C\c1ccc(C(=O)O)cc1","O=C1/C(=C/c2ccc(C(=O)O)cc2)CNC/C1=C\c1ccc(C(=O)O)cc1"
"CHEMBL1990671","C[N+]1(C)C/C(=C\c2ccccc2)C(=O)/C(=C/c2ccccc2)C1.[Br-]","C[N+]1(C)C/C(=C\c2ccccc2)C(=O)/C(=C/c2ccccc2)C1.[Br-]"
"CHEMBL5639524","COc1cc(/C=C/C(=O)/C=C/c2c(OC)cccc2OC)ccc1-c1ccccc1","COc1cc(/C=C/C(=O)/C=C/c2c(OC)cccc2OC)ccc1-c1ccccc1"
"CHEMBL5641861","CCCOc1ccc(/C=C/C(=O)/C=C/c2c(OC)cccc2OC)cc1","CCCOc1ccc(/C=C/C(=O)/C=C/c2c(OC)cccc2OC)cc1"
"CHEMBL1623576","CCOc1cc(/C=C2\CN(C)C/C(=C\c3ccc(O)c(OCC)c3)C2=O)ccc1O","CCOc1cc(/C=C2\CN(C)C/C(=C\c3ccc(O)c(OCC)c3)C2=O)ccc1O"
"CHEMBL237014","Cc1cccc(C)c1NC(=O)/C=C/C(=O)N1C/C(=C\c2ccc([N+](=O)[O-])cc2)C(=O)/C(=C/c2ccc([N+](=O)[O-])cc2)C1","Cc1cccc(C)c1NC(=O)/C=C/C(=O)N1C/C(=C\c2ccc([N+](=O)[O-])cc2)C(=O)/C(=C/c2ccc([N+](=O)[O-])cc2)C1"
"CHEMBL2297365","COc1cccc(/C=C2\CNC/C(=C\c3cccc(OC)c3)C2=O)c1","COc1cccc(/C=C2\CNC/C(=C\c3cccc(OC)c3)C2=O)c1"
"CHEMBL2297366","O=C1/C(=C/c2cccc(Br)c2)CNC/C1=C\c1cccc(Br)c1","O=C1/C(=C/c2cccc(Br)c2)CNC/C1=C\c1cccc(Br)c1"
"CHEMBL3215929","CN(C)Cc1cc(/C=C/C(=O)/C=C/c2ccc(O)c(CN(C)C)c2)ccc1O.Cl.Cl","CN(C)Cc1cc(/C=C/C(=O)/C=C/c2ccc(O)c(CN(C)C)c2)ccc1O.Cl.Cl"
"CHEMBL484992","CN(C)c1ccc(/C=C2\CNC/C(=C\c3ccc(N(C)C)cc3)C2=O)cc1","CN(C)c1ccc(/C=C2\CNC/C(=C\c3ccc(N(C)C)cc3)C2=O)cc1"
"CHEMBL1253943","O=C(O)/C=C\C(=O)N1C/C(=C\c2ccccc2Cl)C(=O)/C(=C/c2ccccc2Cl)C1","O=C(O)/C=C\C(=O)N1C/C(=C\c2ccccc2Cl)C(=O)/C(=C/c2ccccc2Cl)C1"
"CHEMBL1720897","CN(C)CCC(=O)N1C/C(=C/c2ccccc2)C(=O)/C(=C\c2ccccc2)C1.Cl","CN(C)CCC(=O)N1C/C(=C/c2ccccc2)C(=O)/C(=C\c2ccccc2)C1.Cl"
"CHEMBL3219580","O=C(/C=C/c1ccc(F)cc1)/C=C/c1ccc(OCc2ccc([N+](=O)[O-])cc2)cc1","O=C(/C=C/c1ccc(F)cc1)/C=C/c1ccc(OCc2ccc([N+](=O)[O-])cc2)cc1"
"CHEMBL1612227","COc1cc(OC)c(OC)cc1/C=C1\CC(C)C/C(=C\c2cc(OC)c(OC)cc2OC)C1=O","COc1cc(OC)c(OC)cc1/C=C1\CC(C)C/C(=C\c2cc(OC)c(OC)cc2OC)C1=O"
"CHEMBL151678","COc1ccc(/C=C2\CNC/C(=C\c3ccc(OC)cc3)C2=O)cc1","COc1ccc(/C=C2\CNC/C(=C\c3ccc(OC)cc3)C2=O)cc1"
"CHEMBL3105496","O=C1/C(=C/c2ccccc2F)CC/C1=C\c1ccccc1F","O=C1/C(=C/c2ccccc2F)CC/C1=C\c1ccccc1F"
"CHEMBL1564522","COc1cc(/C=C2\CC(C)C/C(=C\c3cc(OC)c(OC)c(OC)c3)C2=O)cc(OC)c1OC","COc1cc(/C=C2\CC(C)C/C(=C\c3cc(OC)c(OC)c(OC)c3)C2=O)cc(OC)c1OC"
"CHEMBL2386416","O=C1/C(=C/c2cccc(O)c2)CNC/C1=C\c1cccc(O)c1","O=C1/C(=C/c2cccc(O)c2)CNC/C1=C\c1cccc(O)c1"
"CHEMBL2001196","Cc1ccc(/C=C/C(=O)Oc2ccc(/C=C3\CCC/C(=C\c4ccc(OC(=O)/C=C/c5ccc(C)cc5)cc4)C3=O)cc2)cc1","Cc1ccc(/C=C/C(=O)Oc2ccc(/C=C3\CCC/C(=C\c4ccc(OC(=O)/C=C/c5ccc(C)cc5)cc4)C3=O)cc2)cc1"
"CHEMBL577325","CCOC(=O)[C@H](CCSC)NC(=O)/C=C\C(=O)N1C/C(=C\c2ccc([N+](=O)[O-])cc2)C(=O)/C(=C/c2ccc([N+](=O)[O-])cc2)C1","CCOC(=O)[C@H](CCSC)NC(=O)/C=C\C(=O)N1C/C(=C\c2ccc([N+](=O)[O-])cc2)C(=O)/C(=C/c2ccc([N+](=O)[O-])cc2)C1"
"CHEMBL340775","Cl.O=C1/C(=C/c2ccc(O)c(O)c2)CNC/C1=C\c1ccc(O)c(O)c1","Cl.O=C1/C(=C/c2ccc(O)c(O)c2)CNC/C1=C\c1ccc(O)c(O)c1"
"CHEMBL1161516","O=C1/C(=C/c2ccc(O)c(O)c2)CNC/C1=C\c1ccc(O)c(O)c1","O=C1/C(=C/c2ccc(O)c(O)c2)CNC/C1=C\c1ccc(O)c(O)c1"
"CHEMBL3221212","O=C1/C(=C/c2c(Cl)cccc2Cl)CN(S(=O)(=O)c2ccccc2)C/C1=C\c1c(Cl)cccc1Cl","O=C1/C(=C/c2c(Cl)cccc2Cl)CN(S(=O)(=O)c2ccccc2)C/C1=C\c1c(Cl)cccc1Cl"
"CHEMBL1979107","O=C(O)CCC(=O)N1C/C(=C\c2ccccc2)C(=O)/C(=C/c2ccccc2)C1","O=C(O)CCC(=O)N1C/C(=C\c2ccccc2)C(=O)/C(=C/c2ccccc2)C1"
"CHEMBL242295","COc1ccc(/C=C/C(=O)/C=C/c2ccc([N+](=O)[O-])cc2)cc1","COc1ccc(/C=C/C(=O)/C=C/c2ccc([N+](=O)[O-])cc2)cc1"
"CHEMBL3797560","COc1ccccc1/C=C/C(=O)/C=C/c1ccc(OCc2cn(CCOc3cc(=O)oc4ccccc34)nn2)c(OC)c1","COc1ccccc1/C=C/C(=O)/C=C/c1ccc(OCc2cn(CCOc3cc(=O)oc4ccccc34)nn2)c(OC)c1"
"CHEMBL5288620","COc1cc(COc2cn(CCOc3cc(=O)oc4ccccc34)nn2)ccc1/C=C/C(=O)/C=C/c1ccc(OC)c(OC)c1","COc1cc(COc2cn(CCOc3cc(=O)oc4ccccc34)nn2)ccc1/C=C/C(=O)/C=C/c1ccc(OC)c(OC)c1"
"CHEMBL5189615","O=C1/C(=C/c2ccccc2Cl)COC/C1=C\c1ccccc1Cl","O=C1/C(=C/c2ccccc2Cl)COC/C1=C\c1ccccc1Cl"
"CHEMBL1987720","COc1ccc(/C=C2\CSC/C(=C\c3ccc(OC)c(OC)c3OC)C2=O)c(OC)c1OC","COc1ccc(/C=C2\CSC/C(=C\c3ccc(OC)c(OC)c3OC)C2=O)c(OC)c1OC"
"CHEMBL3934825","COc1ccc(/C=C2\CC(C(=O)Nc3cccc(N4CCN(C)CC4)c3)C/C(=C\c3ccc(OC)cc3)C2=O)cc1","COc1ccc(/C=C2\CC(C(=O)Nc3cccc(N4CCN(C)CC4)c3)C/C(=C\c3ccc(OC)cc3)C2=O)cc1"
"CHEMBL3410530","COc1ccc(/C=C2\CS(=O)(=O)C/C(=C\c3ccc(OC)c([N+](=O)[O-])c3)C2=O)cc1[N+](=O)[O-]","COc1ccc(/C=C2\CS(=O)(=O)C/C(=C\c3ccc(OC)c([N+](=O)[O-])c3)C2=O)cc1[N+](=O)[O-]"
"CHEMBL1970467","CN1C(c2ccccc2)=CC(=O)C(O)=C(c2ccccc2)S1(=O)=O","CN1C(c2ccccc2)=CC(=O)C(O)=C(c2ccccc2)S1(=O)=O"
"CHEMBL2396881","COc1ccc2c(c1)C=C(C(=O)/C=C/c1ccc(OC)cc1OC)CO2","COc1ccc2c(c1)C=C(C(=O)/C=C/c1ccc(OC)cc1OC)CO2"
"CHEMBL1094120","Nc1cccc(/C=C/C(=O)/C=C/c2cccc(N)c2)c1","Nc1cccc(/C=C/C(=O)/C=C/c2cccc(N)c2)c1"
"CHEMBL1897683","COc1ccc(OC(=O)N2C/C(=C/c3ccccc3)C(=O)/C(=C\c3ccccc3)C2)cc1","COc1ccc(OC(=O)N2C/C(=C/c3ccccc3)C(=O)/C(=C\c3ccccc3)C2)cc1"
"CHEMBL514971","Cc1ccc(/C=C2/C(=O)/C(=C/c3ccc(C)cc3)C3CCC2N3C)cc1","Cc1ccc(/C=C2/C(=O)/C(=C/c3ccc(C)cc3)C3CCC2N3C)cc1"
"CHEMBL3818489","COc1ccc(/C=C(\C)C(=O)/C=C/c2ccc(F)cc2)cc1","COc1ccc(/C=C(\C)C(=O)/C=C/c2ccc(F)cc2)cc1"
"CHEMBL577533","CCOC(=O)[C@H](Cc1c[nH]c2ccccc12)NC(=O)/C=C\C(=O)N1C/C(=C\c2ccc([N+](=O)[O-])cc2)C(=O)/C(=C/c2ccc([N+](=O)[O-])cc2)C1","CCOC(=O)[C@H](Cc1c[nH]c2ccccc12)NC(=O)/C=C\C(=O)N1C/C(=C\c2ccc([N+](=O)[O-])cc2)C(=O)/C(=C/c2ccc([N+](=O)[O-])cc2)C1"
"CHEMBL4740623","CCOP(=O)(OCC)C(c1ccc(F)cc1)N1C/C(=C\c2ccc([N+](=O)[O-])cc2)C(=O)/C(=C/c2ccc([N+](=O)[O-])cc2)C1","CCOP(=O)(OCC)C(c1ccc(F)cc1)N1C/C(=C\c2ccc([N+](=O)[O-])cc2)C(=O)/C(=C/c2ccc([N+](=O)[O-])cc2)C1"
"CHEMBL1802466","O=C1/C(=C/c2ccc(O)c(Br)c2)CN(CCCc2ccccc2)C/C1=C\c1ccc(O)c(Br)c1","O=C1/C(=C/c2ccc(O)c(Br)c2)CN(CCCc2ccccc2)C/C1=C\c1ccc(O)c(Br)c1"
"CHEMBL1271675","CCOP(=O)(OCC)N1C/C(=C\c2ccc(OC)cc2)C(=O)/C(=C/c2ccc(OC)cc2)C1","CCOP(=O)(OCC)N1C/C(=C\c2ccc(OC)cc2)C(=O)/C(=C/c2ccc(OC)cc2)C1"
"CHEMBL4579689","CCN1C/C(=C/c2ccc(NC(C)=O)cc2)C(=O)/C(=C/c2ccc(NC(C)=O)cc2)C1","CCN1C/C(=C/c2ccc(NC(C)=O)cc2)C(=O)/C(=C/c2ccc(NC(C)=O)cc2)C1"
"CHEMBL3739997","COc1cc(/C=C/C(=O)/C=C/c2cc([N+](=O)[O-])ccc2F)ccc1O","COc1cc(/C=C/C(=O)/C=C/c2cc([N+](=O)[O-])ccc2F)ccc1O"
"CHEMBL1669727","COc1cc(/C=C/C(=O)C(=Cc2ccc(OC)c(OC)c2)C(=O)/C=C/c2ccc(O)c(OC)c2)ccc1O","COc1cc(/C=C/C(=O)C(=Cc2ccc(OC)c(OC)c2)C(=O)/C=C/c2ccc(O)c(OC)c2)ccc1O"
"CHEMBL1983421","O=C1/C(=C/c2ccccc2)CCC/C1=C\c1ccc(O)c(CN2CCCCC2)c1","O=C1/C(=C/c2ccccc2)CCC/C1=C\c1ccc(O)c(CN2CCCCC2)c1"
"CHEMBL1814478","CC1(C)C=C(CN2C/C(=C\c3ccc(F)cc3)C(=O)/C(=C/c3ccc(F)cc3)C2)C(C)(C)N1","CC1(C)C=C(CN2C/C(=C\c3ccc(F)cc3)C(=O)/C(=C/c3ccc(F)cc3)C2)C(C)(C)N1"
"CHEMBL4441423","C=CC(=O)N1CC/C(=C\c2ccc(F)c([N+](=O)[O-])c2)C(=O)/C(=C/c2ccc(F)c([N+](=O)[O-])c2)C1","C=CC(=O)N1CC/C(=C\c2ccc(F)c([N+](=O)[O-])c2)C(=O)/C(=C/c2ccc(F)c([N+](=O)[O-])c2)C1"
"CHEMBL498574","O=C1/C(=C/c2ccccc2)CCC/C1=C\c1ccccc1[N+](=O)[O-]","O=C1/C(=C/c2ccccc2)CCC/C1=C\c1ccccc1[N+](=O)[O-]"
"CHEMBL4633726","O=C1/C(=C/c2ccc(O)cc2)CN(C(=O)C(Cl)Cl)C/C1=C\c1ccc(O)cc1","O=C1/C(=C/c2ccc(O)cc2)CN(C(=O)C(Cl)Cl)C/C1=C\c1ccc(O)cc1"
"CHEMBL1767212","CN(C)c1ccc(/C=C/C(=O)/C=C/c2ccc(F)cc2)cc1","CN(C)c1ccc(/C=C/C(=O)/C=C/c2ccc(F)cc2)cc1"
"CHEMBL17201","O=C(/C=C/c1ccccc1)/C=C/c1ccccc1","O=C(/C=C/c1ccccc1)/C=C/c1ccccc1"
"CHEMBL129073","O=C(/C=C/c1ccc(O)c(O)c1)/C=C/c1ccc(O)c(O)c1","O=C(/C=C/c1ccc(O)c(O)c1)/C=C/c1ccc(O)c(O)c1"
"CHEMBL2316146","COc1cc(/C=C2\CCC/C(=C\c3ccc(Br)cc3)C2=O)cc(OC)c1","COc1cc(/C=C2\CCC/C(=C\c3ccc(Br)cc3)C2=O)cc(OC)c1"
"CHEMBL4589316","Cc1ccccc1/C=C1\CN(c2nc(-c3ccccc3)cs2)C/C(=C\c2ccccc2C)C1=O","Cc1ccccc1/C=C1\CN(c2nc(-c3ccccc3)cs2)C/C(=C\c2ccccc2C)C1=O"
"CHEMBL2316158","COc1cc(/C=C2\CCC/C(=C\c3ccc(S(C)(=O)=O)cc3)C2=O)cc(OC)c1","COc1cc(/C=C2\CCC/C(=C\c3ccc(S(C)(=O)=O)cc3)C2=O)cc(OC)c1"
"CHEMBL589774","COc1ccc(/C=C2\CCC/C(=C\c3ccc([N+](=O)[O-])cc3)C2=O)c(OC)c1OC","COc1ccc(/C=C2\CCC/C(=C\c3ccc([N+](=O)[O-])cc3)C2=O)c(OC)c1OC"
"CHEMBL2316145","COc1cc(/C=C2\CCC/C(=C\c3cccc(Br)c3)C2=O)cc(OC)c1","COc1cc(/C=C2\CCC/C(=C\c3cccc(Br)c3)C2=O)cc(OC)c1"
"CHEMBL2316156","COc1ccc(/C=C2\CCC/C(=C\c3cc(OC)cc(OC)c3)C2=O)cc1","COc1ccc(/C=C2\CCC/C(=C\c3cc(OC)cc(OC)c3)C2=O)cc1"
"CHEMBL477256","O=C1/C(=C/c2ccc(F)cc2)CCC/C1=C\c1ccc(F)cc1","O=C1/C(=C/c2ccc(F)cc2)CCC/C1=C\c1ccc(F)cc1"
"CHEMBL3397742","CCCCCCCC/C=C\CCCCCCCC(=O)N1C/C(=C\c2ccccc2)C(=O)/C(=C/c2ccccc2)C1","CCCCCCCC/C=C\CCCCCCCC(=O)N1C/C(=C\c2ccccc2)C(=O)/C(=C/c2ccccc2)C1"
"CHEMBL4174563","COc1ccc(/C=C2\CCC/C(=C\c3ccccc3Cl)C2=O)cc1","COc1ccc(/C=C2\CCC/C(=C\c3ccccc3Cl)C2=O)cc1"
"CHEMBL4168483","COc1ccc(/C=C2\CCC/C(=C\c3ccc(Br)cc3)C2=O)cc1","COc1ccc(/C=C2\CCC/C(=C\c3ccc(Br)cc3)C2=O)cc1"
"CHEMBL601214","COC(=O)COc1c(OC)cc(/C=C/C(=O)/C=C/c2cc(OC)c(OC)c(OC)c2)cc1OC","COC(=O)COc1c(OC)cc(/C=C/C(=O)/C=C/c2cc(OC)c(OC)c(OC)c2)cc1OC"
"CHEMBL4087450","CCOc1cc(C=C(C(=O)/C=C/c2ccc(O)c(OCC)c2)C(=O)/C=C/c2ccc(O)c(OCC)c2)ccc1O","CCOc1cc(C=C(C(=O)/C=C/c2ccc(O)c(OCC)c2)C(=O)/C=C/c2ccc(O)c(OCC)c2)ccc1O"
"CHEMBL2315379","COc1cc(/C=C2\CC/C(=C\c3ccc(OCCCCN4CCOCC4)c(OC)c3)C2=O)ccc1OCCCCN1CCOCC1","COc1cc(/C=C2\CC/C(=C\c3ccc(OCCCCN4CCOCC4)c(OC)c3)C2=O)ccc1OCCCCN1CCOCC1"
"CHEMBL1928967","COc1ccc(/C=C/c2cc(OC)cc(OC)c2/C=C/C(=O)/C=C/c2cccc(C)c2)cc1","COc1ccc(/C=C/c2cc(OC)cc(OC)c2/C=C/C(=O)/C=C/c2cccc(C)c2)cc1"
"CHEMBL4744650","O=C1/C(=C/c2ccccc2F)CN(S(=O)(=O)c2ccccc2)C/C1=C\c1ccccc1F","O=C1/C(=C/c2ccccc2F)CN(S(=O)(=O)c2ccccc2)C/C1=C\c1ccccc1F"
"CHEMBL4103646","CN1C/C(=C\c2cc(F)c(F)cc2F)C(=O)/C(=C/c2cc(F)c(F)cc2F)C1","CN1C/C(=C\c2cc(F)c(F)cc2F)C(=O)/C(=C/c2cc(F)c(F)cc2F)C1"
"CHEMBL4168148","CCOc1ccc(/C=C2\CN(C)C/C(=C\c3ccc(OCC)cc3)C2=O)cc1","CCOc1ccc(/C=C2\CN(C)C/C(=C\c3ccc(OCC)cc3)C2=O)cc1"
"CHEMBL5272814","O=C1/C(=C/c2ccccc2)CN(C(=O)c2ccc(/C=C/C(=O)c3ccccc3)cc2)C/C1=C\c1ccccc1","O=C1/C(=C/c2ccccc2)CN(C(=O)c2ccc(/C=C/C(=O)c3ccccc3)cc2)C/C1=C\c1ccccc1"
"CHEMBL464493","CCN(CC)CCOc1ccc(C(=O)N2C/C(=C\c3ccccc3)C(=O)/C(=C/c3ccccc3)C2)cc1.Cl","CCN(CC)CCOc1ccc(C(=O)N2C/C(=C\c3ccccc3)C(=O)/C(=C/c3ccccc3)C2)cc1.Cl"
"CHEMBL1186460","CCN(CC)CCOc1ccc(C(=O)N2C/C(=C\c3ccccc3)C(=O)/C(=C/c3ccccc3)C2)cc1","CCN(CC)CCOc1ccc(C(=O)N2C/C(=C\c3ccccc3)C(=O)/C(=C/c3ccccc3)C2)cc1"
"CHEMBL1095286","COc1ccc(OC)c(/C=C/C(=O)C2=Cc3cc(Cl)ccc3OC2)c1","COc1ccc(OC)c(/C=C/C(=O)C2=Cc3cc(Cl)ccc3OC2)c1"
"CHEMBL4100544","Cc1ccc(/C=C2\CCC/C(=C\c3ccc(O)cc3)C2=O)cc1","Cc1ccc(/C=C2\CCC/C(=C\c3ccc(O)cc3)C2=O)cc1"
"CHEMBL2297364","COc1cc(OC)c(/C=C2\CNC/C(=C\c3c(OC)cc(OC)cc3OC)C2=O)c(OC)c1","COc1cc(OC)c(/C=C2\CNC/C(=C\c3c(OC)cc(OC)cc3OC)C2=O)c(OC)c1"
"CHEMBL1992199","O=C1/C(=C/c2ccc(Cl)cc2)CSC/C1=C\c1ccc(Cl)cc1","O=C1/C(=C/c2ccc(Cl)cc2)CSC/C1=C\c1ccc(Cl)cc1"
"CHEMBL3115549","C=CCc1cc(/C=C/C(=O)/C=C/c2cc(F)ccc2F)ccc1OC","C=CCc1cc(/C=C/C(=O)/C=C/c2cc(F)ccc2F)ccc1OC"
"CHEMBL3629643","COc1ccc(/C=C/C(=O)/C=C/c2ccc(OCc3cn(CCN4C(=O)C(=O)c5cc(Cl)ccc54)nn3)c(OC)c2)cc1","COc1ccc(/C=C/C(=O)/C=C/c2ccc(OCc3cn(CCN4C(=O)C(=O)c5cc(Cl)ccc54)nn3)c(OC)c2)cc1"
"CHEMBL1093832","Cc1ccc(/C=C/C(=O)/C=C/c2ccc(C)cc2C)c(C)c1","Cc1ccc(/C=C/C(=O)/C=C/c2ccc(C)cc2C)c(C)c1"
"CHEMBL411313","COc1cc(/C=C2\CCC/C(=C\c3ccc(OC4CCCCO4)c(OC)c3)C2=O)ccc1OC1CCCCO1","COc1cc(/C=C2\CCC/C(=C\c3ccc(OC4CCCCO4)c(OC)c3)C2=O)ccc1OC1CCCCO1"
"CHEMBL4583878","COc1ccc(/C=C2\CN(C(=S)SCc3cn(Cc4cccc(Cl)c4)nn3)C/C(=C\c3ccc(OC)cc3)C2=O)cc1","COc1ccc(/C=C2\CN(C(=S)SCc3cn(Cc4cccc(Cl)c4)nn3)C/C(=C\c3ccc(OC)cc3)C2=O)cc1"
"CHEMBL3629750","COc1cc(/C=C/C(=O)/C=C/c2ccc(Cl)cc2)ccc1OCc1cn(CCN2C(=O)C(=O)c3cc(Cl)ccc32)nn1","COc1cc(/C=C/C(=O)/C=C/c2ccc(Cl)cc2)ccc1OCc1cn(CCN2C(=O)C(=O)c3cc(Cl)ccc32)nn1"
"CHEMBL3982224","COc1ccc(/C=C2\CC(C(=O)NCCO)C/C(=C\c3ccc(OC)cc3)C2=O)cc1","COc1ccc(/C=C2\CC(C(=O)NCCO)C/C(=C\c3ccc(OC)cc3)C2=O)cc1"
"CHEMBL5560405","O=C1/C(=C/c2ccccc2Br)CN(C(=O)CCc2ccccc2)C/C1=C\c1ccccc1Br","O=C1/C(=C/c2ccccc2Br)CN(C(=O)CCc2ccccc2)C/C1=C\c1ccccc1Br"
"CHEMBL540960","Cc1ccc(/C=C2\CN(C(=O)c3ccc(OCCN(C)C)cc3)C/C(=C\c3ccc(C)cc3)C2=O)cc1.Cl","Cc1ccc(/C=C2\CN(C(=O)c3ccc(OCCN(C)C)cc3)C/C(=C\c3ccc(C)cc3)C2=O)cc1.Cl"
"CHEMBL4582114","CC(C)c1ccc(/C=C2\CN(C(=S)NCc3ccccc3)C/C(=C\c3ccc(C(C)C)cc3)C2=O)cc1","CC(C)c1ccc(/C=C2\CN(C(=S)NCc3ccccc3)C/C(=C\c3ccc(C(C)C)cc3)C2=O)cc1"
"CHEMBL4573815","Cc1ccccc1/C=C1\CN(C(=S)NCCc2ccccc2)C/C(=C\c2ccccc2C)C1=O","Cc1ccccc1/C=C1\CN(C(=S)NCCc2ccccc2)C/C(=C\c2ccccc2C)C1=O"
"CHEMBL3800572","COc1cccc(/C=C/C(=O)/C=C/c2ccc(OCc3cn(CCCCCOc4cc(=O)oc5ccccc45)nn3)c(OC)c2)c1","COc1cccc(/C=C/C(=O)/C=C/c2ccc(OCc3cn(CCCCCOc4cc(=O)oc5ccccc45)nn3)c(OC)c2)c1"
"CHEMBL1801000","COc1cccc(C=C(C(=O)/C=C/c2ccc(O)c(OC)c2)C(=O)/C=C/c2ccc(O)c(OC)c2)c1","COc1cccc(C=C(C(=O)/C=C/c2ccc(O)c(OC)c2)C(=O)/C=C/c2ccc(O)c(OC)c2)c1"
"CHEMBL4857405","CC(C)(C)C1C/C(=C\c2cccc(C(F)(F)F)c2)C(=O)/C(=C/c2cccc(C(F)(F)F)c2)C1","CC(C)(C)C1C/C(=C\c2cccc(C(F)(F)F)c2)C(=O)/C(=C/c2cccc(C(F)(F)F)c2)C1"
"CHEMBL4063149","COc1cc(/C=C2\CC/C(=C\c3ccccc3F)C2=O)ccc1O","COc1cc(/C=C2\CC/C(=C\c3ccccc3F)C2=O)ccc1O"
"CHEMBL2391736","CN(C)Cc1cc(/C=C2\CCC/C(=C\c3cc(CN(C)C)c(O)c(CN(C)C)c3)C2=O)ccc1O","CN(C)Cc1cc(/C=C2\CCC/C(=C\c3cc(CN(C)C)c(O)c(CN(C)C)c3)C2=O)ccc1O"
"CHEMBL4226682","CC(C)C[C@H](NC(=O)[C@@H](NC(=O)N1C/C(=C\c2ccc(F)cc2)C(=O)/C(=C/c2ccc(F)cc2)C1)C(C)C)B1OC(C)(C)C(C)(C)O1","CC(C)C[C@H](NC(=O)[C@@H](NC(=O)N1C/C(=C\c2ccc(F)cc2)C(=O)/C(=C/c2ccc(F)cc2)C1)C(C)C)B1OC(C)(C)C(C)(C)O1"
"CHEMBL3105276","O=C1/C(=C/c2ccc(F)c(F)c2)CCC/C1=C\c1ccc(F)c(F)c1","O=C1/C(=C/c2ccc(F)c(F)c2)CCC/C1=C\c1ccc(F)c(F)c1"
"CHEMBL1800110","COc1ccc(/C=C/C(=O)C(=Cc2ccc(OC)c(OC)c2)C(=O)/C=C/c2ccc(OC)cc2)cc1","COc1ccc(/C=C/C(=O)C(=Cc2ccc(OC)c(OC)c2)C(=O)/C=C/c2ccc(OC)cc2)cc1"
"CHEMBL1631819","O=C1/C(=C/c2ccc(N3CCCCC3)cc2)CC/C1=C\c1ccc(N2CCCCC2)cc1","O=C1/C(=C/c2ccc(N3CCCCC3)cc2)CC/C1=C\c1ccc(N2CCCCC2)cc1"
"CHEMBL485635","COc1ccc(/C=C2\CCCC/C(=C\c3ccc(OC)c(OC)c3)C2=O)cc1OC","COc1ccc(/C=C2\CCCC/C(=C\c3ccc(OC)c(OC)c3)C2=O)cc1OC"
"CHEMBL473088","O=C1/C(=C/c2ccc(Br)cc2)CCCC/C1=C\c1ccc(Br)cc1","O=C1/C(=C/c2ccc(Br)cc2)CCCC/C1=C\c1ccc(Br)cc1"
"CHEMBL4168748","COc1cc(OC)c(/C=C2\COC/C(=C\c3ccc(OC)c(O)c3)C2=O)c(OC)c1","COc1cc(OC)c(/C=C2\COC/C(=C\c3ccc(OC)c(O)c3)C2=O)c(OC)c1"
"CHEMBL6188547","CCOP(=O)(OCC)C(Cc1cn(CCN2C/C(=C\c3ccc([N+](=O)[O-])cc3)C(=O)/C(=C/c3ccc([N+](=O)[O-])cc3)C2)nn1)P(=O)(OCC)OCC","CCOP(=O)(OCC)C(Cc1cn(CCN2C/C(=C\c3ccc([N+](=O)[O-])cc3)C(=O)/C(=C/c3ccc([N+](=O)[O-])cc3)C2)nn1)P(=O)(OCC)OCC"
"CHEMBL601213","COc1cc(/C=C/C(=O)/C=C/c2cc(OC)c(OCC(=O)O)c(OC)c2)cc(OC)c1OC","COc1cc(/C=C/C(=O)/C=C/c2cc(OC)c(OCC(=O)O)c(OC)c2)cc(OC)c1OC"
"CHEMBL255167","CN(C)c1ccc(/C=C2\CC/C(=C\c3ccc(N(C)C)cc3)C2=O)cc1","CN(C)c1ccc(/C=C2\CC/C(=C\c3ccc(N(C)C)cc3)C2=O)cc1"
"CHEMBL498609","O=C1/C(=C/c2ccc(C(F)(F)F)cc2)CC/C1=C\c1ccc(C(F)(F)F)cc1","O=C1/C(=C/c2ccc(C(F)(F)F)cc2)CC/C1=C\c1ccc(C(F)(F)F)cc1"
"CHEMBL503570","O=C1/C(=C/c2cccc(Cl)c2)CCC/C1=C\c1cccc(Cl)c1","O=C1/C(=C/c2cccc(Cl)c2)CCC/C1=C\c1cccc(Cl)c1"
"CHEMBL1988835","COC(=O)CCC(=O)N1C/C(=C\c2ccccc2)C(=O)/C(=C/c2ccccc2)C1","COC(=O)CCC(=O)N1C/C(=C\c2ccccc2)C(=O)/C(=C/c2ccccc2)C1"
"CHEMBL496935","Cc1cc(/C=C2\CC/C(=C\c3cc(C)c(O)c(C)c3)C2=O)cc(C)c1O","Cc1cc(/C=C2\CC/C(=C\c3cc(C)c(O)c(C)c3)C2=O)cc(C)c1O"
"CHEMBL154880","O=C1/C(=C/c2ccc(Cl)c(Cl)c2)CNC/C1=C\c1ccc(Cl)c(Cl)c1","O=C1/C(=C/c2ccc(Cl)c(Cl)c2)CNC/C1=C\c1ccc(Cl)c(Cl)c1"
"CHEMBL473574","Cc1ccc(/C=C2\CN(C)C/C(=C\c3ccc(C)cc3)C2=O)cc1","Cc1ccc(/C=C2\CN(C)C/C(=C\c3ccc(C)cc3)C2=O)cc1"
"CHEMBL1501305","CN1C2CCC1/C(=C\c1ccc(F)cc1)C(=O)/C2=C/c1ccc(F)cc1","CN1C2CCC1/C(=C\c1ccc(F)cc1)C(=O)/C2=C/c1ccc(F)cc1"
"CHEMBL5429959","COc1cc(/C=C/C(=O)C(=Cc2cc(F)cc(F)c2)C(=O)/C=C/c2ccc(O)c(OC)c2)ccc1O","COc1cc(/C=C/C(=O)C(=Cc2cc(F)cc(F)c2)C(=O)/C=C/c2ccc(O)c(OC)c2)ccc1O"
"CHEMBL5267310","O=C1/C(=C/c2ccc(Cl)cc2Cl)CNC/C1=C\c1ccc(Cl)cc1Cl","O=C1/C(=C/c2ccc(Cl)cc2Cl)CNC/C1=C\c1ccc(Cl)cc1Cl"
"CHEMBL5266855","O=C1/C(=C/c2cccc(/N=C/c3ccc(O)cc3O)c2)CCC/C1=C\c1cccc(/N=C/c2ccc(O)cc2O)c1","O=C1/C(=C/c2cccc(/N=C/c3ccc(O)cc3O)c2)CCC/C1=C\c1cccc(/N=C/c2ccc(O)cc2O)c1"
"CHEMBL5290101","O=C1/C(=C/c2ccccc2)CN(C(=O)/C=C/c2ccc(Cl)c(Cl)c2)C/C1=C\c1ccccc1","O=C1/C(=C/c2ccccc2)CN(C(=O)/C=C/c2ccc(Cl)c(Cl)c2)C/C1=C\c1ccccc1"
"CHEMBL5280987","COc1ccc(/C=C/C(=O)N2C/C(=C\c3ccccc3)C(=O)/C(=C/c3ccccc3)C2)cc1","COc1ccc(/C=C/C(=O)N2C/C(=C\c3ccccc3)C(=O)/C(=C/c3ccccc3)C2)cc1"
"CHEMBL5276406","O=C(/C=C/c1ccccc1)/C=C/c1cccc([N+](=O)[O-])c1","O=C(/C=C/c1ccccc1)/C=C/c1cccc([N+](=O)[O-])c1"
"CHEMBL1254782","O=C(O)COCC(=O)N1C/C(=C\c2ccccc2F)C(=O)/C(=C/c2ccccc2F)C1","O=C(O)COCC(=O)N1C/C(=C\c2ccccc2F)C(=O)/C(=C/c2ccccc2F)C1"
"CHEMBL1951542","COc1cc(/C=C2\CCC/C(=C\c3ccccc3[N+](=O)[O-])C2=O)cc(Br)c1OC","COc1cc(/C=C2\CCC/C(=C\c3ccccc3[N+](=O)[O-])C2=O)cc(Br)c1OC"
"CHEMBL3787626","COc1ccc(/C=C2\CNC/C(=C\c3ccc(OC)c(OC)c3Cl)C2=O)c(Cl)c1OC","COc1ccc(/C=C2\CNC/C(=C\c3ccc(OC)c(OC)c3Cl)C2=O)c(Cl)c1OC"
"CHEMBL4278976","COc1cccc(/C=C2\CCC/C(=C\c3ccc(Cl)cc3)C2=O)c1OC","COc1cccc(/C=C2\CCC/C(=C\c3ccc(Cl)cc3)C2=O)c1OC"
"CHEMBL4211867","O=C1/C(=C/c2ccccc2)CCC/C1=C\c1cccc(Cl)c1Cl","O=C1/C(=C/c2ccccc2)CCC/C1=C\c1cccc(Cl)c1Cl"
"CHEMBL3786242","COc1cc(/C=C2\CN(Cc3ccccc3)C/C(=C\c3cc(OC)c(OC)c(OC)c3Br)C2=O)c(Br)c(OC)c1OC","COc1cc(/C=C2\CN(Cc3ccccc3)C/C(=C\c3cc(OC)c(OC)c(OC)c3Br)C2=O)c(Br)c(OC)c1OC"
"CHEMBL3275880","COc1cc(/C=C2\CCC(C)/C(=C\c3ccc(OCc4ccccc4)c(OC)c3)C2=O)ccc1OCc1ccccc1","COc1cc(/C=C2\CCC(C)/C(=C\c3ccc(OCc4ccccc4)c(OC)c3)C2=O)ccc1OCc1ccccc1"
"CHEMBL1094906","CN(C)CCCOc1ccc(/C=C2\CCC/C(=C\c3ccc(OCCCN(C)C)cc3)C2=O)cc1","CN(C)CCCOc1ccc(/C=C2\CCC/C(=C\c3ccc(OCCCN(C)C)cc3)C2=O)cc1"
"CHEMBL4162542","COc1ccc(/C=C2\COC/C(=C\c3ccc4c(c3)OCO4)C2=O)cc1O","COc1ccc(/C=C2\COC/C(=C\c3ccc4c(c3)OCO4)C2=O)cc1O"
"CHEMBL4067721","CCOc1cc(/C=C/C(=O)C(=Cc2ccc(OC)c(OC)c2)C(=O)/C=C/c2ccc(O)c(OCC)c2)ccc1O","CCOc1cc(/C=C/C(=O)C(=Cc2ccc(OC)c(OC)c2)C(=O)/C=C/c2ccc(O)c(OCC)c2)ccc1O"
"CHEMBL4291126","COc1cccc(/C=C2\CCC/C(=C\c3ccccc3Br)C2=O)c1OC","COc1cccc(/C=C2\CCC/C(=C\c3ccccc3Br)C2=O)c1OC"
"CHEMBL4637241","O=C1/C(=C/c2ccc(F)c(F)c2)CN(C(=O)C(Cl)Cl)C/C1=C\c1ccc(F)c(F)c1","O=C1/C(=C/c2ccc(F)c(F)c2)CN(C(=O)C(Cl)Cl)C/C1=C\c1ccc(F)c(F)c1"
"CHEMBL1094967","Cc1ccc(/C=C/C(=O)C2=Cc3cc(Cl)ccc3OC2)cc1","Cc1ccc(/C=C/C(=O)C2=Cc3cc(Cl)ccc3OC2)cc1"
"CHEMBL3309956","CN1C/C(=C\c2ccc(N3CCCC3)cc2)C(=O)/C(=C/c2ccc(N3CCCC3)cc2)C1","CN1C/C(=C\c2ccc(N3CCCC3)cc2)C(=O)/C(=C/c2ccc(N3CCCC3)cc2)C1"
"CHEMBL4172098","COc1ccc(/C=C2\COC/C(=C\c3ccc(OC)c(O)c3)C2=O)c(OC)c1","COc1ccc(/C=C2\COC/C(=C\c3ccc(OC)c(O)c3)C2=O)c(OC)c1"
"CHEMBL3629640","COc1cc(/C=C/C(=O)/C=C/c2ccccc2)ccc1OCc1cn(CCN2C(=O)C(=O)c3cc(Cl)ccc32)nn1","COc1cc(/C=C/C(=O)/C=C/c2ccccc2)ccc1OCc1cn(CCN2C(=O)C(=O)c3cc(Cl)ccc32)nn1"
"CHEMBL3753042","COc1cc(/C=C2\CCC/C(=C\c3ccc(Cl)cc3)C2=O)ccc1O","COc1cc(/C=C2\CCC/C(=C\c3ccc(Cl)cc3)C2=O)ccc1O"
"CHEMBL4099950","COc1ccc(/C=C2\COC/C(=C\c3ccccc3F)C2=O)cc1O","COc1ccc(/C=C2\COC/C(=C\c3ccccc3F)C2=O)cc1O"
"CHEMBL1928984","COc1ccc(/C=C/c2cc(OC)cc(OC)c2/C=C/C(=O)/C=C/c2ccc(F)c(F)c2)cc1","COc1ccc(/C=C/c2cc(OC)cc(OC)c2/C=C/C(=O)/C=C/c2ccc(F)c(F)c2)cc1"
"CHEMBL4087721","COc1cc(/C=C2\COC/C(=C\c3ccccc3F)C2=O)cc(OC)c1OC","COc1cc(/C=C2\COC/C(=C\c3ccccc3F)C2=O)cc(OC)c1OC"
"CHEMBL1974358","O=C1/C(=C\c2ccccc2)C2/C(=C\c3ccccc3)C(=O)/C(=C\c3ccccc3)C2/C1=C\c1ccccc1","O=C1/C(=C\c2ccccc2)C2/C(=C\c3ccccc3)C(=O)/C(=C\c3ccccc3)C2/C1=C\c1ccccc1"
"CHEMBL1965868","O=C1/C(=C/c2ccccc2)CN(C(=O)OCc2ccccc2)C/C1=C\c1ccccc1","O=C1/C(=C/c2ccccc2)CN(C(=O)OCc2ccccc2)C/C1=C\c1ccccc1"
"CHEMBL3115572","C=CCc1cc(/C=C/C(=O)/C=C/c2ccc(N(C)C)cc2)ccc1OC","C=CCc1cc(/C=C/C(=O)/C=C/c2ccc(N(C)C)cc2)ccc1OC"
"CHEMBL1495763","CC1CC/C(=C\c2ccc3c(c2)OCO3)C(=O)/C1=C/c1ccc2c(c1)OCO2","CC1CC/C(=C\c2ccc3c(c2)OCO3)C(=O)/C1=C/c1ccc2c(c1)OCO2"
"CHEMBL5282911","CCOC(C)COc1c(OC)cc(/C=C/C(=O)/C=C/c2cc(OC)c(OC)c(OC)c2)cc1OC","CCOC(C)COc1c(OC)cc(/C=C/C(=O)/C=C/c2cc(OC)c(OC)c(OC)c2)cc1OC"
"CHEMBL1983982","O=C1/C(=C/c2ccccc2)CN(C(=O)Oc2ccc(Cl)cc2)C/C1=C\c1ccccc1","O=C1/C(=C/c2ccccc2)CN(C(=O)Oc2ccc(Cl)cc2)C/C1=C\c1ccccc1"
"CHEMBL3115554","C=CCc1cc(/C=C/C(=O)/C=C/c2cc(F)ccc2Br)ccc1OC","C=CCc1cc(/C=C/C(=O)/C=C/c2cc(F)ccc2Br)ccc1OC"
"CHEMBL4165172","N#Cc1ccc(/C=C2\CN(S(=O)(=O)c3ccc(F)cc3)C/C(=C\c3ccccc3F)C2=O)cc1","N#Cc1ccc(/C=C2\CN(S(=O)(=O)c3ccc(F)cc3)C/C(=C\c3ccccc3F)C2=O)cc1"
"CHEMBL3785375","COc1cc(/C=C2\CN(C)C/C(=C\c3cc(OC)c(OC)c(OC)c3Br)C2=O)c(Br)c(OC)c1OC","COc1cc(/C=C2\CN(C)C/C(=C\c3cc(OC)c(OC)c(OC)c3Br)C2=O)c(Br)c(OC)c1OC"
"CHEMBL3314669","O=C1/C(=C/c2ccc(F)cc2)CS(=O)(=O)C/C1=C\c1ccc(F)cc1","O=C1/C(=C/c2ccc(F)cc2)CS(=O)(=O)C/C1=C\c1ccc(F)cc1"
"CHEMBL3403492","CCCCCCCCCCCCCCCC(=O)Oc1cc(/C=C/C(=O)/C=C/c2ccc(OC)c(OC(=O)CCCCCCCCCCCCCCC)c2)ccc1OC","CCCCCCCCCCCCCCCC(=O)Oc1cc(/C=C/C(=O)/C=C/c2ccc(OC)c(OC(=O)CCCCCCCCCCCCCCC)c2)ccc1OC"
"CHEMBL393391","O=C(/C=C/C(=O)N1C/C(=C\c2ccccc2)C(=O)/C(=C/c2ccccc2)C1)Nc1ccc([N+](=O)[O-])cc1","O=C(/C=C/C(=O)N1C/C(=C\c2ccccc2)C(=O)/C(=C/c2ccccc2)C1)Nc1ccc([N+](=O)[O-])cc1"
"CHEMBL2035949","COc1ccc(/C=C2\CC/C(=C\c3ccc(OC)c(OC)c3OC)C2=O)c(OC)c1OC","COc1ccc(/C=C2\CC/C(=C\c3ccc(OC)c(OC)c3OC)C2=O)c(OC)c1OC"
"CHEMBL4282635","O=C1/C(=C/c2ccc(O)c(O)c2)CN(Cc2ccccc2)C/C1=C\c1ccc(O)c(O)c1","O=C1/C(=C/c2ccc(O)c(O)c2)CN(Cc2ccccc2)C/C1=C\c1ccc(O)c(O)c1"
"CHEMBL1929151","COc1ccc(/C=C/c2cc(OC)cc(OC)c2/C=C/C(=O)/C=C/c2ccc(C(C)C)cc2)cc1","COc1ccc(/C=C/c2cc(OC)cc(OC)c2/C=C/C(=O)/C=C/c2ccc(C(C)C)cc2)cc1"
"CHEMBL3105866","C/C(=C\c1ccc([N+](=O)[O-])cc1)C(=O)/C=C/c1ccc([N+](=O)[O-])cc1","C/C(=C\c1ccc([N+](=O)[O-])cc1)C(=O)/C=C/c1ccc([N+](=O)[O-])cc1"
"CHEMBL1254540","O=C1/C(=C/c2ccccc2[N+](=O)[O-])CNC/C1=C\c1ccccc1[N+](=O)[O-]","O=C1/C(=C/c2ccccc2[N+](=O)[O-])CNC/C1=C\c1ccccc1[N+](=O)[O-]"
"CHEMBL5198652","COc1cc(/C=C2\COC/C(=C\c3cc(OC)cc(OC)c3)C2=O)cc(OC)c1","COc1cc(/C=C2\COC/C(=C\c3cc(OC)cc(OC)c3)C2=O)cc(OC)c1"
"CHEMBL4435732","C/C(=C/C(=O)c1ccccc1)Nc1cccc(/C=C2\CN(C)C/C(=C\c3cccc(N/C(C)=C/C(=O)c4ccccc4)c3)C2=O)c1","C/C(=C/C(=O)c1ccccc1)Nc1cccc(/C=C2\CN(C)C/C(=C\c3cccc(N/C(C)=C/C(=O)c4ccccc4)c3)C2=O)c1"
"CHEMBL4081505","CCN1C/C(=C\c2c(F)cc(F)cc2F)C(=O)/C(=C/c2c(F)cc(F)cc2F)C1","CCN1C/C(=C\c2c(F)cc(F)cc2F)C(=O)/C(=C/c2c(F)cc(F)cc2F)C1"
"CHEMBL4075661","CN1C/C(=C\c2ccc(F)c(F)c2)C(=O)/C(=C/c2ccc(F)c(F)c2)C1","CN1C/C(=C\c2ccc(F)c(F)c2)C(=O)/C(=C/c2ccc(F)c(F)c2)C1"
"CHEMBL4069893","CCN1C/C(=C\c2ccc(F)cc2F)C(=O)/C(=C/c2ccc(F)cc2F)C1","CCN1C/C(=C\c2ccc(F)cc2F)C(=O)/C(=C/c2ccc(F)cc2F)C1"
"CHEMBL1951541","COc1cccc(/C=C2\CCC/C(=C\c3ccccc3[N+](=O)[O-])C2=O)c1","COc1cccc(/C=C2\CCC/C(=C\c3ccccc3[N+](=O)[O-])C2=O)c1"
"CHEMBL1951544","COc1cccc(/C=C2\CCC/C(=C\c3cccc([N+](=O)[O-])c3)C2=O)c1","COc1cccc(/C=C2\CCC/C(=C\c3cccc([N+](=O)[O-])c3)C2=O)c1"
"CHEMBL1767379","CN(C)c1ccc(/C=C/C(=O)/C=C/c2ccccc2[N+](=O)[O-])cc1","CN(C)c1ccc(/C=C/C(=O)/C=C/c2ccccc2[N+](=O)[O-])cc1"
"CHEMBL3361239","CC1=CCCC(C)(C)C1/C=C/c1cc(C(=O)N2C/C(=C\c3ccc(Cl)cc3)C(=O)/C(=C/c3ccc(Cl)cc3)C2)no1","CC1=CCCC(C)(C)C1/C=C/c1cc(C(=O)N2C/C(=C\c3ccc(Cl)cc3)C(=O)/C(=C/c3ccc(Cl)cc3)C2)no1"
"CHEMBL1928963","COc1ccc(/C=C/c2cc(OC)cc(OC)c2/C=C/C(=O)/C=C/c2cccc(OC)c2)cc1","COc1ccc(/C=C/c2cc(OC)cc(OC)c2/C=C/C(=O)/C=C/c2cccc(OC)c2)cc1"
"CHEMBL3763807","CCN(CC)Cc1cc(/C=C2\CNC/C(=C\c3ccc(O)c(CN(CC)CC)c3)C2=O)ccc1O.Cl.Cl.Cl","CCN(CC)Cc1cc(/C=C2\CNC/C(=C\c3ccc(O)c(CN(CC)CC)c3)C2=O)ccc1O.Cl.Cl.Cl"
"CHEMBL2380675","Cc1ccc(/C=C2\CN(C(=O)[C@H]3C[C@H]4CCCN4[C@]34C(=O)Nc3cc(Cl)ccc34)C/C(=C\c3ccc(C)cc3)C2=O)cc1","Cc1ccc(/C=C2\CN(C(=O)[C@H]3C[C@H]4CCCN4[C@]34C(=O)Nc3cc(Cl)ccc34)C/C(=C\c3ccc(C)cc3)C2=O)cc1"
"CHEMBL3627984","COc1cc(/C=C/C(=O)/C=C/c2cccc(Br)c2)ccc1OCc1cn(CCN2C(=O)C(=O)c3cc(Br)ccc32)nn1","COc1cc(/C=C/C(=O)/C=C/c2cccc(Br)c2)ccc1OCc1cn(CCN2C(=O)C(=O)c3cc(Br)ccc32)nn1"
"CHEMBL2287727","Cc1cc(C)c(C2=C(C(=O)/C=C/c3ccccc3)C3(CCCC3)OC2=O)c(C)c1","Cc1cc(C)c(C2=C(C(=O)/C=C/c3ccccc3)C3(CCCC3)OC2=O)c(C)c1"
"CHEMBL3966553","CN1CCN(c2cccc(NC(=O)C3C/C(=C\c4ccccc4)C(=O)/C(=C/c4ccccc4)C3)c2)CC1","CN1CCN(c2cccc(NC(=O)C3C/C(=C\c4ccccc4)C(=O)/C(=C/c4ccccc4)C3)c2)CC1"
"CHEMBL5274398","COc1cc(/C=C2\CC(c3ccccc3)C/C(=C\c3cc(OC)c(OC)c(OC)c3)C2=O)cc(OC)c1OC","COc1cc(/C=C2\CC(c3ccccc3)C/C(=C\c3cc(OC)c(OC)c(OC)c3)C2=O)cc(OC)c1OC"
"CHEMBL3105860","COc1ccc(/C=C(\C)C(=O)/C=C/c2ccccc2)cc1","COc1ccc(/C=C(\C)C(=O)/C=C/c2ccccc2)cc1"
"CHEMBL3904908","COc1ccc(/C=C/c2cc(OC)cc(OC)c2/C=C/C(=O)/C=C/c2ccc(C(C)(C)C)cc2)cc1","COc1ccc(/C=C/c2cc(OC)cc(OC)c2/C=C/C(=O)/C=C/c2ccc(C(C)(C)C)cc2)cc1"
"CHEMBL2386410","CCCN1C/C(=C\c2ccccc2Cl)C(=O)/C(=C/c2ccccc2Cl)C1","CCCN1C/C(=C\c2ccccc2Cl)C(=O)/C(=C/c2ccccc2Cl)C1"
"CHEMBL1802461","O=C1/C(=C/c2ccc(O)c(Br)c2)CN(Cc2cccc(Cl)c2)C/C1=C\c1ccc(O)c(Br)c1","O=C1/C(=C/c2ccc(O)c(Br)c2)CN(Cc2cccc(Cl)c2)C/C1=C\c1ccc(O)c(Br)c1"
"CHEMBL3629556","COc1ccc(/C=C/C(=O)/C=C/c2ccc(OCc3cn(CCN4C(=O)C(=O)c5ccccc54)nn3)c(OC)c2)cc1","COc1ccc(/C=C/C(=O)/C=C/c2ccc(OCc3cn(CCN4C(=O)C(=O)c5ccccc54)nn3)c(OC)c2)cc1"
"CHEMBL5276508","COc1cc(/C=C2\CN(C=O)C/C(=C\c3cc(OC)c(OC)c(OC)c3)C2=O)cc(OC)c1OC","COc1cc(/C=C2\CN(C=O)C/C(=C\c3cc(OC)c(OC)c(OC)c3)C2=O)cc(OC)c1OC"
"CHEMBL4160435","COc1ccc(/C=C2\CN(C)C/C(=C\c3ccccc3F)C2=O)cc1OC","COc1ccc(/C=C2\CN(C)C/C(=C\c3ccccc3F)C2=O)cc1OC"
"CHEMBL4171773","COc1cc(/C=C2\CN(C)C/C(=C\c3ccc(F)cc3)C2=O)cc(OC)c1OC","COc1cc(/C=C2\CN(C)C/C(=C\c3ccc(F)cc3)C2=O)cc(OC)c1OC"
"CHEMBL3739478","COc1cc(/C=C/C(=O)/C=C/c2ccc(C(F)(F)F)cc2C(F)(F)F)ccc1O","COc1cc(/C=C/C(=O)/C=C/c2ccc(C(F)(F)F)cc2C(F)(F)F)ccc1O"
"CHEMBL1650140","N=C(N)NCCC[C@H](NC(=O)[C@H](CCCCN)NC(=O)N1C/C(=C\c2ccc(Cl)c(Cl)c2)C(=O)/C(=C/c2ccc(Cl)c(Cl)c2)C1)C(=O)O","N=C(N)NCCC[C@H](NC(=O)[C@H](CCCCN)NC(=O)N1C/C(=C\c2ccc(Cl)c(Cl)c2)C(=O)/C(=C/c2ccc(Cl)c(Cl)c2)C1)C(=O)O"
"CHEMBL4293506","O=C([O-])CCN(CCC(=O)[O-])c1ccc(/C=C2\CC/C(=C\c3ccc(N(CCC(=O)[O-])CCC(=O)[O-])cc3)C2=O)cc1.[Na+].[Na+].[Na+].[Na+]","O=C([O-])CCN(CCC(=O)[O-])c1ccc(/C=C2\CC/C(=C\c3ccc(N(CCC(=O)[O-])CCC(=O)[O-])cc3)C2=O)cc1.[Na+].[Na+].[Na+].[Na+]"
"CHEMBL6159722","COc1ccc(/C=C/C(=O)C(=Cc2ccc(F)c(F)c2)C(=O)/C=C/c2ccc(OC)c(OC)c2)cc1OC","COc1ccc(/C=C/C(=O)C(=Cc2ccc(F)c(F)c2)C(=O)/C=C/c2ccc(OC)c(OC)c2)cc1OC"
"CHEMBL5269263","O=C(/C=C/c1ccccc1F)/C=C/c1ccccc1F","O=C(/C=C/c1ccccc1F)/C=C/c1ccccc1F"
"CHEMBL4160285","COc1cc(/C=C2\CN(S(=O)(=O)c3ccc(NC(C)=O)cc3)C/C(=C\c3ccccc3F)C2=O)cc(OC)c1OC","COc1cc(/C=C2\CN(S(=O)(=O)c3ccc(NC(C)=O)cc3)C/C(=C\c3ccccc3F)C2=O)cc(OC)c1OC"
"CHEMBL1254956","O=CN1C/C(=C\c2ccccc2F)C(=O)/C(=C/c2ccccc2F)C1","O=CN1C/C(=C\c2ccccc2F)C(=O)/C(=C/c2ccccc2F)C1"
"CHEMBL3990278","NCCCNCCCCNCCCNC(=O)CCC(=O)N1C/C(=C\c2ccc(O)cc2)C(=O)/C(=C/c2ccc(O)cc2)C1","NCCCNCCCCNCCCNC(=O)CCC(=O)N1C/C(=C\c2ccc(O)cc2)C(=O)/C(=C/c2ccc(O)cc2)C1"
"CHEMBL1767230","CN(C)c1ccc(/C=C/C(=O)/C=C/c2cccc([N+](=O)[O-])c2)cc1","CN(C)c1ccc(/C=C/C(=O)/C=C/c2cccc([N+](=O)[O-])c2)cc1"
"CHEMBL1289434","O=C(/C=C/c1ccc2ncccc2c1)/C=C/c1ccc2ncccc2c1","O=C(/C=C/c1ccc2ncccc2c1)/C=C/c1ccc2ncccc2c1"
"CHEMBL3734873","COc1cc(/C=C/C(=O)/C=C/c2c(C)cc(C)cc2C)ccc1OCCCN1CCOCC1","COc1cc(/C=C/C(=O)/C=C/c2c(C)cc(C)cc2C)ccc1OCCCN1CCOCC1"
"CHEMBL1089910","COc1cc(/C=C2\CC/C(=C\c3ccc(OCCCN(C)C)c(OC)c3)C2=O)ccc1OCCCN(C)C","COc1cc(/C=C2\CC/C(=C\c3ccc(OCCCN(C)C)c(OC)c3)C2=O)ccc1OCCCN(C)C"
"CHEMBL17205","COc1cc(/C=C2\CCC/C(=C\c3ccc(O)c(OC)c3)C2=O)ccc1O","COc1cc(/C=C2\CCC/C(=C\c3ccc(O)c(OC)c3)C2=O)ccc1O"
"CHEMBL3409209","COc1ccc(/C=C/C(=O)/C=C/c2ccc(O)c(OC)c2)cc1O","COc1ccc(/C=C/C(=O)/C=C/c2ccc(O)c(OC)c2)cc1O"
"CHEMBL477058","C=CCOc1ccc(/C=C2\CCC/C(=C\c3ccc(OCC=C)c(OC)c3)C2=O)cc1OC","C=CCOc1ccc(/C=C2\CCC/C(=C\c3ccc(OCC=C)c(OC)c3)C2=O)cc1OC"
"CHEMBL4290621","COc1cc(OC)c2c(=O)c(OCCCCOc3ccccc3/C=C/C(=O)/C=C/c3cccc([N+](=O)[O-])c3)c(-c3cc(OC)c(OC)c(OC)c3)oc2c1","COc1cc(OC)c2c(=O)c(OCCCCOc3ccccc3/C=C/C(=O)/C=C/c3cccc([N+](=O)[O-])c3)c(-c3cc(OC)c(OC)c(OC)c3)oc2c1"
"CHEMBL1290094","C#CCOc1ccc(/C=C/C(=O)/C=C/c2ccc(Cl)cc2Cl)cc1OC","C#CCOc1ccc(/C=C/C(=O)/C=C/c2ccc(Cl)cc2Cl)cc1OC"
"CHEMBL5269541","O=C1/C(=C/c2ccccc2)CN(C(=O)/C=C/c2ccc3c(c2)OCO3)C/C1=C\c1ccccc1","O=C1/C(=C/c2ccccc2)CN(C(=O)/C=C/c2ccc3c(c2)OCO3)C/C1=C\c1ccccc1"
"CHEMBL3105497","O=C1/C(=C/c2cccc(F)c2)CC/C1=C\c1cccc(F)c1","O=C1/C(=C/c2cccc(F)c2)CC/C1=C\c1cccc(F)c1"
"CHEMBL4163272","CC(=O)Nc1ccc(S(=O)(=O)N2C/C(=C\c3ccc(C#N)cc3)C(=O)/C(=C/c3ccc(C#N)cc3)C2)cc1","CC(=O)Nc1ccc(S(=O)(=O)N2C/C(=C\c3ccc(C#N)cc3)C(=O)/C(=C/c3ccc(C#N)cc3)C2)cc1"
"CHEMBL4162212","N#Cc1ccc(/C=C2\CN(S(=O)(=O)c3ccc(F)cc3)C/C(=C\c3ccc(C#N)cc3)C2=O)cc1","N#Cc1ccc(/C=C2\CN(S(=O)(=O)c3ccc(F)cc3)C/C(=C\c3ccc(C#N)cc3)C2=O)cc1"
"CHEMBL1928979","COc1ccc(/C=C/c2cc(OC)cc(OC)c2/C=C/C(=O)/C=C/c2ccc(Cl)cc2Cl)cc1","COc1ccc(/C=C/c2cc(OC)cc(OC)c2/C=C/C(=O)/C=C/c2ccc(Cl)cc2Cl)cc1"
"CHEMBL1818424","CN1CCN(c2ccc(/C=C3\CCC/C(=C\c4ccc(N5CCN(C)CC5)cc4)C3=O)cc2)CC1","CN1CCN(c2ccc(/C=C3\CCC/C(=C\c4ccc(N5CCN(C)CC5)cc4)C3=O)cc2)CC1"
"CHEMBL3314652","COc1ccc(/C=C2\CCC/C(=C\c3ccc(OC)c(F)c3)C2=O)cc1F","COc1ccc(/C=C2\CCC/C(=C\c3ccc(OC)c(F)c3)C2=O)cc1F"
"CHEMBL2297173","O=C1/C(=C/c2ccc(O)c([N+](=O)[O-])c2)CNC/C1=C\c1ccc(O)c([N+](=O)[O-])c1","O=C1/C(=C/c2ccc(O)c([N+](=O)[O-])c2)CNC/C1=C\c1ccc(O)c([N+](=O)[O-])c1"
"CHEMBL356466","CN(C)C(=N)c1ccc(/C=C2/CCCC/C(=C/c3ccc(C(=N)N)cc3)C2=O)cc1","CN(C)C(=N)c1ccc(/C=C2/CCCC/C(=C/c3ccc(C(=N)N)cc3)C2=O)cc1"
"CHEMBL3735000","COc1ccccc1/C=C/C(=O)/C=C/c1ccc(OCCCN2CCOCC2)c(OC)c1","COc1ccccc1/C=C/C(=O)/C=C/c1ccc(OCCCN2CCOCC2)c(OC)c1"
"CHEMBL3219853","O=C(/C=C/c1ccccc1F)/C=C/c1ccccc1OCc1ccccc1[N+](=O)[O-]","O=C(/C=C/c1ccccc1F)/C=C/c1ccccc1OCc1ccccc1[N+](=O)[O-]"
"CHEMBL3752863","COc1cc(/C=C2\CCC/C(=C\c3c(F)cccc3F)C2=O)ccc1O","COc1cc(/C=C2\CCC/C(=C\c3c(F)cccc3F)C2=O)ccc1O"
"CHEMBL3753261","COc1cc(/C=C2\CCC/C(=C\c3ccc(Cl)cc3Cl)C2=O)ccc1O","COc1cc(/C=C2\CCC/C(=C\c3ccc(Cl)cc3Cl)C2=O)ccc1O"
"CHEMBL1802465","O=C1/C(=C/c2ccc(O)c(Br)c2)CN(CCc2ccccc2)C/C1=C\c1ccc(O)c(Br)c1","O=C1/C(=C/c2ccc(O)c(Br)c2)CN(CCc2ccccc2)C/C1=C\c1ccc(O)c(Br)c1"
"CHEMBL2205176","COc1cc(/C=C/C(=O)C(=Cc2ccccc2O)C(=O)/C=C/c2ccc(O)c(OC)c2)ccc1O","COc1cc(/C=C/C(=O)C(=Cc2ccccc2O)C(=O)/C=C/c2ccc(O)c(OC)c2)ccc1O"
"CHEMBL4217048","O=C1/C(=C/c2cccc(O)c2)COC/C1=C\c1cccc(O)c1","O=C1/C(=C/c2cccc(O)c2)COC/C1=C\c1cccc(O)c1"
"CHEMBL2392188","COc1cc(/C=C/C(=O)/C=C/c2cc(CC=C(C)C)c(O)c(OC)c2)cc(CC=C(C)C)c1O","COc1cc(/C=C/C(=O)/C=C/c2cc(CC=C(C)C)c(O)c(OC)c2)cc(CC=C(C)C)c1O"
"CHEMBL3629638","COc1cc(/C=C/C(=O)/C=C/c2ccc([N+](=O)[O-])cc2)ccc1OCc1cn(CCN2C(=O)C(=O)c3ccccc32)nn1","COc1cc(/C=C/C(=O)/C=C/c2ccc([N+](=O)[O-])cc2)ccc1OCc1cn(CCN2C(=O)C(=O)c3ccccc32)nn1"
"CHEMBL3629746","COc1ccccc1/C=C/C(=O)/C=C/c1ccc(OCc2cn(CCN3C(=O)C(=O)c4cc(Cl)ccc43)nn2)c(OC)c1","COc1ccccc1/C=C/C(=O)/C=C/c1ccc(OCc2cn(CCN3C(=O)C(=O)c4cc(Cl)ccc43)nn2)c(OC)c1"
"CHEMBL3629641","COc1cc(/C=C/C(=O)/C=C/c2cc(OC)c(OC)c(OC)c2)ccc1OCc1cn(CCN2C(=O)C(=O)c3cc(Cl)ccc32)nn1","COc1cc(/C=C/C(=O)/C=C/c2cc(OC)c(OC)c(OC)c2)ccc1OCc1cn(CCN2C(=O)C(=O)c3cc(Cl)ccc32)nn1"
"CHEMBL599616","O=C(O)COc1ccc(Br)cc1/C=C1\CC/C(=C\c2cc(Br)ccc2OCC(=O)O)C1=O","O=C(O)COc1ccc(Br)cc1/C=C1\CC/C(=C\c2cc(Br)ccc2OCC(=O)O)C1=O"
"CHEMBL498591","O=C(/C=C/c1ccc(C(F)(F)F)cc1)/C=C/c1ccc(C(F)(F)F)cc1","O=C(/C=C/c1ccc(C(F)(F)F)cc1)/C=C/c1ccc(C(F)(F)F)cc1"
"CHEMBL4061732","O=C1/C(=C/c2ccccc2F)COC/C1=C\c1ccc(Cl)cc1Cl","O=C1/C(=C/c2ccccc2F)COC/C1=C\c1ccc(Cl)cc1Cl"
"CHEMBL591002","COc1cc(/C=C/C(=O)/C=C/c2cccc(OC(c3ccccc3)(c3ccccc3)c3ccccc3)c2)cc(OC)c1OC","COc1cc(/C=C/C(=O)/C=C/c2cccc(OC(c3ccccc3)(c3ccccc3)c3ccccc3)c2)cc(OC)c1OC"
"CHEMBL2235194","CC(=O)Oc1ccc(/C=C2\CC/C(=C\c3ccc(OC(C)=O)c(OC(C)=O)c3)C2=O)cc1OC(C)=O","CC(=O)Oc1ccc(/C=C2\CC/C(=C\c3ccc(OC(C)=O)c(OC(C)=O)c3)C2=O)cc1OC(C)=O"
"CHEMBL5281714","Cc1ccc(C(=O)/C=C/c2ccc(C(=O)N3C/C(=C\c4ccccc4)C(=O)/C(=C/c4ccccc4)C3)cc2)cc1","Cc1ccc(C(=O)/C=C/c2ccc(C(=O)N3C/C(=C\c4ccccc4)C(=O)/C(=C/c4ccccc4)C3)cc2)cc1"
"CHEMBL4292141","COc1ccc(/C=C2\CCC/C(=C\c3ccc(Cl)cc3Cl)C2=O)cc1OC","COc1ccc(/C=C2\CCC/C(=C\c3ccc(Cl)cc3Cl)C2=O)cc1OC"
"CHEMBL3794522","COc1cccc(/C=C2\CCC/C(=C\c3ccc(Cl)c(Cl)c3)C2=O)c1OC","COc1cccc(/C=C2\CCC/C(=C\c3ccc(Cl)c(Cl)c3)C2=O)c1OC"
"CHEMBL5205657","COc1ccc(C(=O)CN2C/C(=C/c3ccc([N+](=O)[O-])cc3)C(=O)/C(=C\c3ccc([N+](=O)[O-])cc3)C2)cc1","COc1ccc(C(=O)CN2C/C(=C/c3ccc([N+](=O)[O-])cc3)C(=O)/C(=C\c3ccc([N+](=O)[O-])cc3)C2)cc1"
"CHEMBL4202408","Cc1ccc(/C=C2\CCC/C(=C\c3ccccc3)C2=O)cc1","Cc1ccc(/C=C2\CCC/C(=C\c3ccccc3)C2=O)cc1"
"CHEMBL5436872","COc1cc(/C=C/C(=O)C(=Cc2ccc([N+](=O)[O-])cc2)C(=O)/C=C/c2ccc(O)c(OC)c2)ccc1O","COc1cc(/C=C/C(=O)C(=Cc2ccc([N+](=O)[O-])cc2)C(=O)/C=C/c2ccc(O)c(OC)c2)ccc1O"
"CHEMBL5527906","O=C1/C(=C/c2ccccc2Br)CSC/C1=C\c1ccccc1Br","O=C1/C(=C/c2ccccc2Br)CSC/C1=C\c1ccccc1Br"
"CHEMBL609162","COc1cc(/C=C/C(=O)/C=C/c2cc(OC)c(OCCO)c(OC)c2)cc(OC)c1OC","COc1cc(/C=C/C(=O)/C=C/c2cc(OC)c(OCCO)c(OC)c2)cc(OC)c1OC"
"CHEMBL605370","COc1cc(/C=C/C(=O)/C=C/c2cc(OC)c(OCCO)c(OC)c2)cc(OC)c1OCCO","COc1cc(/C=C/C(=O)/C=C/c2cc(OC)c(OCCO)c(OC)c2)cc(OC)c1OCCO"
"CHEMBL4649763","COc1cc(/C=C2\CCC/C(=C\c3ccccc3Br)C2=O)cc(OC)c1OC","COc1cc(/C=C2\CCC/C(=C\c3ccccc3Br)C2=O)cc(OC)c1OC"
"CHEMBL2430957","Cc1cccc2c(Oc3ccc(/C=C/C(=O)/C=C/c4cc([N+](=O)[O-])ccc4Cl)cc3)ncnc12","Cc1cccc2c(Oc3ccc(/C=C/C(=O)/C=C/c4cc([N+](=O)[O-])ccc4Cl)cc3)ncnc12"
"CHEMBL2430961","O=C(/C=C/c1ccc(F)cc1)/C=C/c1ccc(Oc2ncnc3ccccc23)cc1","O=C(/C=C/c1ccc(F)cc1)/C=C/c1ccc(Oc2ncnc3ccccc23)cc1"
"CHEMBL4067607","O=C1/C(=C/c2ccc(OC(=O)c3cccnc3)cc2)CCC/C1=C\c1ccc(OC(=O)c2cccnc2)cc1","O=C1/C(=C/c2ccc(OC(=O)c3cccnc3)cc2)CCC/C1=C\c1ccc(OC(=O)c2cccnc2)cc1"
"CHEMBL4089769","Cc1ccc(/C=C2\CCC/C(=C\c3ccc(OC(=O)c4cccnc4)cc3)C2=O)cc1","Cc1ccc(/C=C2\CCC/C(=C\c3ccc(OC(=O)c4cccnc4)cc3)C2=O)cc1"
"CHEMBL2297363","COc1cc(/C=C2\CNC/C(=C\c3cc(OC)cc(OC)c3)C2=O)cc(OC)c1","COc1cc(/C=C2\CNC/C(=C\c3cc(OC)cc(OC)c3)C2=O)cc(OC)c1"
"CHEMBL1630634","O=C1/C(=C/c2ccc(N3CCOCC3)cc2)CCC/C1=C\c1ccc(N2CCOCC2)cc1","O=C1/C(=C/c2ccc(N3CCOCC3)cc2)CCC/C1=C\c1ccc(N2CCOCC2)cc1"
"CHEMBL1631823","COc1ccc(/C=C2\CC/C(=C\c3ccc(OC)cc3F)C2=O)c(F)c1","COc1ccc(/C=C2\CC/C(=C\c3ccc(OC)cc3F)C2=O)c(F)c1"
"CHEMBL1630648","O=C1/C(=C/c2ccc(N3CCCCC3)cc2)CCC/C1=C\c1ccc(N2CCCCC2)cc1","O=C1/C(=C/c2ccc(N3CCCCC3)cc2)CCC/C1=C\c1ccc(N2CCCCC2)cc1"
"CHEMBL4867136","O=C1/C(=C/c2cccc(C(F)(F)F)c2)COC/C1=C\c1cccc(C(F)(F)F)c1","O=C1/C(=C/c2cccc(C(F)(F)F)c2)COC/C1=C\c1cccc(C(F)(F)F)c1"
"CHEMBL2396884","COc1ccc2c(c1)C=C(C(=O)/C=C/c1ccccc1OC)CO2","COc1ccc2c(c1)C=C(C(=O)/C=C/c1ccccc1OC)CO2"
"CHEMBL4458429","COc1ccc(/C=C/C(=O)/C=C/c2ccc(S(N)(=O)=O)cc2)cc1OC","COc1ccc(/C=C/C(=O)/C=C/c2ccc(S(N)(=O)=O)cc2)cc1OC"
"CHEMBL4088462","O=C1/C(=C/c2ccc(O)cc2)CCC/C1=C\c1ccc(Cl)cc1","O=C1/C(=C/c2ccc(O)cc2)CCC/C1=C\c1ccc(Cl)cc1"
"CHEMBL2064008","COc1ccc(/C=C/C(=O)C(=Cc2cc(OC)c(O)c(OC)c2)C(=O)/C=C/c2ccc(OC)cc2OC)c(OC)c1","COc1ccc(/C=C/C(=O)C(=Cc2cc(OC)c(O)c(OC)c2)C(=O)/C=C/c2ccc(OC)cc2OC)c(OC)c1"
"CHEMBL477049","O=C1/C(=C/c2ccccc2Cl)CC/C1=C\c1ccccc1Cl","O=C1/C(=C/c2ccccc2Cl)CC/C1=C\c1ccccc1Cl"
"CHEMBL5288912","C#CCOc1ccc(/C=C2\CCC/C(=C\c3ccc(OCC#C)cc3)C2=O)cc1","C#CCOc1ccc(/C=C2\CCC/C(=C\c3ccc(OCC#C)cc3)C2=O)cc1"
"CHEMBL4285855","CN1C/C(=C\c2ccc(O)c(O)c2)C(=O)/C(=C/c2ccc(O)c(O)c2)C1","CN1C/C(=C\c2ccc(O)c(O)c2)C(=O)/C(=C/c2ccc(O)c(O)c2)C1"
"CHEMBL4203029","O=C1/C(=C/c2ccccc2)CCC/C1=C\c1ccc(Cl)cc1","O=C1/C(=C/c2ccccc2)CCC/C1=C\c1ccc(Cl)cc1"
"CHEMBL4168713","COc1cc(/C=C2\CN(C)C/C(=C\c3ccc(Cl)cc3)C2=O)cc(OC)c1","COc1cc(/C=C2\CN(C)C/C(=C\c3ccc(Cl)cc3)C2=O)cc(OC)c1"
"CHEMBL592640","COc1cc(/C=C/C(=O)/C=C/c2cc(OC)c(OCc3cn(CCCCCCCCCCOC(=O)CSCc4c(C)n5c(C)c(C)c(=O)n5c4=O)nn3)c(OC)c2)cc(OC)c1OC","COc1cc(/C=C/C(=O)/C=C/c2cc(OC)c(OCc3cn(CCCCCCCCCCOC(=O)CSCc4c(C)n5c(C)c(C)c(=O)n5c4=O)nn3)c(OC)c2)cc(OC)c1OC"
"CHEMBL4063955","CCC(=O)Oc1ccc(/C=C2\CCC/C(=C\c3ccc(N4CCOCC4)cc3)C2=O)cc1OC","CCC(=O)Oc1ccc(/C=C2\CCC/C(=C\c3ccc(N4CCOCC4)cc3)C2=O)cc1OC"
"CHEMBL1795863","O=C1/C(=C/c2ccc3ccccc3c2)CNC/C1=C\c1ccc2ccccc2c1","O=C1/C(=C/c2ccc3ccccc3c2)CNC/C1=C\c1ccc2ccccc2c1"
"CHEMBL3923962","COc1ccc(/C=C/c2cc(OC)cc(OC)c2/C=C/C(=O)/C=C/c2ccc(C)cc2C)cc1","COc1ccc(/C=C/c2cc(OC)cc(OC)c2/C=C/C(=O)/C=C/c2ccc(C)cc2C)cc1"
"CHEMBL2063999","COc1ccc(OC)c(/C=C/C(=O)C(=Cc2ccc(O)c(OC)c2)C(=O)/C=C/c2cc(OC)ccc2OC)c1","COc1ccc(OC)c(/C=C/C(=O)C(=Cc2ccc(O)c(OC)c2)C(=O)/C=C/c2cc(OC)ccc2OC)c1"
"CHEMBL4159039","COc1cccc(/C=C2\CCC/C(=C\c3ccc(O)c(Br)c3)C2=O)c1OC","COc1cccc(/C=C2\CCC/C(=C\c3ccc(O)c(Br)c3)C2=O)c1OC"
"CHEMBL2391735","COc1cc(/C=C2\CCC/C(=C\c3cc(CN(C)C)c(O)c(OC)c3)C2=O)cc(CN(C)C)c1O","COc1cc(/C=C2\CCC/C(=C\c3cc(CN(C)C)c(O)c(OC)c3)C2=O)cc(CN(C)C)c1O"
"CHEMBL3314674","O=C1/C(=C/c2cccc(O)c2)CS(=O)(=O)C/C1=C/c1cccc(O)c1","O=C1/C(=C/c2cccc(O)c2)CS(=O)(=O)C/C1=C/c1cccc(O)c1"
"CHEMBL1289997","C#CCOc1ccc(/C=C/C(=O)/C=C/c2ccc(OC)c(OC)c2OC)cc1OC","C#CCOc1ccc(/C=C/C(=O)/C=C/c2ccc(OC)c(OC)c2OC)cc1OC"
"CHEMBL2063990","COc1cc(C=C(C(=O)/C=C/c2cccc(OC)c2OC)C(=O)/C=C/c2cccc(OC)c2OC)ccc1O","COc1cc(C=C(C(=O)/C=C/c2cccc(OC)c2OC)C(=O)/C=C/c2cccc(OC)c2OC)ccc1O"
"CHEMBL3115563","CC(C)=CCOc1ccc(/C=C2\CC/C(=C\c3ccc(OCC=C(C)C)cc3O)C2=O)c(O)c1","CC(C)=CCOc1ccc(/C=C2\CC/C(=C\c3ccc(OCC=C(C)C)cc3O)C2=O)c(O)c1"
"CHEMBL3409214","COc1ccc(O)c(/C=C/C(=O)/C=C/c2cc(OC)c(OC)c(OC)c2)c1","COc1ccc(O)c(/C=C/C(=O)/C=C/c2cc(OC)c(OC)c(OC)c2)c1"
"CHEMBL3787628","COCCSCCC(=O)N1C/C(=C\c2ccc(F)cc2)C(=O)/C(=C/c2ccc(F)cc2)C1","COCCSCCC(=O)N1C/C(=C\c2ccc(F)cc2)C(=O)/C(=C/c2ccc(F)cc2)C1"
"CHEMBL3787523","COCCSCCC(=O)N1C/C(=C\c2ccc([N+](=O)[O-])cc2)C(=O)/C(=C/c2ccc([N+](=O)[O-])cc2)C1","COCCSCCC(=O)N1C/C(=C\c2ccc([N+](=O)[O-])cc2)C(=O)/C(=C/c2ccc([N+](=O)[O-])cc2)C1"
"CHEMBL1271676","CCOP(=O)(OCC)N1C/C(=C\c2ccc(OC)c(OC)c2)C(=O)/C(=C/c2ccc(OC)c(OC)c2)C1","CCOP(=O)(OCC)N1C/C(=C\c2ccc(OC)c(OC)c2)C(=O)/C(=C/c2ccc(OC)c(OC)c2)C1"
"CHEMBL3981281","C=CCc1cc(/C=C2\COC/C(=C\c3ccc(O)c(CC=C)c3)C2=O)ccc1O","C=CCc1cc(/C=C2\COC/C(=C\c3ccc(O)c(CC=C)c3)C2=O)ccc1O"
"CHEMBL1271729","CCOP(=O)(OCC)N1C/C(=C\c2cc(OC)c(OC)c(OC)c2)C(=O)/C(=C/c2cc(OC)c(OC)c(OC)c2)C1","CCOP(=O)(OCC)N1C/C(=C\c2cc(OC)c(OC)c(OC)c2)C(=O)/C(=C/c2cc(OC)c(OC)c(OC)c2)C1"
"CHEMBL2391221","O=C1/C(=C\c2ccc(O)cc2)CN(C(=O)CC(=O)N2C/C(=C\c3ccc(O)cc3)C(=O)/C(=C/c3ccc(O)cc3)C2)C/C1=C\c1ccc(O)cc1","O=C1/C(=C\c2ccc(O)cc2)CN(C(=O)CC(=O)N2C/C(=C\c3ccc(O)cc3)C(=O)/C(=C/c3ccc(O)cc3)C2)C/C1=C\c1ccc(O)cc1"
"CHEMBL3317609","O=C(/C=C/c1ccc(Oc2ncnc3ccc(Cl)cc23)cc1)/C=C/c1cccc(Cl)c1Cl","O=C(/C=C/c1ccc(Oc2ncnc3ccc(Cl)cc23)cc1)/C=C/c1cccc(Cl)c1Cl"
"CHEMBL147127","O=C1/C(=C/c2ccccc2)CCCC/C1=C\c1ccccc1","O=C1/C(=C/c2ccccc2)CCCC/C1=C\c1ccccc1"
"CHEMBL3115547","C=CCOc1ccc(/C=C/C(=O)/C=C/c2ccc(OC)c(CC=C)c2)cc1","C=CCOc1ccc(/C=C/C(=O)/C=C/c2ccc(OC)c(CC=C)c2)cc1"
"CHEMBL3786205","COc1cccc(/C=C2\CC(C)C/C(=C\c3cccc(OC)c3Cl)C2=O)c1Cl","COc1cccc(/C=C2\CC(C)C/C(=C\c3cccc(OC)c3Cl)C2=O)c1Cl"
"CHEMBL5180389","O=C1/C(=C/c2ccc(C(F)(F)F)cc2)COC/C1=C\c1ccc(C(F)(F)F)cc1","O=C1/C(=C/c2ccc(C(F)(F)F)cc2)COC/C1=C\c1ccc(C(F)(F)F)cc1"
"CHEMBL492966","COc1cc(OC)c(/C=C/C(=O)/C=C/c2c(OC)cc(OC)cc2OC)c(OC)c1","COc1cc(OC)c(/C=C/C(=O)/C=C/c2c(OC)cc(OC)cc2OC)c(OC)c1"
"CHEMBL4290287","COc1ccc(/C=C2\CCC/C(=C\c3ccccc3Br)C2=O)cc1OC","COc1ccc(/C=C2\CCC/C(=C\c3ccccc3Br)C2=O)cc1OC"
"CHEMBL4170254","COc1ccc(/C=C2\CCC/C(=C\c3cccc(OC)c3OC)C2=O)cc1OC","COc1ccc(/C=C2\CCC/C(=C\c3cccc(OC)c3OC)C2=O)cc1OC"
"CHEMBL2380667","O=C1/C(=C/c2cccc3ccccc23)CN(C(=O)[C@H]2C[C@H]3CCCN3[C@]23C(=O)Nc2cc(Cl)ccc23)C/C1=C\c1cccc2ccccc12","O=C1/C(=C/c2cccc3ccccc23)CN(C(=O)[C@H]2C[C@H]3CCCN3[C@]23C(=O)Nc2cc(Cl)ccc23)C/C1=C\c1cccc2ccccc12"
"CHEMBL3907430","COc1ccc(/C=C2\CC(C(=O)N3CCN(C)CC3)C/C(=C\c3ccc(OC)cc3)C2=O)cc1","COc1ccc(/C=C2\CC(C(=O)N3CCN(C)CC3)C/C(=C\c3ccc(OC)cc3)C2=O)cc1"
"CHEMBL3754083","COc1cc(/C=C2\CCC/C(=C\c3ccccc3F)C2=O)ccc1O","COc1cc(/C=C2\CCC/C(=C\c3ccccc3F)C2=O)ccc1O"
"CHEMBL3753267","COc1cc(/C=C2\CCC/C(=C\c3cc(Br)c(O)c(Br)c3)C2=O)ccc1O","COc1cc(/C=C2\CCC/C(=C\c3cc(Br)c(O)c(Br)c3)C2=O)ccc1O"
"CHEMBL3800557","COc1cc(/C=C/C(=O)/C=C/c2cccc3ccccc23)ccc1OCc1cn(CCCCOc2cc(=O)oc3ccccc23)nn1","COc1cc(/C=C/C(=O)/C=C/c2cccc3ccccc23)ccc1OCc1cn(CCCCOc2cc(=O)oc3ccccc23)nn1"
"CHEMBL5285518","CN(C)CCCOc1ccc(/C=C2\CC/C(=C\c3ccccc3C(F)(F)F)C2=O)cc1","CN(C)CCCOc1ccc(/C=C2\CC/C(=C\c3ccccc3C(F)(F)F)C2=O)cc1"
"CHEMBL3786095","COc1cccc(/C=C2\CCC/C(=C\c3cccc(OC)c3Cl)C2=O)c1Cl","COc1cccc(/C=C2\CCC/C(=C\c3cccc(OC)c3Cl)C2=O)c1Cl"
"CHEMBL5276156","O=C(/C=C/c1ccccc1)/C=C/c1ccc(Cl)cc1","O=C(/C=C/c1ccccc1)/C=C/c1ccc(Cl)cc1"
"CHEMBL5283951","COc1ccc(C(=O)/C=C/c2ccc(C(=O)N3C/C(=C\c4ccccc4)C(=O)/C(=C/c4ccccc4)C3)cc2)cc1","COc1ccc(C(=O)/C=C/c2ccc(C(=O)N3C/C(=C\c4ccccc4)C(=O)/C(=C/c4ccccc4)C3)cc2)cc1"
"CHEMBL4530034","Cc1ccc(/C=C2\CN(C(=S)NC(=O)c3ccccc3)C/C(=C\c3ccc(C)cc3)C2=O)cc1","Cc1ccc(/C=C2\CN(C(=S)NC(=O)c3ccccc3)C/C(=C\c3ccc(C)cc3)C2=O)cc1"
"CHEMBL4089109","COc1cc(/C=C2\CC/C(=C\c3ccc(OC(=O)C(C)C)c(OC)c3)C2=O)ccc1OC(=O)C(C)C","COc1cc(/C=C2\CC/C(=C\c3ccc(OC(=O)C(C)C)c(OC)c3)C2=O)ccc1OC(=O)C(C)C"
"CHEMBL3787471","COc1ccc(/C=C2\CN(Cc3ccccc3)C/C(=C\c3ccc(OC)c(OC)c3Cl)C2=O)c(Cl)c1OC","COc1ccc(/C=C2\CN(Cc3ccccc3)C/C(=C\c3ccc(OC)c(OC)c3Cl)C2=O)c(Cl)c1OC"
"CHEMBL3115558","CC(C)=CCOc1ccc(/C=C/C(=O)/C=C/c2ccc(OCC=C(C)C)cc2)cc1","CC(C)=CCOc1ccc(/C=C/C(=O)/C=C/c2ccc(OCC=C(C)C)cc2)cc1"
"CHEMBL4176532","CN1C/C(=C\c2ccc(Br)cc2)C(=O)/C(=C/c2cccc([N+](=O)[O-])c2)C1","CN1C/C(=C\c2ccc(Br)cc2)C(=O)/C(=C/c2cccc([N+](=O)[O-])c2)C1"
"CHEMBL3753632","COc1cc(/C=C2\CCC/C(=C\c3c(C)cc(C)cc3C)C2=O)ccc1O","COc1cc(/C=C2\CCC/C(=C\c3c(C)cc(C)cc3C)C2=O)ccc1O"
"CHEMBL4546769","CCCC1C/C(=C/c2ccc(C(=O)NC)cc2)C(=O)/C(=C/c2ccc(C(=O)NC)cc2)C1","CCCC1C/C(=C/c2ccc(C(=O)NC)cc2)C(=O)/C(=C/c2ccc(C(=O)NC)cc2)C1"
"CHEMBL5641685","COc1cccc(OC)c1/C=C1\CCC/C(=C\c2ccc([N+](=O)[O-])cc2)C1=O","COc1cccc(OC)c1/C=C1\CCC/C(=C\c2ccc([N+](=O)[O-])cc2)C1=O"
"CHEMBL1928983","COc1ccc(/C=C/c2cc(OC)cc(OC)c2/C=C/C(=O)/C=C/c2ccc(F)c(Cl)c2)cc1","COc1ccc(/C=C/c2cc(OC)cc(OC)c2/C=C/C(=O)/C=C/c2ccc(F)c(Cl)c2)cc1"
"CHEMBL5283760","O=C(/C=C/c1ccccc1)/C=C/c1ccc(Br)cc1","O=C(/C=C/c1ccccc1)/C=C/c1ccc(Br)cc1"
"CHEMBL5283573","O=C(/C=C/c1ccccc1)/C=C/c1cccc(O)c1","O=C(/C=C/c1ccccc1)/C=C/c1cccc(O)c1"
"CHEMBL1795870","C=CC(=O)N1C/C(=C\c2ccc3ccccc3c2)C(=O)/C(=C/c2ccc3ccccc3c2)C1","C=CC(=O)N1C/C(=C\c2ccc3ccccc3c2)C(=O)/C(=C/c2ccc3ccccc3c2)C1"
"CHEMBL5277911","O=C1/C(=C/c2ccccc2)CN(C(=O)/C=C/c2ccc(Cl)cc2)C/C1=C\c1ccccc1","O=C1/C(=C/c2ccccc2)CN(C(=O)/C=C/c2ccc(Cl)cc2)C/C1=C\c1ccccc1"
"CHEMBL4559014","Cc1ccc(/C=C2\CN(Cc3cn(Cc4cccc(Cl)c4)nn3)C/C(=C\c3ccc(C)cc3)C2=O)cc1","Cc1ccc(/C=C2\CN(Cc3cn(Cc4cccc(Cl)c4)nn3)C/C(=C\c3ccc(C)cc3)C2=O)cc1"
"CHEMBL4553745","CN1C/C(=C\c2ccccc2Cl)C(=O)/C(=C/c2ccccc2Cl)C1","CN1C/C(=C\c2ccccc2Cl)C(=O)/C(=C/c2ccccc2Cl)C1"
"CHEMBL3314664","O=C1/C(=C/c2cccc(F)c2)CSC/C1=C\c1ccc(O)c(O)c1","O=C1/C(=C/c2cccc(F)c2)CSC/C1=C\c1ccc(O)c(O)c1"
"CHEMBL158037","C=CC(=O)N1C/C(=C\c2ccc([N+](=O)[O-])cc2)C(=O)/C(=C/c2ccc([N+](=O)[O-])cc2)C1","C=CC(=O)N1C/C(=C\c2ccc([N+](=O)[O-])cc2)C(=O)/C(=C/c2ccc([N+](=O)[O-])cc2)C1"
"CHEMBL497169","Cc1cc(/C=C2\CCC/C(=C\c3cc(C)c(O)c(C)c3)C2=O)cc(C)c1O","Cc1cc(/C=C2\CCC/C(=C\c3cc(C)c(O)c(C)c3)C2=O)cc(C)c1O"
"CHEMBL1802460","O=C1/C(=C/c2ccc(O)c(Br)c2)CN(Cc2ccccc2Cl)C/C1=C\c1ccc(O)c(Br)c1","O=C1/C(=C/c2ccc(O)c(Br)c2)CN(Cc2ccccc2Cl)C/C1=C\c1ccc(O)c(Br)c1"
"CHEMBL598715","C#CCOc1c(OC)cc(/C=C/C(=O)/C=C/c2cc(OC)c(OCC#C)c(OC)c2)cc1OC","C#CCOc1c(OC)cc(/C=C/C(=O)/C=C/c2cc(OC)c(OCC#C)c(OC)c2)cc1OC"
"CHEMBL1308313","CCN1C/C(=C/c2cccc([N+](=O)[O-])c2)C(=O)/C(=C/c2cccc([N+](=O)[O-])c2)C1","CCN1C/C(=C/c2cccc([N+](=O)[O-])c2)C(=O)/C(=C/c2cccc([N+](=O)[O-])c2)C1"
"CHEMBL1254869","O=C1/C(=C/c2ccccc2F)CN(C(=O)c2ccccc2C(=O)O)C/C1=C\c1ccccc1F","O=C1/C(=C/c2ccccc2F)CN(C(=O)c2ccccc2C(=O)O)C/C1=C\c1ccccc1F"
"CHEMBL3314661","COc1ccc(/C=C2\CSC/C(=C\c3ccc(OC)c(O)c3)C2=O)cc1O","COc1ccc(/C=C2\CSC/C(=C\c3ccc(OC)c(O)c3)C2=O)cc1O"
"CHEMBL3977686","COc1ccc(/C=C/c2cc(OC)cc(OC)c2/C=C/C(=O)/C=C/c2ccc(O)c(Br)c2)cc1","COc1ccc(/C=C/c2cc(OC)cc(OC)c2/C=C/C(=O)/C=C/c2ccc(O)c(Br)c2)cc1"
"CHEMBL4164743","COc1cc(/C=C/C(=O)/C=C/c2ccccc2)ccc1O","COc1cc(/C=C/C(=O)/C=C/c2ccccc2)ccc1O"
"CHEMBL1098385","C=C(Br)C(=O)Nc1cccc(/C=C2\CC(C)C/C(=C\c3cccc(NC(=O)C(=C)Br)c3)C2=O)c1","C=C(Br)C(=O)Nc1cccc(/C=C2\CC(C)C/C(=C\c3cccc(NC(=O)C(=C)Br)c3)C2=O)c1"
"CHEMBL515630","O=C1/C(=C/c2ccccc2C(F)(F)F)CC/C1=C\c1ccccc1C(F)(F)F","O=C1/C(=C/c2ccccc2C(F)(F)F)CC/C1=C\c1ccccc1C(F)(F)F"
"CHEMBL602658","CCCCCCCCCCCCCCOc1cccc(/C=C/C(=O)/C=C/c2cc(OC)c(OC)c(OC)c2)c1","CCCCCCCCCCCCCCOc1cccc(/C=C/C(=O)/C=C/c2cc(OC)c(OC)c(OC)c2)c1"
"CHEMBL5205760","Cc1ccc(/C=C2\COC/C(=C\c3ccc(C)cc3)C2=O)cc1","Cc1ccc(/C=C2\COC/C(=C\c3ccc(C)cc3)C2=O)cc1"
"CHEMBL3961786","CCN(CC)CCNC(=O)C1C/C(=C\c2ccc(OC)cc2)C(=O)/C(=C/c2ccc(OC)cc2)C1","CCN(CC)CCNC(=O)C1C/C(=C\c2ccc(OC)cc2)C(=O)/C(=C/c2ccc(OC)cc2)C1"
"CHEMBL3741846","C=CCOc1ccc(/C=C/C(=O)/C=C/c2ccc(O)c(OC)c2)cc1","C=CCOc1ccc(/C=C/C(=O)/C=C/c2ccc(O)c(OC)c2)cc1"
"CHEMBL5278559","O=C(/C=C/c1ccccc1)/C=C/c1ccc(Cl)c(Cl)c1","O=C(/C=C/c1ccccc1)/C=C/c1ccc(Cl)c(Cl)c1"
"CHEMBL3275878","COc1cc(/C=C2\CCC/C(=C\c3cc(OC)c(OCc4ccccc4)c(OC)c3)C2=O)cc(OC)c1OCc1ccccc1","COc1cc(/C=C2\CCC/C(=C\c3cc(OC)c(OCc4ccccc4)c(OC)c3)C2=O)cc(OC)c1OCc1ccccc1"
"CHEMBL4641321","COc1cc(/C=C2\CCC/C(=C\c3ccc(F)c(F)c3)C2=O)cc(OC)c1OC","COc1cc(/C=C2\CCC/C(=C\c3ccc(F)c(F)c3)C2=O)cc(OC)c1OC"
"CHEMBL3751989","COc1cc(/C=C2\CC/C(=C\c3cc(C)ccc3C)C2=O)ccc1O","COc1cc(/C=C2\CC/C(=C\c3cc(C)ccc3C)C2=O)ccc1O"
"CHEMBL4534655","O=C1C(c2ccccc2)=C(c2ccccc2)C(c2ccccc2)=C1c1ccccc1","O=C1C(c2ccccc2)=C(c2ccccc2)C(c2ccccc2)=C1c1ccccc1"
"CHEMBL4794672","Cc1ccc(S(=O)(=O)N2C/C(=C\c3cccc(F)c3)C(=O)/C(=C/c3cccc(F)c3)C2)cc1","Cc1ccc(S(=O)(=O)N2C/C(=C\c3cccc(F)c3)C(=O)/C(=C/c3cccc(F)c3)C2)cc1"
"CHEMBL4228931","CC[C@H](NC(=O)N1C/C(=C\c2ccc(F)cc2)C(=O)/C(=C/c2ccc(F)cc2)C1)B1OC(C)(C)C(C)(C)O1","CC[C@H](NC(=O)N1C/C(=C\c2ccc(F)cc2)C(=O)/C(=C/c2ccc(F)cc2)C1)B1OC(C)(C)C(C)(C)O1"
"CHEMBL1271789","CCOP(=O)(OCC)N1C/C(=C\c2ccc(Cl)cc2)C(=O)/C(=C/c2ccc(Cl)cc2)C1","CCOP(=O)(OCC)N1C/C(=C\c2ccc(Cl)cc2)C(=O)/C(=C/c2ccc(Cl)cc2)C1"
"CHEMBL3752815","COc1cc(/C=C2\CCC/C(=C\c3ccccc3OC)C2=O)ccc1O","COc1cc(/C=C2\CCC/C(=C\c3ccccc3OC)C2=O)ccc1O"
"CHEMBL3914120","COc1cccc(/C=C2\CC/C(=C\c3cc(OC)cc(OC)c3)C2=O)c1","COc1cccc(/C=C2\CC/C(=C\c3cc(OC)cc(OC)c3)C2=O)c1"
"CHEMBL2297175","CCN(CC)c1ccc(/C=C2\CN(C)C/C(=C\c3ccc(N(CC)CC)cc3)C2=O)cc1","CCN(CC)c1ccc(/C=C2\CN(C)C/C(=C\c3ccc(N(CC)CC)cc3)C2=O)cc1"
"CHEMBL2386418","COc1ccc(/C=C2\CNC/C(=C\c3ccc(OC)c(OC)c3)C2=O)cc1OC","COc1ccc(/C=C2\CNC/C(=C\c3ccc(OC)c(OC)c3)C2=O)cc1OC"
"CHEMBL1800974","COc1ccc(/C=C/C(=O)C(=Cc2cccc(OC)c2OC)C(=O)/C=C/c2ccc(OC)c(OC)c2)cc1OC","COc1ccc(/C=C/C(=O)C(=Cc2cccc(OC)c2OC)C(=O)/C=C/c2ccc(OC)c(OC)c2)cc1OC"
"CHEMBL4173227","COc1ccc(/C=C2\COC/C(=C\c3ccc(OC)c(O)c3)C2=O)c(C(F)(F)F)c1","COc1ccc(/C=C2\COC/C(=C\c3ccc(OC)c(O)c3)C2=O)c(C(F)(F)F)c1"
"CHEMBL2386414","COc1ccc(/C=C2\CN(C)C/C(=C\c3ccc(OC)c(OC)c3)C2=O)cc1OC","COc1ccc(/C=C2\CN(C)C/C(=C\c3ccc(OC)c(OC)c3)C2=O)cc1OC"
"CHEMBL1800972","COc1ccc(OC)c(C=C(C(=O)/C=C/c2ccc(O)c(OC)c2)C(=O)/C=C/c2ccc(O)c(OC)c2)c1","COc1ccc(OC)c(C=C(C(=O)/C=C/c2ccc(O)c(OC)c2)C(=O)/C=C/c2ccc(O)c(OC)c2)c1"
"CHEMBL1093989","CCOc1ccc(/C=C/C(=O)/C=C/c2ccc(OCC)cc2)cc1","CCOc1ccc(/C=C/C(=O)/C=C/c2ccc(OCC)cc2)cc1"
"CHEMBL4170550","COc1cc(/C=C2\CN(S(=O)(=O)c3ccc(NC(C)=O)cc3)C/C(=C\c3cc(OC)c(OC)c(OC)c3)C2=O)cc(OC)c1OC","COc1cc(/C=C2\CN(S(=O)(=O)c3ccc(NC(C)=O)cc3)C/C(=C\c3cc(OC)c(OC)c(OC)c3)C2=O)cc(OC)c1OC"
"CHEMBL4167872","COc1cc(/C=C2\CN(S(=O)(=O)c3ccc(NC(C)=O)cc3)C/C(=C\c3cc(OC)c(OC)c(OC)c3)C2=O)cc(OC)c1","COc1cc(/C=C2\CN(S(=O)(=O)c3ccc(NC(C)=O)cc3)C/C(=C\c3cc(OC)c(OC)c(OC)c3)C2=O)cc(OC)c1"
"CHEMBL255168","CN(C)c1ccc(/C=C/C(=O)/C=C/c2ccc(N(C)C)cc2)cc1","CN(C)c1ccc(/C=C/C(=O)/C=C/c2ccc(N(C)C)cc2)cc1"
"CHEMBL4166258","COc1ccc(/C=C2\CCC/C(=C\c3cccc(OC)c3OC)C2=O)cc1","COc1ccc(/C=C2\CCC/C(=C\c3cccc(OC)c3OC)C2=O)cc1"
"CHEMBL393205","COc1ccc(NC(=O)/C=C/C(=O)N2C/C(=C\c3ccccc3)C(=O)/C(=C/c3ccccc3)C2)cc1","COc1ccc(NC(=O)/C=C/C(=O)N2C/C(=C\c3ccccc3)C(=O)/C(=C/c3ccccc3)C2)cc1"
"CHEMBL473087","O=C1/C(=C/c2ccc([N+](=O)[O-])cc2)CCC/C1=C\c1ccc([N+](=O)[O-])cc1","O=C1/C(=C/c2ccc([N+](=O)[O-])cc2)CCC/C1=C\c1ccc([N+](=O)[O-])cc1"
"CHEMBL2316159","COc1cc(/C=C2\CCC/C(=C\c3cc(C(C)(C)C)c(O)c(C(C)(C)C)c3)C2=O)cc(OC)c1","COc1cc(/C=C2\CCC/C(=C\c3cc(C(C)(C)C)c(O)c(C(C)(C)C)c3)C2=O)cc(OC)c1"
"CHEMBL2315082","CN(C)CCCCOc1ccc(/C=C2\CC/C(=C\c3ccc(OCCCCN(C)C)cc3)C2=O)cc1","CN(C)CCCCOc1ccc(/C=C2\CC/C(=C\c3ccc(OCCCCN(C)C)cc3)C2=O)cc1"
"CHEMBL2235195","COc1cc(/C=C2\CCC/C(=C\c3ccc(OC(C)=O)c(OC)c3)C2=O)ccc1OC(C)=O","COc1cc(/C=C2\CCC/C(=C\c3ccc(OC(C)=O)c(OC)c3)C2=O)ccc1OC(C)=O"
"CHEMBL3787299","COc1ccc(/C=C2\CN(C)C/C(=C\c3ccc(OC)c(OC)c3Cl)C2=O)c(Cl)c1OC","COc1ccc(/C=C2\CN(C)C/C(=C\c3ccc(OC)c(OC)c3Cl)C2=O)c(Cl)c1OC"
"CHEMBL1094394","C=C(Br)C(=O)Nc1cccc(/C=C/C(=O)/C=C/c2cccc(NC(=O)C(=C)Br)c2)c1","C=C(Br)C(=O)Nc1cccc(/C=C/C(=O)/C=C/c2cccc(NC(=O)C(=C)Br)c2)c1"
"CHEMBL1767381","CNc1ccccc1/C=C/C(=O)/C=C/c1ccc(N(C)C)cc1","CNc1ccccc1/C=C/C(=O)/C=C/c1ccc(N(C)C)cc1"
"CHEMBL3818408","COc1ccc(/C=C(\C)C(=O)/C=C/c2cccc(Br)c2)cc1","COc1ccc(/C=C(\C)C(=O)/C=C/c2cccc(Br)c2)cc1"
"CHEMBL2315384","COc1cc(/C=C2\CC/C(=C\c3ccc(OCCn4ccnc4)c(OC)c3)C2=O)ccc1OCCn1ccnc1","COc1cc(/C=C2\CC/C(=C\c3ccc(OCCn4ccnc4)c(OC)c3)C2=O)ccc1OCCn1ccnc1"
"CHEMBL357795","N=C(N)c1ccc(/C=C2/CCCCCC/C(=C\c3ccc(C(=N)N)cc3)C2=O)cc1","N=C(N)c1ccc(/C=C2/CCCCCC/C(=C\c3ccc(C(=N)N)cc3)C2=O)cc1"
"CHEMBL2332545","O=C1/C(=C/c2cccc3ccccc23)CN(C(=O)C[C@H]2C[C@H]3CCCN3[C@]23C(=O)Nc2ccccc23)C/C1=C\c1cccc2ccccc12","O=C1/C(=C/c2cccc3ccccc23)CN(C(=O)C[C@H]2C[C@H]3CCCN3[C@]23C(=O)Nc2ccccc23)C/C1=C\c1cccc2ccccc12"
"CHEMBL454594","C=CC(=O)N1C/C(=C\c2ccc(C)cc2)C(=O)/C(=C/c2ccc(C)cc2)C1","C=CC(=O)N1C/C(=C\c2ccc(C)cc2)C(=O)/C(=C/c2ccc(C)cc2)C1"
"CHEMBL1254541","O=C1/C(=C/c2cccc(Cl)c2)CNC/C1=C\c1cccc(Cl)c1","O=C1/C(=C/c2cccc(Cl)c2)CNC/C1=C\c1cccc(Cl)c1"
"CHEMBL4160823","COc1ccc(/C=C2\COC/C(=C\c3ccc(O)c(OC)c3)C2=O)cc1O","COc1ccc(/C=C2\COC/C(=C\c3ccc(O)c(OC)c3)C2=O)cc1O"
"CHEMBL4166807","COc1ccc(OC)c(/C=C2\COC/C(=C\c3ccc(OC)c(O)c3)C2=O)c1","COc1ccc(OC)c(/C=C2\COC/C(=C\c3ccc(OC)c(O)c3)C2=O)c1"
"CHEMBL4470796","CCCCNC(=S)N1C/C(=C\c2ccc(C)cc2)C(=O)/C(=C/c2ccc(C)cc2)C1","CCCCNC(=S)N1C/C(=C\c2ccc(C)cc2)C(=O)/C(=C/c2ccc(C)cc2)C1"
"CHEMBL4209683","COc1cc(/C=C2\CCC/C(=C\c3ccccc3)C2=O)cc(OC)c1OC","COc1cc(/C=C2\CCC/C(=C\c3ccccc3)C2=O)cc(OC)c1OC"
"CHEMBL2332980","O=C1/C(=C/c2ccc(F)cc2)CN(C(=O)C[C@H]2C[C@H]3CCCN3[C@]23C(=O)Nc2ccccc23)C/C1=C\c1ccc(F)cc1","O=C1/C(=C/c2ccc(F)cc2)CN(C(=O)C[C@H]2C[C@H]3CCCN3[C@]23C(=O)Nc2ccccc23)C/C1=C\c1ccc(F)cc1"
"CHEMBL3104697","O=C1/C(=C/c2ccc([N+](=O)[O-])cc2)CC/C1=C\c1ccc([N+](=O)[O-])cc1","O=C1/C(=C/c2ccc([N+](=O)[O-])cc2)CC/C1=C\c1ccc([N+](=O)[O-])cc1"
"CHEMBL3220165","C=CCOc1ccc(/C=C/C(=O)/C=C/c2cccc(Cl)c2Cl)cc1","C=CCOc1ccc(/C=C/C(=O)/C=C/c2cccc(Cl)c2Cl)cc1"
"CHEMBL2386415","CCN1C/C(=C\c2ccccc2Br)C(=O)/C(=C/c2ccccc2Br)C1","CCN1C/C(=C\c2ccccc2Br)C(=O)/C(=C/c2ccccc2Br)C1"
"CHEMBL477052","COc1cccc(/C=C/C(=O)/C=C/c2cccc(OC)c2OC)c1OC","COc1cccc(/C=C/C(=O)/C=C/c2cccc(OC)c2OC)c1OC"
"CHEMBL1091285","O=C1/C(=C/c2cccc(Cl)c2Cl)CCC/C1=C\c1cccc(Cl)c1Cl","O=C1/C(=C/c2cccc(Cl)c2Cl)CCC/C1=C\c1cccc(Cl)c1Cl"
"CHEMBL2064009","COc1ccc(/C=C/C(=O)C(=Cc2ccc(OC)c(O)c2)C(=O)/C=C/c2ccc(OC)cc2OC)c(OC)c1","COc1ccc(/C=C/C(=O)C(=Cc2ccc(OC)c(O)c2)C(=O)/C=C/c2ccc(OC)cc2OC)c(OC)c1"
"CHEMBL3634703","CCCCCCCCCCCCCC#CC(=O)Oc1ccc(/C=C/C(=O)/C=C/c2ccc(OC(=O)C#CCCCCCCCCCCCCC)c(OC)c2)cc1OC","CCCCCCCCCCCCCC#CC(=O)Oc1ccc(/C=C/C(=O)/C=C/c2ccc(OC(=O)C#CCCCCCCCCCCCCC)c(OC)c2)cc1OC"
"CHEMBL3403491","CCCCCCCCCCCCCCCC(=O)Oc1ccc(/C=C/C(=O)/C=C/c2ccc(OC(=O)CCCCCCCCCCCCCCC)c(OC)c2)cc1OC","CCCCCCCCCCCCCCCC(=O)Oc1ccc(/C=C/C(=O)/C=C/c2ccc(OC(=O)CCCCCCCCCCCCCCC)c(OC)c2)cc1OC"
"CHEMBL5277184","CCN1C/C(=C\c2ccc(OC)c(OC)c2OC)C(=O)/C(=C/c2ccc(OC)c(OC)c2OC)C1","CCN1C/C(=C\c2ccc(OC)c(OC)c2OC)C(=O)/C(=C/c2ccc(OC)c(OC)c2OC)C1"
"CHEMBL1094119","C=C(Br)C(=O)Nc1ccc(/C=C/C(=O)/C=C/c2ccc(OC)cc2)cc1","C=C(Br)C(=O)Nc1ccc(/C=C/C(=O)/C=C/c2ccc(OC)cc2)cc1"
"CHEMBL2064107","COc1cc(OC)c(/C=C/C(=O)C(=Cc2cc(Br)c(O)c(OC)c2)C(=O)/C=C/c2c(OC)cc(OC)cc2OC)c(OC)c1","COc1cc(OC)c(/C=C/C(=O)C(=Cc2cc(Br)c(O)c(OC)c2)C(=O)/C=C/c2c(OC)cc(OC)cc2OC)c(OC)c1"
"CHEMBL2063997","COc1cccc(/C=C/C(=O)C(=Cc2ccc(OC)c(OC)c2OC)C(=O)/C=C/c2cccc(OC)c2OC)c1OC","COc1cccc(/C=C/C(=O)C(=Cc2ccc(OC)c(OC)c2OC)C(=O)/C=C/c2cccc(OC)c2OC)c1OC"
"CHEMBL1993449","CC(=O)N1C/C(=C\c2ccccc2)C(=O)/C(=C/c2ccccc2)C1","CC(=O)N1C/C(=C\c2ccccc2)C(=O)/C(=C/c2ccccc2)C1"
"CHEMBL3793110","COc1cc(/C=C2\CCC/C(=C\c3ccc(C)cc3)C2=O)ccc1O","COc1cc(/C=C2\CCC/C(=C\c3ccc(C)cc3)C2=O)ccc1O"
"CHEMBL3973715","C=CCc1cc(/C=C2\CNC/C(=C\c3ccc(O)c(CC=C)c3)C2=O)ccc1O","C=CCc1cc(/C=C2\CNC/C(=C\c3ccc(O)c(CC=C)c3)C2=O)ccc1O"
"CHEMBL4582275","CCCCNC(=S)N1C/C(=C\c2ccccc2F)C(=O)/C(=C/c2ccccc2F)C1","CCCCNC(=S)N1C/C(=C\c2ccccc2F)C(=O)/C(=C/c2ccccc2F)C1"
"CHEMBL4786668","CC(=O)Nc1ccc(S(=O)(=O)N2C/C(=C\c3ccc(F)cc3)C(=O)/C(=C/c3ccc(F)cc3)C2)cc1","CC(=O)Nc1ccc(S(=O)(=O)N2C/C(=C\c3ccc(F)cc3)C(=O)/C(=C/c3ccc(F)cc3)C2)cc1"
"CHEMBL4104091","O=C1/C(=C/c2ccccc2F)COC/C1=C\c1ccccc1Br","O=C1/C(=C/c2ccccc2F)COC/C1=C\c1ccccc1Br"
"CHEMBL3275877","COc1cc(/C=C2\CCC/C(=C\c3ccc(OCc4ccccc4)c(OC)c3)C2=O)ccc1OCc1ccccc1","COc1cc(/C=C2\CCC/C(=C\c3ccc(OCc4ccccc4)c(OC)c3)C2=O)ccc1OCc1ccccc1"
"CHEMBL4592214","COc1ccc(/C=C2\CN(C(=S)NCc3ccccc3)C/C(=C\c3ccc(OC)cc3)C2=O)cc1","COc1ccc(/C=C2\CN(C(=S)NCc3ccccc3)C/C(=C\c3ccc(OC)cc3)C2=O)cc1"
"CHEMBL4204199","COc1ccc(OC)c(/C=C2\CCC/C(=C\c3ccccc3)C2=O)c1","COc1ccc(OC)c(/C=C2\CCC/C(=C\c3ccccc3)C2=O)c1"
"CHEMBL4165302","CN1C/C(=C\c2ccc(C#N)cc2)C(=O)/C(=C/c2ccccc2F)C1","CN1C/C(=C\c2ccc(C#N)cc2)C(=O)/C(=C/c2ccccc2F)C1"
"CHEMBL3786918","COc1cccc(/C=C2\COC/C(=C\c3cccc(OC)c3Cl)C2=O)c1Cl","COc1cccc(/C=C2\COC/C(=C\c3cccc(OC)c3Cl)C2=O)c1Cl"
"CHEMBL4162370","CC(=O)Oc1ccc(/C=C/C(=O)/C=C/c2ccc(OC(C)=O)cc2)cc1","CC(=O)Oc1ccc(/C=C/C(=O)/C=C/c2ccc(OC(C)=O)cc2)cc1"
"CHEMBL4636664","COc1cc(/C=C2\CCC/C(=C\c3ccc(O)c(O)c3)C2=O)cc(OC)c1OC","COc1cc(/C=C2\CCC/C(=C\c3ccc(O)c(O)c3)C2=O)cc(OC)c1OC"
"CHEMBL3931272","COc1ccc(/C=C/c2cc(OC)cc(OC)c2/C=C/C(=O)/C=C/c2ccccc2C(F)(F)F)cc1","COc1ccc(/C=C/c2cc(OC)cc(OC)c2/C=C/C(=O)/C=C/c2ccccc2C(F)(F)F)cc1"
"CHEMBL4546949","O=C1/C(=C/c2ccccc2F)CN(C(=S)SCc2cn(Cc3ccccc3Cl)nn2)C/C1=C\c1ccccc1F","O=C1/C(=C/c2ccccc2F)CN(C(=S)SCc2cn(Cc3ccccc3Cl)nn2)C/C1=C\c1ccccc1F"
"CHEMBL4517814","Cc1ccc(/C=C2\CN(Cc3cn(Cc4ccc(F)cc4)nn3)C/C(=C\c3ccc(C)cc3)C2=O)cc1","Cc1ccc(/C=C2\CN(Cc3cn(Cc4ccc(F)cc4)nn3)C/C(=C\c3ccc(C)cc3)C2=O)cc1"
"CHEMBL4542345","COc1ccc(/C=C2\CN(C(=S)SCc3cn(Cc4ccccc4F)nn3)C/C(=C\c3ccc(OC)cc3)C2=O)cc1","COc1ccc(/C=C2\CN(C(=S)SCc3cn(Cc4ccccc4F)nn3)C/C(=C\c3ccc(OC)cc3)C2=O)cc1"
"CHEMBL4519997","CCN1C/C(=C/c2ccccc2OC(F)F)C(=O)/C(=C/c2ccccc2OC(F)F)C1","CCN1C/C(=C/c2ccccc2OC(F)F)C(=O)/C(=C/c2ccccc2OC(F)F)C1"
"CHEMBL4225161","CCC[C@H](NC(=O)N1C/C(=C\c2ccc(F)cc2)C(=O)/C(=C/c2ccc(F)cc2)C1)B1OC(C)(C)C(C)(C)O1","CCC[C@H](NC(=O)N1C/C(=C\c2ccc(F)cc2)C(=O)/C(=C/c2ccc(F)cc2)C1)B1OC(C)(C)C(C)(C)O1"
"CHEMBL4175079","COc1cc(/C=C2\CN(S(=O)(=O)c3ccc(NC(C)=O)cc3)C/C(=C\c3ccccc3F)C2=O)cc(OC)c1","COc1cc(/C=C2\CN(S(=O)(=O)c3ccc(NC(C)=O)cc3)C/C(=C\c3ccccc3F)C2=O)cc(OC)c1"
"CHEMBL4205013","O=C1/C(=C/c2ccccc2)CCC/C1=C\c1ccc(F)cc1","O=C1/C(=C/c2ccccc2)CCC/C1=C\c1ccc(F)cc1"
"CHEMBL1767382","CN(C)c1ccc(/C=C/C(=O)/C=C/c2c(Cl)cccc2Cl)cc1","CN(C)c1ccc(/C=C/C(=O)/C=C/c2c(Cl)cccc2Cl)cc1"
"CHEMBL4516754","CCCCCC1C/C(=C\c2ccc(C(F)(F)F)cc2)C(=O)/C(=C/c2ccc(C(F)(F)F)cc2)C1","CCCCCC1C/C(=C\c2ccc(C(F)(F)F)cc2)C(=O)/C(=C/c2ccc(C(F)(F)F)cc2)C1"
"CHEMBL5284850","COc1ccc(/C=C/C(=O)N2C/C(=C\c3ccccc3)C(=O)/C(=C/c3ccccc3)C2)cc1OC","COc1ccc(/C=C/C(=O)N2C/C(=C\c3ccccc3)C(=O)/C(=C/c3ccccc3)C2)cc1OC"
"CHEMBL1631821","O=C1/C(=C/c2c(F)cccc2C(F)(F)F)CC/C1=C\c1c(F)cccc1C(F)(F)F","O=C1/C(=C/c2c(F)cccc2C(F)(F)F)CC/C1=C\c1c(F)cccc1C(F)(F)F"
"CHEMBL440410","O=C(/C=C/c1ccc(O)c(Br)c1)/C=C/c1cc(Br)c(O)c(Br)c1","O=C(/C=C/c1ccc(O)c(Br)c1)/C=C/c1cc(Br)c(O)c(Br)c1"
"CHEMBL4741893","C=CCc1cc(/C=C2\CN(C(=O)c3ccc(Cl)cc3)C/C(=C\c3ccc(O)c(CC=C)c3)C2=O)ccc1O","C=CCc1cc(/C=C2\CN(C(=O)c3ccc(Cl)cc3)C/C(=C\c3ccc(O)c(CC=C)c3)C2=O)ccc1O"
"CHEMBL1574218","CCOc1cc(/C=C2\CCC/C(=C\c3cc(Cl)c(O)c(OCC)c3)C2=O)cc(Cl)c1O","CCOc1cc(/C=C2\CCC/C(=C\c3cc(Cl)c(O)c(OCC)c3)C2=O)cc(Cl)c1O"
"CHEMBL260149","O=C1/C(=C/c2cc(Br)c(O)c(Br)c2)CCC/C1=C\c1cc(Br)c(O)c(Br)c1","O=C1/C(=C/c2cc(Br)c(O)c(Br)c2)CCC/C1=C\c1cc(Br)c(O)c(Br)c1"
"CHEMBL2001740","CN1C/C(=C\c2ccccc2[N+](=O)[O-])C(=O)/C(=C/c2ccccc2[N+](=O)[O-])C1.Cl","CN1C/C(=C\c2ccccc2[N+](=O)[O-])C(=O)/C(=C/c2ccccc2[N+](=O)[O-])C1.Cl"
"CHEMBL1289547","CN1C/C(=C\c2ccc3ncccc3c2)C(=O)/C(=C/c2ccc3ncccc3c2)C1","CN1C/C(=C\c2ccc3ncccc3c2)C(=O)/C(=C/c2ccc3ncccc3c2)C1"
"CHEMBL1814473","CC1(C)C=C(NC(=O)N2C/C(=C\c3ccc(F)cc3)C(=O)/C(=C/c3ccc(F)cc3)C2)C(C)(C)N1[O]","CC1(C)C=C(NC(=O)N2C/C(=C\c3ccc(F)cc3)C(=O)/C(=C/c3ccc(F)cc3)C2)C(C)(C)N1[O]"
"CHEMBL1650137","NCCCC[C@H](NC(=O)N1C/C(=C\c2ccc(Cl)c(Cl)c2)C(=O)/C(=C/c2ccc(Cl)c(Cl)c2)C1)C(=O)O","NCCCC[C@H](NC(=O)N1C/C(=C\c2ccc(Cl)c(Cl)c2)C(=O)/C(=C/c2ccc(Cl)c(Cl)c2)C1)C(=O)O"
"CHEMBL1322375","COc1cc(/C=C2/CC/C(=C/c3ccc(O)c(OC)c3)C2=O)ccc1O","COc1cc(/C=C2/CC/C(=C/c3ccc(O)c(OC)c3)C2=O)ccc1O"
"CHEMBL1289546","O=C1/C(=C\c2ccc3ncccc3c2)CCC/C1=C/c1ccc2ncccc2c1","O=C1/C(=C\c2ccc3ncccc3c2)CCC/C1=C/c1ccc2ncccc2c1"
"CHEMBL3219579","CCOC(=O)COc1ccc(/C=C/C(=O)/C=C/c2cccc(Cl)c2Cl)cc1","CCOC(=O)COc1ccc(/C=C/C(=O)/C=C/c2cccc(Cl)c2Cl)cc1"
"CHEMBL3289940","CN(C)c1ccc(/C=C2\CC/C(=C\c3ccc(N(C)C)cc3[N+](=O)[O-])C2=O)c([N+](=O)[O-])c1","CN(C)c1ccc(/C=C2\CC/C(=C\c3ccc(N(C)C)cc3[N+](=O)[O-])C2=O)c([N+](=O)[O-])c1"
"CHEMBL5282111","CCOc1ccc(/C=C2\CCC/C(=C\c3ccc(OCC)c(OC)c3)C2=O)cc1OC","CCOc1ccc(/C=C2\CCC/C(=C\c3ccc(OCC)c(OC)c3)C2=O)cc1OC"
"CHEMBL3314667","O=C1/C(=C/c2ccccc2F)CS(=O)(=O)C/C1=C\c1ccccc1F","O=C1/C(=C/c2ccccc2F)CS(=O)(=O)C/C1=C\c1ccccc1F"
"CHEMBL3289924","CCOC(OCC)c1ccc(/C=C2\CCC/C(=C\c3ccc(C(OCC)OCC)cc3)C2=O)cc1","CCOC(OCC)c1ccc(/C=C2\CCC/C(=C\c3ccc(C(OCC)OCC)cc3)C2=O)cc1"
"CHEMBL4101358","CCC(=O)Oc1ccc(/C=C2\CC/C(=C\c3ccc(OC)c(OC(=O)CC)c3)C2=O)cc1OC","CCC(=O)Oc1ccc(/C=C2\CC/C(=C\c3ccc(OC)c(OC(=O)CC)c3)C2=O)cc1OC"
"CHEMBL3105863","COc1ccc(/C=C(\C)C(=O)/C=C/c2ccc(N(C)C)cc2)cc1","COc1ccc(/C=C(\C)C(=O)/C=C/c2ccc(N(C)C)cc2)cc1"
"CHEMBL3905960","CCOc1ccc(/C=C/C(=O)/C=C/c2c(/C=C/c3ccc(OC)cc3)cc(OC)cc2OC)cc1","CCOc1ccc(/C=C/C(=O)/C=C/c2c(/C=C/c3ccc(OC)cc3)cc(OC)cc2OC)cc1"
"CHEMBL4558853","Cc1cccc(/C=C2\CC(C#N)(c3ccccc3)C/C(=C\c3cccc(C)c3)C2=O)c1","Cc1cccc(/C=C2\CC(C#N)(c3ccccc3)C/C(=C\c3cccc(C)c3)C2=O)c1"
"CHEMBL3819507","CC/C(=C\c1ccc(Cl)cc1)C(=O)/C=C/c1cccc(OC)c1OC","CC/C(=C\c1ccc(Cl)cc1)C(=O)/C=C/c1cccc(OC)c1OC"
"CHEMBL4639410","O=C1/C(=C/c2cccc(F)c2)CN(C(=O)C(Cl)Cl)C/C1=C\c1cccc(F)c1","O=C1/C(=C/c2cccc(F)c2)CN(C(=O)C(Cl)Cl)C/C1=C\c1cccc(F)c1"
"CHEMBL3221214","O=C1/C(=C/c2ccc(Cl)cc2Cl)CN(S(=O)(=O)c2ccccc2)C/C1=C\c1ccc(Cl)cc1Cl","O=C1/C(=C/c2ccc(Cl)cc2Cl)CN(S(=O)(=O)c2ccccc2)C/C1=C\c1ccc(Cl)cc1Cl"
"CHEMBL5286454","COc1cc(COc2cn(CCOc3cc(=O)oc4ccccc34)nn2)ccc1/C=C/C(=O)/C=C/c1cc(OC)c(OC)c(OC)c1","COc1cc(COc2cn(CCOc3cc(=O)oc4ccccc34)nn2)ccc1/C=C/C(=O)/C=C/c1cc(OC)c(OC)c(OC)c1"
"CHEMBL4637015","O=C1/C(=C/c2cccc(F)c2)CN(C(=O)c2cc(Cc3n[nH]c(=O)c4ccccc34)ccc2F)C/C1=C\c1cccc(F)c1","O=C1/C(=C/c2cccc(F)c2)CN(C(=O)c2cc(Cc3n[nH]c(=O)c4ccccc34)ccc2F)C/C1=C\c1cccc(F)c1"
"CHEMBL4860674","CC1C/C(=C\c2cccc(C(F)(F)F)c2)C(=O)/C(=C/c2cccc(C(F)(F)F)c2)C1","CC1C/C(=C\c2cccc(C(F)(F)F)c2)C(=O)/C(=C/c2cccc(C(F)(F)F)c2)C1"
"CHEMBL2380674","O=C1/C(=C/c2ccc(Cl)cc2Cl)CN(C(=O)[C@H]2C[C@H]3CCCN3[C@]23C(=O)Nc2cc(Cl)ccc23)C/C1=C\c1ccc(Cl)cc1Cl","O=C1/C(=C/c2ccc(Cl)cc2Cl)CN(C(=O)[C@H]2C[C@H]3CCCN3[C@]23C(=O)Nc2cc(Cl)ccc23)C/C1=C\c1ccc(Cl)cc1Cl"
"CHEMBL4281516","COc1ccc(/C=C2\CCC/C(=C\c3ccc(Cl)c(Cl)c3)C2=O)cc1OC","COc1ccc(/C=C2\CCC/C(=C\c3ccc(Cl)c(Cl)c3)C2=O)cc1OC"
"CHEMBL2430964","O=C(/C=C/c1ccc(Oc2ncnc3ccccc23)cc1)/C=C/c1ccc(Cl)cc1Cl","O=C(/C=C/c1ccc(Oc2ncnc3ccccc23)cc1)/C=C/c1ccc(Cl)cc1Cl"
"CHEMBL1767221","CN(C)c1ccc(/C=C/C(=O)/C=C/c2ccc(C(=O)O)cc2)cc1","CN(C)c1ccc(/C=C/C(=O)/C=C/c2ccc(C(=O)O)cc2)cc1"
"CHEMBL4098902","CCC(=O)Oc1ccc(/C=C2\CC/C(=C\c3ccc(F)cc3)C2=O)cc1OC","CCC(=O)Oc1ccc(/C=C2\CC/C(=C\c3ccc(F)cc3)C2=O)cc1OC"
"CHEMBL5647382","COc1cccc(OC)c1/C=C/C(=O)/C=C/c1ccc(C(C)(C)C)cc1","COc1cccc(OC)c1/C=C/C(=O)/C=C/c1ccc(C(C)(C)C)cc1"
"CHEMBL4777733","CCOP(=O)(OCC)C(c1ccccc1)N1C/C(=C\c2ccc(F)cc2)C(=O)/C(=C/c2ccc(F)cc2)C1","CCOP(=O)(OCC)C(c1ccccc1)N1C/C(=C\c2ccc(F)cc2)C(=O)/C(=C/c2ccc(F)cc2)C1"
"CHEMBL3629757","COc1ccc(/C=C/C(=O)/C=C/c2ccc(OCc3cn(CCN4C(=O)C(=O)c5cc(Br)ccc54)nn3)c(OC)c2)cc1OC","COc1ccc(/C=C/C(=O)/C=C/c2ccc(OCc3cn(CCN4C(=O)C(=O)c5cc(Br)ccc54)nn3)c(OC)c2)cc1OC"
"CHEMBL486103","CCOP(=O)(CCCN1C/C(=C\c2ccc(N(C)C)cc2)C(=O)/C(=C/c2ccc(N(C)C)cc2)C1)OCC","CCOP(=O)(CCCN1C/C(=C\c2ccc(N(C)C)cc2)C(=O)/C(=C/c2ccc(N(C)C)cc2)C1)OCC"
"CHEMBL1253942","CCCCCCCCCCCCCCCCC(=O)N1C/C(=C\c2ccccc2F)C(=O)/C(=C/c2ccccc2F)C1","CCCCCCCCCCCCCCCCC(=O)N1C/C(=C\c2ccccc2F)C(=O)/C(=C/c2ccccc2F)C1"
"CHEMBL3410537","O=C1/C(=C/c2ccc([N+](=O)[O-])cc2)CC(O)C/C1=C\c1ccc([N+](=O)[O-])cc1","O=C1/C(=C/c2ccc([N+](=O)[O-])cc2)CC(O)C/C1=C\c1ccc([N+](=O)[O-])cc1"
"CHEMBL3289935","CN(C)c1ccc(/C=C2/COC/C(=C\c3ccc(N(C)C)cc3[N+](=O)[O-])C2=O)c([N+](=O)[O-])c1","CN(C)c1ccc(/C=C2/COC/C(=C\c3ccc(N(C)C)cc3[N+](=O)[O-])C2=O)c([N+](=O)[O-])c1"
"CHEMBL3818463","COc1ccc(/C=C(\C)C(=O)/C=C/c2ccc(Cl)cc2)cc1","COc1ccc(/C=C(\C)C(=O)/C=C/c2ccc(Cl)cc2)cc1"
"CHEMBL4584041","COc1ccc(/C=C2\CN(c3nc(-c4ccccc4)cs3)C/C(=C\c3ccc(OC)cc3)C2=O)cc1","COc1ccc(/C=C2\CN(c3nc(-c4ccccc4)cs3)C/C(=C\c3ccc(OC)cc3)C2=O)cc1"
"CHEMBL3952510","C=CCc1cc(/C=C2\CSC/C(=C\c3ccc(O)c(CC=C)c3)C2=O)ccc1O","C=CCc1cc(/C=C2\CSC/C(=C\c3ccc(O)c(CC=C)c3)C2=O)ccc1O"
"CHEMBL3314649","O=C1/C(=C/c2cccc(F)c2)CCC/C1=C\c1ccc(O)c(O)c1","O=C1/C(=C/c2cccc(F)c2)CCC/C1=C\c1ccc(O)c(O)c1"
"CHEMBL5646733","COc1ccc(/C=C/C(=O)/C=C/c2c(OC)cccc2OC)cc1","COc1ccc(/C=C/C(=O)/C=C/c2c(OC)cccc2OC)cc1"
"CHEMBL3753347","COc1cc(/C=C2\CCC/C(=C\c3cccc(Cl)c3Cl)C2=O)ccc1O","COc1cc(/C=C2\CCC/C(=C\c3cccc(Cl)c3Cl)C2=O)ccc1O"
"CHEMBL3754000","COc1cc(/C=C2\CCC/C(=C\c3ccc(F)c(Br)c3)C2=O)ccc1O","COc1cc(/C=C2\CCC/C(=C\c3ccc(F)c(Br)c3)C2=O)ccc1O"
"CHEMBL3746241","COc1cc(/C=C/C(=O)C(=Cc2ccc3c(c2)C(=O)N(C2CCC(=O)NC2=O)C3=O)C(=O)/C=C/c2ccc(O)c(OC)c2)ccc1O","COc1cc(/C=C/C(=O)C(=Cc2ccc3c(c2)C(=O)N(C2CCC(=O)NC2=O)C3=O)C(=O)/C=C/c2ccc(O)c(OC)c2)ccc1O"
"CHEMBL3746409","COc1cc(/C=C/C(=O)/C=C/c2ccc3c(c2)C(=O)N(C2CCC(=O)NC2=O)C3=O)ccc1O","COc1cc(/C=C/C(=O)/C=C/c2ccc3c(c2)C(=O)N(C2CCC(=O)NC2=O)C3=O)ccc1O"
"CHEMBL5646680","CN1C(=O)CCC(N2C(=O)c3cccc(NCCOCCOCCOCCNC(=O)CN4C/C(=C\c5ccccc5Br)C(=O)/C(=C/c5ccccc5Br)C4)c3C2=O)C1=O","CN1C(=O)CCC(N2C(=O)c3cccc(NCCOCCOCCOCCNC(=O)CN4C/C(=C\c5ccccc5Br)C(=O)/C(=C/c5ccccc5Br)C4)c3C2=O)C1=O"
"CHEMBL1767233","CN(C)c1ccc(/C=C/C(=O)/C=C/c2cccc(N(C)C)c2)cc1","CN(C)c1ccc(/C=C/C(=O)/C=C/c2cccc(N(C)C)c2)cc1"
"CHEMBL4588478","COc1ccc(OC)c(/C=C/C(=O)/C=C/c2ccc(S(N)(=O)=O)cc2)c1","COc1ccc(OC)c(/C=C/C(=O)/C=C/c2ccc(S(N)(=O)=O)cc2)c1"
"CHEMBL3948467","COc1ccc(/C=C/c2cc(OC)cc(OC)c2/C=C/C(=O)/C=C/c2ccc(O)c(OC)c2)cc1","COc1ccc(/C=C/c2cc(OC)cc(OC)c2/C=C/C(=O)/C=C/c2ccc(O)c(OC)c2)cc1"
"CHEMBL3115552","C=CCc1cc(/C=C/C(=O)/C=C/c2ccccc2Cl)ccc1OC","C=CCc1cc(/C=C/C(=O)/C=C/c2ccccc2Cl)ccc1OC"
"CHEMBL4165653","O=C1/C(=C/c2ccccc2F)CN(S(=O)(=O)c2ccc(F)cc2)C/C1=C\c1ccccc1F","O=C1/C(=C/c2ccccc2F)CN(S(=O)(=O)c2ccc(F)cc2)C/C1=C\c1ccccc1F"
"CHEMBL1991837","COc1cc(/C=C2\CC(C)C/C(=C\c3ccc(O)c(OC)c3)C2=O)ccc1O","COc1cc(/C=C2\CC(C)C/C(=C\c3ccc(O)c(OC)c3)C2=O)ccc1O"
"CHEMBL4291366","COc1ccccc1/C=C1\CCC/C(=C\c2ccc(OC)c(OC)c2)C1=O","COc1ccccc1/C=C1\CCC/C(=C\c2ccc(OC)c(OC)c2)C1=O"
"CHEMBL2148112","CCOC(=O)C1C/C(=C\c2ccc(O)c(O)c2)C(=O)/C(=C/c2ccc(O)c(O)c2)C1","CCOC(=O)C1C/C(=C\c2ccc(O)c(O)c2)C(=O)/C(=C/c2ccc(O)c(O)c2)C1"
"CHEMBL3799827","COc1cc(/C=C/C(=O)/C=C/c2cc(OC)c(OC)c(OC)c2)ccc1OCc1cn(CCCCCOc2cc(=O)oc3ccccc23)nn1","COc1cc(/C=C/C(=O)/C=C/c2cc(OC)c(OC)c(OC)c2)ccc1OCc1cn(CCCCCOc2cc(=O)oc3ccccc23)nn1"
"CHEMBL3799494","COc1cc(/C=C/C(=O)/C=C/c2cc(OC)c(OC)c(OC)c2)ccc1OCc1cn(CCOc2cc(=O)oc3ccccc23)nn1","COc1cc(/C=C/C(=O)/C=C/c2cc(OC)c(OC)c(OC)c2)ccc1OCc1cn(CCOc2cc(=O)oc3ccccc23)nn1"
"CHEMBL1975731","O=C1/C(=C/c2ccc(OC(=O)c3ccccc3)cc2)CCC/C1=C\c1ccc(OC(=O)c2ccccc2)cc1","O=C1/C(=C/c2ccc(OC(=O)c3ccccc3)cc2)CCC/C1=C\c1ccc(OC(=O)c2ccccc2)cc1"
"CHEMBL3735081","COc1cc(/C=C/C(=O)/C=C/c2ccccc2Cl)ccc1OCCCN1CCOCC1","COc1cc(/C=C/C(=O)/C=C/c2ccccc2Cl)ccc1OCCCN1CCOCC1"
"CHEMBL3735943","COc1cc(/C=C/C(=O)/C=C/c2ccc(OCCCN3CCOCC3)c(OC)c2)ccc1OCCCN1CCOCC1","COc1cc(/C=C/C(=O)/C=C/c2ccc(OCCCN3CCOCC3)c(OC)c2)ccc1OCCCN1CCOCC1"
"CHEMBL179176","COc1ccc(/C=C2\CCC/C(=C\c3ccc([N+](=O)[O-])cc3)C2=O)cc1OC","COc1ccc(/C=C2\CCC/C(=C\c3ccc([N+](=O)[O-])cc3)C2=O)cc1OC"
"CHEMBL514060","O=C1/C(=C/c2ccc3c(c2)OCO3)CC/C1=C\c1ccc2c(c1)OCO2","O=C1/C(=C/c2ccc3c(c2)OCO3)CC/C1=C\c1ccc2c(c1)OCO2"
"CHEMBL5289537","CCN(CC)CCOc1cccc(C(=O)N2C/C(=C\c3ccccc3)C(=O)/C(=C/c3ccccc3)C2)c1","CCN(CC)CCOc1cccc(C(=O)N2C/C(=C\c3ccccc3)C(=O)/C(=C/c3ccccc3)C2)c1"
"CHEMBL3629635","COc1cc(/C=C/C(=O)/C=C/c2ccc(Cl)cc2)ccc1OCc1cn(CCN2C(=O)C(=O)c3ccccc32)nn1","COc1cc(/C=C/C(=O)/C=C/c2ccc(Cl)cc2)ccc1OCc1cn(CCN2C(=O)C(=O)c3ccccc32)nn1"
"CHEMBL1272014","COc1cc(/C=C2\CN(P(=O)(O)O)C/C(=C\c3cc(OC)c(OC)c(OC)c3)C2=O)cc(OC)c1OC","COc1cc(/C=C2\CN(P(=O)(O)O)C/C(=C\c3cc(OC)c(OC)c(OC)c3)C2=O)cc(OC)c1OC"
"CHEMBL5647281","COc1cccc(OC)c1/C=C/C(=O)/C=C/c1ccc(-n2ccnc2)cc1","COc1cccc(OC)c1/C=C/C(=O)/C=C/c1ccc(-n2ccnc2)cc1"
"CHEMBL3818223","COc1ccc(/C=C(\C)C(=O)/C=C/c2ccccc2F)cc1","COc1ccc(/C=C(\C)C(=O)/C=C/c2ccccc2F)cc1"
"CHEMBL3786742","COc1cc(/C=C2\CNC/C(=C\c3cc(OC)c(OC)c(OC)c3Br)C2=O)c(Br)c(OC)c1OC","COc1cc(/C=C2\CNC/C(=C\c3cc(OC)c(OC)c(OC)c3Br)C2=O)c(Br)c(OC)c1OC"
"CHEMBL5647444","O=C(CN1C/C(=C\c2ccccc2Br)C(=O)/C(=C/c2ccccc2Br)C1)NCCOCCOCCOCCNc1cccc2c1C(=O)N(C1CCC(=O)NC1=O)C2=O","O=C(CN1C/C(=C\c2ccccc2Br)C(=O)/C(=C/c2ccccc2Br)C1)NCCOCCOCCOCCNc1cccc2c1C(=O)N(C1CCC(=O)NC1=O)C2=O"
"CHEMBL1289222","COc1cc(/C=C/C(=O)/C=C/c2ccc(Cl)cc2Cl)ccc1OCc1cn(-c2ccnc3cc(Cl)ccc23)nn1","COc1cc(/C=C/C(=O)/C=C/c2ccc(Cl)cc2Cl)ccc1OCc1cn(-c2ccnc3cc(Cl)ccc23)nn1"
"CHEMBL2391210","COc1cc(/C=C2\CN(C(=O)C(=O)N3C/C(=C\c4cc(OC)c(OC)c(OC)c4)C(=O)/C(=C/c4ccc(OC)c(OC)c4OC)C3)C/C(=C\c3cc(OC)c(OC)c(OC)c3)C2=O)cc(OC)c1OC","COc1cc(/C=C2\CN(C(=O)C(=O)N3C/C(=C\c4cc(OC)c(OC)c(OC)c4)C(=O)/C(=C/c4ccc(OC)c(OC)c4OC)C3)C/C(=C\c3cc(OC)c(OC)c(OC)c3)C2=O)cc(OC)c1OC"
"CHEMBL452000","Cc1ccc(/C=C2\CN(C(=O)CCSCCS(=O)(=O)O)C/C(=C\c3ccc(C)cc3)C2=O)cc1","Cc1ccc(/C=C2\CN(C(=O)CCSCCS(=O)(=O)O)C/C(=C\c3ccc(C)cc3)C2=O)cc1"
"CHEMBL3740450","COc1cc(/C=C/C(=O)/C=C/c2ccccc2[N+](=O)[O-])ccc1O","COc1cc(/C=C/C(=O)/C=C/c2ccccc2[N+](=O)[O-])ccc1O"
"CHEMBL3819055","COc1ccc(/C=C(\C)C(=O)/C=C/c2cccc(Cl)c2Cl)cc1","COc1ccc(/C=C(\C)C(=O)/C=C/c2cccc(Cl)c2Cl)cc1"
"CHEMBL1089896","O=C(/C=C/c1ccc(Cl)cc1Cl)/C=C/c1ccc(Cl)cc1Cl","O=C(/C=C/c1ccc(Cl)cc1Cl)/C=C/c1ccc(Cl)cc1Cl"
"CHEMBL3818264","COc1ccc(/C=C(\C)C(=O)/C=C/c2ccc(/C=C/C(=O)/C(C)=C/c3ccc(OC)cc3)cc2)cc1","COc1ccc(/C=C(\C)C(=O)/C=C/c2ccc(/C=C/C(=O)/C(C)=C/c3ccc(OC)cc3)cc2)cc1"
"CHEMBL3219874","O=C(/C=C/c1ccc(Cl)cc1)/C=C/c1ccc(OCc2ccc(I)cc2)cc1","O=C(/C=C/c1ccc(Cl)cc1)/C=C/c1ccc(OCc2ccc(I)cc2)cc1"
"CHEMBL259459","CN1C/C(=C\c2ccc(O)c(Br)c2)C(=O)/C(=C/c2ccc(O)c(Br)c2)C1","CN1C/C(=C\c2ccc(O)c(Br)c2)C(=O)/C(=C/c2ccc(O)c(Br)c2)C1"
"CHEMBL262611","O=C(/C=C/c1ccc(O)c(Br)c1)/C=C/c1ccc(O)c(Br)c1","O=C(/C=C/c1ccc(O)c(Br)c1)/C=C/c1ccc(O)c(Br)c1"
"CHEMBL1091848","COc1cc(/C=C2\CNC/C(=C\c3ccc(O)c(OC)c3)C2=O)ccc1C","COc1cc(/C=C2\CNC/C(=C\c3ccc(O)c(OC)c3)C2=O)ccc1C"
"CHEMBL2234290","O=C1/C(=C/c2cccc(O)c2)CN(Cc2ccccc2)C/C1=C\c1cccc(O)c1","O=C1/C(=C/c2cccc(O)c2)CN(Cc2ccccc2)C/C1=C\c1cccc(O)c1"
"CHEMBL5421686","COc1ccc(C=C(C(=O)/C=C/c2ccc(O)c(OC)c2)C(=O)/C=C/c2ccc(O)c(OC)c2)cc1O","COc1ccc(C=C(C(=O)/C=C/c2ccc(O)c(OC)c2)C(=O)/C=C/c2ccc(O)c(OC)c2)cc1O"
"CHEMBL4515655","COc1ccc(/C=C2\CN(C(=S)SCc3cn(Cc4ccc(F)cc4)nn3)C/C(=C\c3ccc(OC)cc3)C2=O)cc1","COc1ccc(/C=C2\CN(C(=S)SCc3cn(Cc4ccc(F)cc4)nn3)C/C(=C\c3ccc(OC)cc3)C2=O)cc1"
"CHEMBL3314648","COc1ccc(/C=C2\CCC/C(=C\c3cccc(F)c3)C2=O)cc1OC","COc1ccc(/C=C2\CCC/C(=C\c3cccc(F)c3)C2=O)cc1OC"
"CHEMBL1968414","Cc1ccc(C2=C(c3ccc(C)cc3)C(c3ccc(C)cc3)=C(c3ccc(C)cc3)C2=O)cc1","Cc1ccc(C2=C(c3ccc(C)cc3)C(c3ccc(C)cc3)=C(c3ccc(C)cc3)C2=O)cc1"
"CHEMBL2332535","C=CC(=O)N1C/C(=C\c2ccccc2Cl)C(=O)/C(=C/c2ccccc2Cl)C1","C=CC(=O)N1C/C(=C\c2ccccc2Cl)C(=O)/C(=C/c2ccccc2Cl)C1"
"CHEMBL5208757","COc1cccc(/C=C2\COC/C(=C\c3cccc(OC)c3)C2=O)c1","COc1cccc(/C=C2\COC/C(=C\c3cccc(OC)c3)C2=O)c1"
"CHEMBL1571795","O=C1/C(=C/c2ccc3c(c2)OCO3)CCC/C1=C\c1ccc2c(c1)OCO2","O=C1/C(=C/c2ccc3c(c2)OCO3)CCC/C1=C\c1ccc2c(c1)OCO2"
"CHEMBL600786","CCOC(C)Oc1cccc(/C=C/C(=O)/C=C/c2cc(OC)c(OC)c(OC)c2)c1","CCOC(C)Oc1cccc(/C=C/C(=O)/C=C/c2cc(OC)c(OC)c(OC)c2)c1"
"CHEMBL1254696","O=C(O)CCC(=O)N1C/C(=C\c2ccccc2F)C(=O)/C(=C/c2ccccc2F)C1","O=C(O)CCC(=O)N1C/C(=C\c2ccccc2F)C(=O)/C(=C/c2ccccc2F)C1"
"CHEMBL3799201","COc1ccccc1/C=C/C(=O)/C=C/c1ccc(OCc2cn(CCCCCOc3cc(=O)oc4ccccc34)nn2)c(OC)c1","COc1ccccc1/C=C/C(=O)/C=C/c1ccc(OCc2cn(CCCCCOc3cc(=O)oc4ccccc34)nn2)c(OC)c1"
"CHEMBL3115553","C=CCc1cc(/C=C/C(=O)/C=C/c2cc(Br)ccc2Br)ccc1OC","C=CCc1cc(/C=C/C(=O)/C=C/c2cc(Br)ccc2Br)ccc1OC"
"CHEMBL5639713","COc1cccc(OC)c1/C=C1\CCC/C(=C\c2ccc(C(C)(C)C)cc2)C1=O","COc1cccc(OC)c1/C=C1\CCC/C(=C\c2ccc(C(C)(C)C)cc2)C1=O"
"CHEMBL2316155","COc1cc(/C=C2\CCC/C(=C\c3ccc(OC)c(O)c3)C2=O)cc(OC)c1","COc1cc(/C=C2\CCC/C(=C\c3ccc(OC)c(O)c3)C2=O)cc(OC)c1"
"CHEMBL325022","N=C(N)c1cccc(/C=C2/CCCC/C(=C\c3cccc(C(=N)N)c3)C2=O)c1","N=C(N)c1cccc(/C=C2/CCCC/C(=C\c3cccc(C(=N)N)c3)C2=O)c1"
"CHEMBL239229","COc1cc(/C=C/C(=O)/C=C/c2ccc(OC3CC3)c(OC)c2)ccc1OC1CC1","COc1cc(/C=C/C(=O)/C=C/c2ccc(OC3CC3)c(OC)c2)ccc1OC1CC1"
"CHEMBL238594","O=C(/C=C/c1ccc(OC2CC2)cc1)/C=C/c1ccc(OC2CC2)cc1","O=C(/C=C/c1ccc(OC2CC2)cc1)/C=C/c1ccc(OC2CC2)cc1"
"CHEMBL3818286","COc1ccc(/C=C(\C)C(=O)/C=C/c2c(Cl)cccc2Cl)cc1","COc1ccc(/C=C(\C)C(=O)/C=C/c2c(Cl)cccc2Cl)cc1"
"CHEMBL4278062","COc1ccc(/C=C2\CCC/C(=C\c3ccc(OC)c(OC)c3)C2=O)c(OC)c1","COc1ccc(/C=C2\CCC/C(=C\c3ccc(OC)c(OC)c3)C2=O)c(OC)c1"
"CHEMBL4761609","C=CCc1cc(/C=C2\CN(C)C/C(=C\c3ccc(O)c(CC=C)c3)C2=O)ccc1O","C=CCc1cc(/C=C2\CN(C)C/C(=C\c3ccc(O)c(CC=C)c3)C2=O)ccc1O"
"CHEMBL478480","O=C1/C(=C/c2ccccc2Br)CCC/C1=C\c1ccccc1Br","O=C1/C(=C/c2ccccc2Br)CCC/C1=C\c1ccccc1Br"
"CHEMBL3289937","CN1C/C(=C/c2ccc(N(C)C)cc2[N+](=O)[O-])C(=O)/C(=C/c2ccc(N(C)C)cc2[N+](=O)[O-])C1","CN1C/C(=C/c2ccc(N(C)C)cc2[N+](=O)[O-])C(=O)/C(=C/c2ccc(N(C)C)cc2[N+](=O)[O-])C1"
"CHEMBL475523","O=C1/C(=C/c2ccc(Br)cc2)CCC/C1=C\c1ccc(Br)cc1","O=C1/C(=C/c2ccc(Br)cc2)CCC/C1=C\c1ccc(Br)cc1"
"CHEMBL428552","O=C(/C=C/C(=O)N1C/C(=C\c2ccccc2)C(=O)/C(=C/c2ccccc2)C1)Nc1ccccc1","O=C(/C=C/C(=O)N1C/C(=C\c2ccccc2)C(=O)/C(=C/c2ccccc2)C1)Nc1ccccc1"
"CHEMBL3314655","O=C1/C(=C/c2ccc(F)cc2)CSC/C1=C\c1ccc(F)cc1","O=C1/C(=C/c2ccc(F)cc2)CSC/C1=C\c1ccc(F)cc1"
"CHEMBL5288383","O=C(/C=C/c1ccccc1)/C=C/c1ccc(O)cc1","O=C(/C=C/c1ccccc1)/C=C/c1ccc(O)cc1"
"CHEMBL1439938","COc1cc(/C=C2\COC/C(=C\c3cc(OC)c(OC)c(OC)c3)C2=O)cc(OC)c1OC","COc1cc(/C=C2\COC/C(=C\c3cc(OC)c(OC)c(OC)c3)C2=O)cc(OC)c1OC"
"CHEMBL4167337","COc1cc(/C=C2\CN(C)C/C(=C\c3cccc([N+](=O)[O-])c3)C2=O)cc(OC)c1OC","COc1cc(/C=C2\CN(C)C/C(=C\c3cccc([N+](=O)[O-])c3)C2=O)cc(OC)c1OC"
"CHEMBL1800969","COc1ccc(/C=C/C(=O)C(=Cc2ccc(F)cc2)C(=O)/C=C/c2ccc(OC)c(OC)c2)cc1OC","COc1ccc(/C=C/C(=O)C(=Cc2ccc(F)cc2)C(=O)/C=C/c2ccc(OC)c(OC)c2)cc1OC"
"CHEMBL1630645","O=C(/C=C/c1ccc(N2CCCCC2)cc1)/C=C/c1ccc(N2CCCCC2)cc1","O=C(/C=C/c1ccc(N2CCCCC2)cc1)/C=C/c1ccc(N2CCCCC2)cc1"
"CHEMBL1630635","O=C1/C(=C/c2cccc(C(F)(F)F)c2F)CCC/C1=C\c1cccc(C(F)(F)F)c1F","O=C1/C(=C/c2cccc(C(F)(F)F)c2F)CCC/C1=C\c1cccc(C(F)(F)F)c1F"
"CHEMBL3780811","COc1cc(C=C(C(=O)/C=C/c2ccc(N(C)C)cc2)C(=O)/C=C/c2ccc(N(C)C)cc2)ccc1O","COc1cc(C=C(C(=O)/C=C/c2ccc(N(C)C)cc2)C(=O)/C=C/c2ccc(N(C)C)cc2)ccc1O"
"CHEMBL1767389","COc1cc(OC)c(/C=C/C(=O)/C=C/c2ccc(N(C)C)cc2)c(OC)c1","COc1cc(OC)c(/C=C/C(=O)/C=C/c2ccc(N(C)C)cc2)c(OC)c1"
"CHEMBL2036335","COc1ccc(/C=C2\CSC/C(=C\c3ccc(OC)cc3)C2=O)cc1","COc1ccc(/C=C2\CSC/C(=C\c3ccc(OC)cc3)C2=O)cc1"
"CHEMBL261289","O=C(/C=C/c1c(Br)cc(O)cc1Br)/C=C/c1c(Br)cc(O)cc1Br","O=C(/C=C/c1c(Br)cc(O)cc1Br)/C=C/c1c(Br)cc(O)cc1Br"
"CHEMBL259602","O=C(/C=C/c1c(O)cc(Br)cc1Br)/C=C/c1c(O)cc(Br)cc1Br","O=C(/C=C/c1c(O)cc(Br)cc1Br)/C=C/c1c(O)cc(Br)cc1Br"
"CHEMBL4541695","COc1ccc(/C=C/C(=O)/C=C/c2ccc(OCCN3CCCCC3)c(OC)c2)cc1OC","COc1ccc(/C=C/C(=O)/C=C/c2ccc(OCCN3CCCCC3)c(OC)c2)cc1OC"
"CHEMBL5646960","COc1cccc(OC)c1/C=C/C(=O)/C=C/c1ccc(N2CCN(C)CC2)cc1","COc1cccc(OC)c1/C=C/C(=O)/C=C/c1ccc(N2CCN(C)CC2)cc1"
"CHEMBL3361238","CCOc1cc(/C=C2\CN(C(=O)c3cc(/C=C/C4C(C)=CCCC4(C)C)on3)C/C(=C\c3ccc(O)c(OCC)c3)C2=O)ccc1O","CCOc1cc(/C=C2\CN(C(=O)c3cc(/C=C/C4C(C)=CCCC4(C)C)on3)C/C(=C\c3ccc(O)c(OCC)c3)C2=O)ccc1O"
"CHEMBL577326","CCOC(=O)[C@H](Cc1ccccc1)NC(=O)/C=C\C(=O)N1C/C(=C\c2ccc([N+](=O)[O-])cc2)C(=O)/C(=C/c2ccc([N+](=O)[O-])cc2)C1","CCOC(=O)[C@H](Cc1ccccc1)NC(=O)/C=C\C(=O)N1C/C(=C\c2ccc([N+](=O)[O-])cc2)C(=O)/C(=C/c2ccc([N+](=O)[O-])cc2)C1"
"CHEMBL5639247","COc1cccc(OC)c1/C=C/C(=O)/C=C/c1ccc([N+](=O)[O-])cc1","COc1cccc(OC)c1/C=C/C(=O)/C=C/c1ccc([N+](=O)[O-])cc1"
"CHEMBL585540","CCOC(=O)CNC(=O)/C=C\C(=O)N1C/C(=C\c2ccccc2)C(=O)/C(=C/c2ccccc2)C1","CCOC(=O)CNC(=O)/C=C\C(=O)N1C/C(=C\c2ccccc2)C(=O)/C(=C/c2ccccc2)C1"
"CHEMBL387599","COc1cc(/C=C2\CCC/C(=C\c3cc(OC)c(OC)c(OC)c3)C2=O)cc(OC)c1OC","COc1cc(/C=C2\CCC/C(=C\c3cc(OC)c(OC)c(OC)c3)C2=O)cc(OC)c1OC"
"CHEMBL1094118","C=C(Br)C(=O)Nc1ccc(/C=C/C(=O)/C=C/c2ccc(Br)cc2)cc1","C=C(Br)C(=O)Nc1ccc(/C=C/C(=O)/C=C/c2ccc(Br)cc2)cc1"
"CHEMBL1097422","Nc1cccc(/C=C2\CCCCC/C(=C\c3cccc(N)c3)C2=O)c1","Nc1cccc(/C=C2\CCCCC/C(=C\c3cccc(N)c3)C2=O)c1"
"CHEMBL596826","COc1cc(OC)c(OC)c(OC)c1/C=C/C(=O)/C=C/c1c(OC)cc(OC)c(OC)c1OC","COc1cc(OC)c(OC)c(OC)c1/C=C/C(=O)/C=C/c1c(OC)cc(OC)c(OC)c1OC"
"CHEMBL1983747","O=C1/C(=C/c2ccccc2)CN(C(=O)C(Cl)(Cl)Cl)C/C1=C\c1ccccc1","O=C1/C(=C/c2ccccc2)CN(C(=O)C(Cl)(Cl)Cl)C/C1=C\c1ccccc1"
"CHEMBL5268993","Cc1ccc(C(=O)/C=C/c2ccc(C(=O)N3C/C(=C\c4ccccc4)C(=O)/C(=C/c4ccccc4)C3)cc2)cc1C","Cc1ccc(C(=O)/C=C/c2ccc(C(=O)N3C/C(=C\c4ccccc4)C(=O)/C(=C/c4ccccc4)C3)cc2)cc1C"
"CHEMBL4216696","O=C1/C(=C/c2ccccc2)CCC/C1=C\c1cccc(F)c1","O=C1/C(=C/c2ccccc2)CCC/C1=C\c1cccc(F)c1"
"CHEMBL3309954","O=C1/C(=C/c2ccc(N3CCCC3)cc2)COC/C1=C\c1ccc(N2CCCC2)cc1","O=C1/C(=C/c2ccc(N3CCCC3)cc2)COC/C1=C\c1ccc(N2CCCC2)cc1"
"CHEMBL4228669","CC(C)(C)[C@H](NC(=O)N1C/C(=C\c2ccc(F)cc2)C(=O)/C(=C/c2ccc(F)cc2)C1)B1OC(C)(C)C(C)(C)O1","CC(C)(C)[C@H](NC(=O)N1C/C(=C\c2ccc(F)cc2)C(=O)/C(=C/c2ccc(F)cc2)C1)B1OC(C)(C)C(C)(C)O1"
"CHEMBL4227789","CC(C)C[C@H](NC(=O)CNC(=O)N1C/C(=C\c2ccc(F)cc2)C(=O)/C(=C/c2ccc(F)cc2)C1)B1OC(C)(C)C(C)(C)O1","CC(C)C[C@H](NC(=O)CNC(=O)N1C/C(=C\c2ccc(F)cc2)C(=O)/C(=C/c2ccc(F)cc2)C1)B1OC(C)(C)C(C)(C)O1"
"CHEMBL391742","COc1ccc(NC(=O)/C=C/C(=O)N2C/C(=C\c3ccc([N+](=O)[O-])cc3)C(=O)/C(=C/c3ccc([N+](=O)[O-])cc3)C2)cc1","COc1ccc(NC(=O)/C=C/C(=O)N2C/C(=C\c3ccc([N+](=O)[O-])cc3)C(=O)/C(=C/c3ccc([N+](=O)[O-])cc3)C2)cc1"
"CHEMBL1350295","CN1C2CCC1/C(=C\c1ccccc1Cl)C(=O)/C2=C\c1ccccc1Cl","CN1C2CCC1/C(=C\c1ccccc1Cl)C(=O)/C2=C\c1ccccc1Cl"
"CHEMBL1307682","COc1cc(/C=C2/CCC/C(=C\c3cc(O)c(OC)c(Cl)c3)C2=O)cc(Cl)c1O","COc1cc(/C=C2/CCC/C(=C\c3cc(O)c(OC)c(Cl)c3)C2=O)cc(Cl)c1O"
"CHEMBL5268975","COc1cc(/C=C2\CC/C(=C\c3ccccc3C(F)(F)F)C2=O)ccc1O","COc1cc(/C=C2\CC/C(=C\c3ccccc3C(F)(F)F)C2=O)ccc1O"
"CHEMBL4072798","COc1cc(/C=C2\CN(C(=O)CN(C)C)C/C(=C\c3cc(OC)c(OC)c(OC)c3)C2=O)cc(OC)c1OC","COc1cc(/C=C2\CN(C(=O)CN(C)C)C/C(=C\c3cc(OC)c(OC)c(OC)c3)C2=O)cc(OC)c1OC"
"CHEMBL485636","COc1ccc(/C=C2\CC/C(=C\c3ccc(OC)c(OC)c3)C2=O)cc1OC","COc1ccc(/C=C2\CC/C(=C\c3ccc(OC)c(OC)c3)C2=O)cc1OC"
"CHEMBL452101","O=C1/C(=C/c2ccc(O)cc2)CC/C1=C\c1ccc(O)cc1","O=C1/C(=C/c2ccc(O)cc2)CC/C1=C\c1ccc(O)cc1"
"CHEMBL1091274","O=C1/C(=C/c2cc(F)ccc2F)CC/C1=C\c1cc(F)ccc1F","O=C1/C(=C/c2cc(F)ccc2F)CC/C1=C\c1cc(F)ccc1F"
"CHEMBL3928840","Cc1ccc(/C=C2\CN(Cc3ccc4ccccc4c3)C/C(=C\c3ccc(C)cc3)C2=O)cc1","Cc1ccc(/C=C2\CN(Cc3ccc4ccccc4c3)C/C(=C\c3ccc(C)cc3)C2=O)cc1"
"CHEMBL2386417","COc1cc(/C=C2\CNC/C(=C\c3cc(OC)c(OC)c(OC)c3)C2=O)cc(OC)c1OC","COc1cc(/C=C2\CNC/C(=C\c3cc(OC)c(OC)c(OC)c3)C2=O)cc(OC)c1OC"
"CHEMBL3978872","COc1cc(/C=C2\CC/C(=C\c3ccc(Cl)cc3)C2=O)cc(OC)c1","COc1cc(/C=C2\CC/C(=C\c3ccc(Cl)cc3)C2=O)cc(OC)c1"
"CHEMBL609918","O=C(/C=C/c1cc(O)cc(O)c1)/C=C/c1cc(O)cc(O)c1","O=C(/C=C/c1cc(O)cc(O)c1)/C=C/c1cc(O)cc(O)c1"
"CHEMBL2003077","COc1ccc(/C=C2\CCC(C)/C(=C\c3ccc(OC)c(OC)c3)C2=O)cc1OC","COc1ccc(/C=C2\CCC(C)/C(=C\c3ccc(OC)c(OC)c3)C2=O)cc1OC"
"CHEMBL5563993","O=C1/C(=C/c2ccccc2Br)CN(C(=O)Cc2ccccc2)C/C1=C\c1ccccc1Br","O=C1/C(=C/c2ccccc2Br)CN(C(=O)Cc2ccccc2)C/C1=C\c1ccccc1Br"
"CHEMBL4740293","CCOP(=O)(OCC)C(c1ccc(F)cc1)N1C/C(=C\c2cccc(O)c2)C(=O)/C(=C/c2cccc(O)c2)C1","CCOP(=O)(OCC)C(c1ccc(F)cc1)N1C/C(=C\c2cccc(O)c2)C(=O)/C(=C/c2cccc(O)c2)C1"
"CHEMBL494974","O=C1/C(=C/c2ccccc2)CCC/C1=C\c1cccc([N+](=O)[O-])c1","O=C1/C(=C/c2ccccc2)CCC/C1=C\c1cccc([N+](=O)[O-])c1"
"CHEMBL493981","CN(C)c1ccc(/C=C2\CCC/C(=C\c3ccc([N+](=O)[O-])cc3)C2=O)cc1","CN(C)c1ccc(/C=C2\CCC/C(=C\c3ccc([N+](=O)[O-])cc3)C2=O)cc1"
"CHEMBL4755790","CCOP(=O)(OCC)C(c1ccc(OC)c(OC)c1OC)N1C/C(=C\c2ccc(OC)c(OC)c2OC)C(=O)/C(=C/c2ccc(OC)c(OC)c2OC)C1","CCOP(=O)(OCC)C(c1ccc(OC)c(OC)c1OC)N1C/C(=C\c2ccc(OC)c(OC)c2OC)C(=O)/C(=C/c2ccc(OC)c(OC)c2OC)C1"
"CHEMBL5396080","COc1cc(/C=C/C(=O)C(=Cc2ccc(O)c(F)c2)C(=O)/C=C/c2ccc(O)c(OC)c2)ccc1O","COc1cc(/C=C/C(=O)C(=Cc2ccc(O)c(F)c2)C(=O)/C=C/c2ccc(O)c(OC)c2)ccc1O"
"CHEMBL3289929","CCOC(OCC)c1ccc(/C=C/C(=O)/C=C/c2ccc(C(OCC)OCC)cc2)cc1","CCOC(OCC)c1ccc(/C=C/C(=O)/C=C/c2ccc(C(OCC)OCC)cc2)cc1"
