"Molecule ChEMBL ID";"Molecule Name";"Molecule Max Phase";"Molecular Weight";"#RO5 Violations";"AlogP";"Compound Key";"Smiles";"Standard Type";"Standard Relation";"Standard Value";"Standard Units";"pChEMBL Value";"Data Validity Comment";"Comment";"Uo Units";"Ligand Efficiency BEI";"Ligand Efficiency LE";"Ligand Efficiency LLE";"Ligand Efficiency SEI";"Potential Duplicate";"Assay ChEMBL ID";"Assay Description";"Assay Type";"BAO Format ID";"BAO Label";"Assay Organism";"Assay Tissue ChEMBL ID";"Assay Tissue Name";"Assay Cell Type";"Assay Subcellular Fraction";"Assay Parameters";"Assay Variant Accession";"Assay Variant Mutation";"Target ChEMBL ID";"Target Name";"Target Organism";"Target Type";"Document ChEMBL ID";"Source ID";"Source Description";"Document Journal";"Document Year";"Cell ChEMBL ID";"Properties";"Action Type";"Standard Text Value";"Value"
"CHEMBL5285743";"";"None";"457.51";"0";"1.24";"20";"O=C(O)CNC(=O)c1ccc(S(=O)(=O)N2CCC(N3C(=O)Cc4ccccc43)CC2)cc1";"Kd";"'='";"130000.0";"nM";"";"Outside typical range";"";"UO_0000065";"";"";"";"";"0";"CHEMBL5228924";"Binding affinity to biotinylated USP5 zinc finger ubiquitin binding domain (171 to 290 residues) (unknown origin) expressed in Escherichia coli by surface plasmon resonance assay";"B";"BAO_0000019";"assay format";"Homo sapiens";"None";"None";"None";"None";"";"";"";"CHEMBL6158";"Ubiquitin carboxyl-terminal hydrolase 5";"Homo sapiens";"SINGLE PROTEIN";"CHEMBL5226343";"1";"Scientific Literature";"J Med Chem";"2021";"None";"";"INHIBITOR";"";"130.0"
"CHEMBL2012939";"";"None";"322.36";"0";"4.46";"2, DMT";"Cc1c(C)c(-c2ccc(O)cc2)c(O)c(O)c1-c1ccc(O)cc1";"Inhibition";"";"";"%";"";"";"";"UO_0000187";"";"";"";"";"0";"CHEMBL2411915";"Inhibition of human USP5 using Ub-AMC as substrate at 1 to 20 uM after 10 mins by fluorometric analysis";"B";"BAO_0000357";"single protein format";"Homo sapiens";"None";"None";"None";"None";"";"";"";"CHEMBL6158";"Ubiquitin carboxyl-terminal hydrolase 5";"Homo sapiens";"SINGLE PROTEIN";"CHEMBL2406999";"1";"Scientific Literature";"Bioorg Med Chem Lett";"2013";"None";"";"";"Active";""
"CHEMBL2013072";"";"None";"728.92";"3";"6.33";"3, Biotin-DMT";"Cc1c(C)c(-c2ccc(OCc3cn(CCCCCCNC(=O)CCCC[C@@H]4SC[C@@H]5NC(=O)N[C@@H]54)nn3)cc2)c(O)c(O)c1-c1ccc(O)cc1";"Activity";"";"";"";"";"";"";"";"";"";"";"";"0";"CHEMBL2412081";"Binding affinity to human recombinant USP5 by SDS-PAGE analysis";"B";"BAO_0000357";"single protein format";"Homo sapiens";"None";"None";"None";"None";"";"";"";"CHEMBL6158";"Ubiquitin carboxyl-terminal hydrolase 5";"Homo sapiens";"SINGLE PROTEIN";"CHEMBL2406999";"1";"Scientific Literature";"Bioorg Med Chem Lett";"2013";"None";"";"";"Active";""
"CHEMBL4287357";"";"None";"503.43";"1";"4.66";"G9";"CCCC(NC(=O)/C(C#N)=C/c1nc(Cl)ccc1Cl)c1ccc(OCCN2CCOCC2)cc1";"Inhibition";"";"";"%";"";"";"";"UO_0000187";"";"";"";"";"0";"CHEMBL4257400";"Inhibition of USP5 in Vemurafenib sensitive human A375R cells assessed as reduction in ERK phosphorylation";"B";"BAO_0000019";"assay format";"Homo sapiens";"None";"None";"None";"None";"";"";"";"CHEMBL6158";"Ubiquitin carboxyl-terminal hydrolase 5";"Homo sapiens";"SINGLE PROTEIN";"CHEMBL4257227";"38";"SureChEMBL Patent Bioactivity Data";"";"2016";"None";"";"";"Active";""
"CHEMBL4451435";"";"None";"252.66";"0";"2.41";"16";"O=C(O)CCc1nnc(-c2ccc(Cl)cc2)o1";"Kd";"'='";"450000.0";"nM";"";"Outside typical range";"";"UO_0000065";"";"";"";"";"0";"CHEMBL4416736";"Binding affinity to N-terminal Avitag-fused His6-tagged USP5 ZnF-UBD (unknown origin) (171 to 290 residues) labelled with 5-fluorotryptophan expressed in BL21 (DE3) Codon Plus RIL Escherichia coli incubated for 35 to 60 secs by SPR analysis";"B";"BAO_0000019";"assay format";"Homo sapiens";"None";"None";"None";"None";"";"";"";"CHEMBL6158";"Ubiquitin carboxyl-terminal hydrolase 5";"Homo sapiens";"SINGLE PROTEIN";"CHEMBL4414636";"1";"Scientific Literature";"J Med Chem";"2019";"None";"";"";"";"450.0"
"CHEMBL5267683";"";"None";"399.32";"1";"5.39";"HBX28364; Fig 10, Cpd 3";"O=C(NCCc1ccc(Cl)cc1)c1ccc2nc3c(c(Cl)c2c1)CCCC3";"IC50";"'>'";"200000.0";"nM";"";"Outside typical range";"";"UO_0000065";"";"";"";"";"0";"CHEMBL5234069";"Inhibition of human his tagged USP5 by Westernblot analysis";"B";"BAO_0000357";"single protein format";"Homo sapiens";"None";"None";"None";"None";"";"";"";"CHEMBL6158";"Ubiquitin carboxyl-terminal hydrolase 5";"Homo sapiens";"SINGLE PROTEIN";"CHEMBL5233229";"1";"Scientific Literature";"Eur J Med Chem";"2020";"None";"";"";"";"200.0"
"CHEMBL5290717";"";"None";"411.48";"0";"-0.01";"24";"O=C(O)CNC(=O)c1ccc(S(=O)(=O)N2CCC(N3CCOCC3)CC2)cc1";"Kd";"'='";"45000.0";"nM";"4.35";"";"";"UO_0000065";"10.56";"0.21";"4.36";"3.74";"0";"CHEMBL5228924";"Binding affinity to biotinylated USP5 zinc finger ubiquitin binding domain (171 to 290 residues) (unknown origin) expressed in Escherichia coli by surface plasmon resonance assay";"B";"BAO_0000019";"assay format";"Homo sapiens";"None";"None";"None";"None";"";"";"";"CHEMBL6158";"Ubiquitin carboxyl-terminal hydrolase 5";"Homo sapiens";"SINGLE PROTEIN";"CHEMBL5226343";"1";"Scientific Literature";"J Med Chem";"2021";"None";"";"INHIBITOR";"";"45.0"
"CHEMBL5285627";"";"None";"420.46";"0";"2.21";"30";"O=C(O)CNC(=O)c1ccc(S(=O)(=O)N2CCC(c3ccc(F)cc3)CC2)cc1";"Kd";"'='";"23000.0";"nM";"4.64";"";"";"UO_0000065";"11.03";"0.22";"2.43";"4.47";"0";"CHEMBL5228924";"Binding affinity to biotinylated USP5 zinc finger ubiquitin binding domain (171 to 290 residues) (unknown origin) expressed in Escherichia coli by surface plasmon resonance assay";"B";"BAO_0000019";"assay format";"Homo sapiens";"None";"None";"None";"None";"";"";"";"CHEMBL6158";"Ubiquitin carboxyl-terminal hydrolase 5";"Homo sapiens";"SINGLE PROTEIN";"CHEMBL5226343";"1";"Scientific Literature";"J Med Chem";"2021";"None";"";"INHIBITOR";"";"23.0"
"CHEMBL5274675";"";"None";"470.47";"0";"3.09";"33";"O=C(O)CNC(=O)c1ccc(S(=O)(=O)N2CCC(c3cccc(C(F)(F)F)c3)CC2)cc1";"Kd";"'='";"79000.0";"nM";"4.10";"";"";"UO_0000065";"8.72";"0.18";"1.01";"3.95";"0";"CHEMBL5228924";"Binding affinity to biotinylated USP5 zinc finger ubiquitin binding domain (171 to 290 residues) (unknown origin) expressed in Escherichia coli by surface plasmon resonance assay";"B";"BAO_0000019";"assay format";"Homo sapiens";"None";"None";"None";"None";"";"";"";"CHEMBL6158";"Ubiquitin carboxyl-terminal hydrolase 5";"Homo sapiens";"SINGLE PROTEIN";"CHEMBL5226343";"1";"Scientific Literature";"J Med Chem";"2021";"None";"";"INHIBITOR";"";"79.0"
"CHEMBL158037";"";"None";"419.39";"0";"3.57";"b-AP15";"C=CC(=O)N1C/C(=C\c2ccc([N+](=O)[O-])cc2)C(=O)/C(=C/c2ccc([N+](=O)[O-])cc2)C1";"Inhibition";"";"";"%";"";"";"";"UO_0000187";"";"";"";"";"0";"CHEMBL4358860";"Inhibition of human recombinant isopeptidase T assessed as reduction in cleavage of luminescent substrate Ub-AML at 100 uM";"B";"BAO_0000357";"single protein format";"Homo sapiens";"None";"None";"None";"None";"";"";"";"CHEMBL6158";"Ubiquitin carboxyl-terminal hydrolase 5";"Homo sapiens";"SINGLE PROTEIN";"CHEMBL4354861";"1";"Scientific Literature";"J Med Chem";"2020";"None";"";"";"Active";""
"CHEMBL5288864";"";"None";"416.50";"0";"2.38";"50";"Cc1cc(S(=O)(=O)N2CCC(c3ccccc3)CC2)ccc1C(=O)NCC(=O)O";"Kd";"'>'";"1000000.0";"nM";"";"Outside typical range";"";"UO_0000065";"";"";"";"";"0";"CHEMBL5228924";"Binding affinity to biotinylated USP5 zinc finger ubiquitin binding domain (171 to 290 residues) (unknown origin) expressed in Escherichia coli by surface plasmon resonance assay";"B";"BAO_0000019";"assay format";"Homo sapiens";"None";"None";"None";"None";"";"";"";"CHEMBL6158";"Ubiquitin carboxyl-terminal hydrolase 5";"Homo sapiens";"SINGLE PROTEIN";"CHEMBL5226343";"1";"Scientific Literature";"J Med Chem";"2021";"None";"";"";"";"1.0"
"CHEMBL5276984";"";"None";"405.48";"0";"1.41";"57";"Cn1cc(S(=O)(=O)N2CCC(c3ccccc3)CC2)cc1C(=O)NCC(=O)O";"Kd";"'='";"150000.0";"nM";"";"Outside typical range";"";"UO_0000065";"";"";"";"";"0";"CHEMBL5228924";"Binding affinity to biotinylated USP5 zinc finger ubiquitin binding domain (171 to 290 residues) (unknown origin) expressed in Escherichia coli by surface plasmon resonance assay";"B";"BAO_0000019";"assay format";"Homo sapiens";"None";"None";"None";"None";"";"";"";"CHEMBL6158";"Ubiquitin carboxyl-terminal hydrolase 5";"Homo sapiens";"SINGLE PROTEIN";"CHEMBL5226343";"1";"Scientific Literature";"J Med Chem";"2021";"None";"";"INHIBITOR";"";"150.0"
"CHEMBL5278336";"";"None";"437.91";"0";"2.12";"64";"O=C(O)CNC(=O)c1ccc(S(=O)(=O)N2CCC(c3ccc(Cl)cc3)CC2)cn1";"Kd";"'='";"2800.0";"nM";"5.55";"";"";"UO_0000065";"12.68";"0.26";"3.43";"4.76";"0";"CHEMBL5228924";"Binding affinity to biotinylated USP5 zinc finger ubiquitin binding domain (171 to 290 residues) (unknown origin) expressed in Escherichia coli by surface plasmon resonance assay";"B";"BAO_0000019";"assay format";"Homo sapiens";"None";"None";"None";"None";"";"";"";"CHEMBL6158";"Ubiquitin carboxyl-terminal hydrolase 5";"Homo sapiens";"SINGLE PROTEIN";"CHEMBL5226343";"1";"Scientific Literature";"J Med Chem";"2021";"None";"";"INHIBITOR";"";"2.8"
"CHEMBL5282232";"";"None";"392.43";"0";"1.66";"56";"O=C(O)CNC(=O)c1ccc(S(=O)(=O)N2CCC(c3ccccc3)CC2)o1";"Kd";"'='";"71000.0";"nM";"4.15";"";"";"UO_0000065";"10.57";"0.21";"2.49";"3.55";"0";"CHEMBL5228924";"Binding affinity to biotinylated USP5 zinc finger ubiquitin binding domain (171 to 290 residues) (unknown origin) expressed in Escherichia coli by surface plasmon resonance assay";"B";"BAO_0000019";"assay format";"Homo sapiens";"None";"None";"None";"None";"";"";"";"CHEMBL6158";"Ubiquitin carboxyl-terminal hydrolase 5";"Homo sapiens";"SINGLE PROTEIN";"CHEMBL5226343";"1";"Scientific Literature";"J Med Chem";"2021";"None";"";"INHIBITOR";"";"71.0"
"CHEMBL5410606";"";"None";"429.86";"0";"2.39";"25";"COc1ccccc1CNC(=O)Cn1c(CCC(=O)O)nc2c(Cl)cccc2c1=O";"Kd";"'='";"4500.0";"nM";"5.35";"";"";"UO_0000065";"12.44";"0.24";"2.96";"4.84";"0";"CHEMBL5364108";"Binding affinity to N-terminal Avi-tagged and C-terminal His6-tagged USP5 (171 to 290 residues) (unknown origin) expressed in Escherichia coli BirA assessed as dissociation constant by SPR analysis";"B";"BAO_0000019";"assay format";"Homo sapiens";"None";"None";"None";"None";"";"";"";"CHEMBL6158";"Ubiquitin carboxyl-terminal hydrolase 5";"Homo sapiens";"SINGLE PROTEIN";"CHEMBL5360628";"1";"Scientific Literature";"J Med Chem";"2023";"None";"";"ANTAGONIST";"";"4.5"
"CHEMBL4442518";"";"None";"218.21";"0";"1.75";"1; DAT00000180a";"O=C(O)CCc1nnc(-c2ccccc2)o1";"Kd";"'='";"370000.0";"nM";"";"Outside typical range";"";"UO_0000065";"";"";"";"";"0";"CHEMBL4416736";"Binding affinity to N-terminal Avitag-fused His6-tagged USP5 ZnF-UBD (unknown origin) (171 to 290 residues) labelled with 5-fluorotryptophan expressed in BL21 (DE3) Codon Plus RIL Escherichia coli incubated for 35 to 60 secs by SPR analysis";"B";"BAO_0000019";"assay format";"Homo sapiens";"None";"None";"None";"None";"";"";"";"CHEMBL6158";"Ubiquitin carboxyl-terminal hydrolase 5";"Homo sapiens";"SINGLE PROTEIN";"CHEMBL4414636";"1";"Scientific Literature";"J Med Chem";"2019";"None";"";"";"";"370.0"
"CHEMBL4463491";"";"None";"184.22";"0";"1.80";"4; DAT00000190a";"O=C(O)CCC(=O)c1cccs1";"Kd";"'='";"840000.0";"nM";"";"Outside typical range";"";"UO_0000065";"";"";"";"";"0";"CHEMBL4416736";"Binding affinity to N-terminal Avitag-fused His6-tagged USP5 ZnF-UBD (unknown origin) (171 to 290 residues) labelled with 5-fluorotryptophan expressed in BL21 (DE3) Codon Plus RIL Escherichia coli incubated for 35 to 60 secs by SPR analysis";"B";"BAO_0000019";"assay format";"Homo sapiens";"None";"None";"None";"None";"";"";"";"CHEMBL6158";"Ubiquitin carboxyl-terminal hydrolase 5";"Homo sapiens";"SINGLE PROTEIN";"CHEMBL4414636";"1";"Scientific Literature";"J Med Chem";"2019";"None";"";"";"";"840.0"
"CHEMBL4455129";"";"None";"262.26";"0";"2.13";"6; DAT00000198a";"COc1cc2oc(=O)cc(C)c2cc1CCC(=O)O";"Kd";"'='";"250000.0";"nM";"";"Outside typical range";"";"UO_0000065";"";"";"";"";"0";"CHEMBL4416736";"Binding affinity to N-terminal Avitag-fused His6-tagged USP5 ZnF-UBD (unknown origin) (171 to 290 residues) labelled with 5-fluorotryptophan expressed in BL21 (DE3) Codon Plus RIL Escherichia coli incubated for 35 to 60 secs by SPR analysis";"B";"BAO_0000019";"assay format";"Homo sapiens";"None";"None";"None";"None";"";"";"";"CHEMBL6158";"Ubiquitin carboxyl-terminal hydrolase 5";"Homo sapiens";"SINGLE PROTEIN";"CHEMBL4414636";"1";"Scientific Literature";"J Med Chem";"2019";"None";"";"";"";"250.0"
"CHEMBL4530075";"";"None";"314.32";"0";"-0.55";"9; DAT00000203a";"NC(N)=NS(=O)(=O)c1ccc(NC(=O)CCC(=O)O)cc1";"Kd";"";"";"";"";"";"";"";"";"";"";"";"0";"CHEMBL4416736";"Binding affinity to N-terminal Avitag-fused His6-tagged USP5 ZnF-UBD (unknown origin) (171 to 290 residues) labelled with 5-fluorotryptophan expressed in BL21 (DE3) Codon Plus RIL Escherichia coli incubated for 35 to 60 secs by SPR analysis";"B";"BAO_0000019";"assay format";"Homo sapiens";"None";"None";"None";"None";"";"";"";"CHEMBL6158";"Ubiquitin carboxyl-terminal hydrolase 5";"Homo sapiens";"SINGLE PROTEIN";"CHEMBL4414636";"1";"Scientific Literature";"J Med Chem";"2019";"None";"";"";"Not active";""
"CHEMBL357516";"";"None";"219.24";"0";"1.44";"11; DAT00000212a";"O=C(O)CCC(=O)N1CCc2ccccc21";"Kd";"";"";"";"";"";"";"";"";"";"";"";"0";"CHEMBL4416736";"Binding affinity to N-terminal Avitag-fused His6-tagged USP5 ZnF-UBD (unknown origin) (171 to 290 residues) labelled with 5-fluorotryptophan expressed in BL21 (DE3) Codon Plus RIL Escherichia coli incubated for 35 to 60 secs by SPR analysis";"B";"BAO_0000019";"assay format";"Homo sapiens";"None";"None";"None";"None";"";"";"";"CHEMBL6158";"Ubiquitin carboxyl-terminal hydrolase 5";"Homo sapiens";"SINGLE PROTEIN";"CHEMBL4414636";"1";"Scientific Literature";"J Med Chem";"2019";"None";"";"";"Not active";""
"CHEMBL4463453";"";"None";"220.18";"0";"-0.23";"23";"O=C(O)Cn1c(=O)[nH]c2ccccc2c1=O";"Kd";"";"";"";"";"";"";"";"";"";"";"";"0";"CHEMBL4416736";"Binding affinity to N-terminal Avitag-fused His6-tagged USP5 ZnF-UBD (unknown origin) (171 to 290 residues) labelled with 5-fluorotryptophan expressed in BL21 (DE3) Codon Plus RIL Escherichia coli incubated for 35 to 60 secs by SPR analysis";"B";"BAO_0000019";"assay format";"Homo sapiens";"None";"None";"None";"None";"";"";"";"CHEMBL6158";"Ubiquitin carboxyl-terminal hydrolase 5";"Homo sapiens";"SINGLE PROTEIN";"CHEMBL4414636";"1";"Scientific Literature";"J Med Chem";"2019";"None";"";"";"Not active";""
"CHEMBL4446091";"";"None";"218.21";"0";"0.79";"24";"Cc1cccc2c(=O)n(CC(=O)O)cnc12";"Kd";"'='";"490000.0";"nM";"";"Outside typical range";"";"UO_0000065";"";"";"";"";"0";"CHEMBL4416736";"Binding affinity to N-terminal Avitag-fused His6-tagged USP5 ZnF-UBD (unknown origin) (171 to 290 residues) labelled with 5-fluorotryptophan expressed in BL21 (DE3) Codon Plus RIL Escherichia coli incubated for 35 to 60 secs by SPR analysis";"B";"BAO_0000019";"assay format";"Homo sapiens";"None";"None";"None";"None";"";"";"";"CHEMBL6158";"Ubiquitin carboxyl-terminal hydrolase 5";"Homo sapiens";"SINGLE PROTEIN";"CHEMBL4414636";"1";"Scientific Literature";"J Med Chem";"2019";"None";"";"";"";"490.0"
"CHEMBL4435581";"";"None";"247.25";"0";"1.62";"35";"O=C(O)CCC(=O)c1ccc2c(c1)CCC(=O)N2";"Kd";"'='";"190000.0";"nM";"";"Outside typical range";"";"UO_0000065";"";"";"";"";"0";"CHEMBL4416736";"Binding affinity to N-terminal Avitag-fused His6-tagged USP5 ZnF-UBD (unknown origin) (171 to 290 residues) labelled with 5-fluorotryptophan expressed in BL21 (DE3) Codon Plus RIL Escherichia coli incubated for 35 to 60 secs by SPR analysis";"B";"BAO_0000019";"assay format";"Homo sapiens";"None";"None";"None";"None";"";"";"";"CHEMBL6158";"Ubiquitin carboxyl-terminal hydrolase 5";"Homo sapiens";"SINGLE PROTEIN";"CHEMBL4414636";"1";"Scientific Literature";"J Med Chem";"2019";"None";"";"";"";"190.0"
"CHEMBL4440506";"";"None";"220.27";"0";"2.86";"37";"CC(C)c1ccc(C(=O)CCC(=O)O)cc1";"Kd";"'='";"80000.0";"nM";"4.10";"";"";"UO_0000065";"18.60";"0.35";"1.24";"7.54";"0";"CHEMBL4416736";"Binding affinity to N-terminal Avitag-fused His6-tagged USP5 ZnF-UBD (unknown origin) (171 to 290 residues) labelled with 5-fluorotryptophan expressed in BL21 (DE3) Codon Plus RIL Escherichia coli incubated for 35 to 60 secs by SPR analysis";"B";"BAO_0000019";"assay format";"Homo sapiens";"None";"None";"None";"None";"";"";"";"CHEMBL6158";"Ubiquitin carboxyl-terminal hydrolase 5";"Homo sapiens";"SINGLE PROTEIN";"CHEMBL4414636";"1";"Scientific Literature";"J Med Chem";"2019";"None";"";"";"";"80.0"
"CHEMBL5279102";"";"None";"507.58";"1";"4.98";"21; BAY-805";"CC(C)C[C@@H](NC(=O)C1(C(F)(F)F)CCCCC1)C(=O)Nc1nnc(Cc2ccc(C#N)cc2)s1";"Inhibition";"'<'";"15.0";"%";"";"";"";"UO_0000187";"";"";"";"";"0";"CHEMBL5251147";"Inhibition of USP5 (unknown origin) using ubiquitin rhodamine 110 as substrate in presence of ubiquitin at Kd at 1 to 10 uM by DUBprofiler fluorometric assay";"B";"BAO_0000357";"single protein format";"Homo sapiens";"None";"None";"None";"None";"";"";"";"CHEMBL6158";"Ubiquitin carboxyl-terminal hydrolase 5";"Homo sapiens";"SINGLE PROTEIN";"CHEMBL5247643";"1";"Scientific Literature";"J Med Chem";"2023";"None";"DOSE_Lower = 1.0 microM | DOSE_Upper = 10.0 microM";"";"";"15.0"
"CHEMBL5653589";"";"None";"503.49";"2";"5.75";"Chemical probe : NVPiso";"Cc1ccc(C(=O)Nc2cccc(C(F)(F)F)c2)cc1Nc1nc(-c2cccnc2)nc2nn(C)cc12";"ED50";"'='";"9.876";"nM";"8.01";"";"";"UO_0000065";"";"";"";"";"0";"CHEMBL5652788";"Binding affinity to human USP5 incubated for 45 mins by Kinobead based pull down assay";"B";"BAO_0000357";"single protein format";"Homo sapiens";"None";"None";"None";"None";"EFO_ID: MONDO:0004992 | EFO_TERM: cancer";"";"";"CHEMBL6158";"Ubiquitin carboxyl-terminal hydrolase 5";"Homo sapiens";"SINGLE PROTEIN";"CHEMBL5649169";"72";"Chemical Probe data from Scientific Literature";"ChemMedChem";"2018";"None";"TIME = 0.75 hr";"BINDING AGENT";"";"9.876"
"CHEMBL2013072";"";"None";"728.92";"3";"6.33";"3, Biotin-DMT";"Cc1c(C)c(-c2ccc(OCc3cn(CCCCCCNC(=O)CCCC[C@@H]4SC[C@@H]5NC(=O)N[C@@H]54)nn3)cc2)c(O)c(O)c1-c1ccc(O)cc1";"Inhibition";"";"";"%";"";"";"";"UO_0000187";"";"";"";"";"0";"CHEMBL2412073";"Inhibition of wild type human USP5 expressed in Escherichia coli BL21(DE3) using K48-linked tetraubiquitin as substrate assessed as substrate hydrolysis at 5 to 50 uM after 15 mins by SDS-PAGE analysis";"B";"BAO_0000019";"assay format";"Homo sapiens";"None";"None";"None";"None";"";"";"";"CHEMBL6158";"Ubiquitin carboxyl-terminal hydrolase 5";"Homo sapiens";"SINGLE PROTEIN";"CHEMBL2406999";"1";"Scientific Literature";"Bioorg Med Chem Lett";"2013";"None";"";"";"Active";""
"CHEMBL2012938";"VIALININ A";"None";"562.57";"2";"6.14";"1";"O=C(Cc1ccccc1)Oc1c(OC(=O)Cc2ccccc2)c(-c2ccc(O)cc2)c(O)c(O)c1-c1ccc(O)cc1";"Activity";"";"";"";"";"";"";"";"";"";"";"";"0";"CHEMBL2412078";"Competitive binding affinity to human USP5 C335A mutant by SDS-PAGE analysis in presence of biotin-DMT";"B";"BAO_0000019";"assay format";"Homo sapiens";"None";"None";"None";"None";"";"P45974";"C335A";"CHEMBL6158";"Ubiquitin carboxyl-terminal hydrolase 5";"Homo sapiens";"SINGLE PROTEIN";"CHEMBL2406999";"1";"Scientific Literature";"Bioorg Med Chem Lett";"2013";"None";"";"";"Not active";""
"CHEMBL2012938";"VIALININ A";"None";"562.57";"2";"6.14";"1";"O=C(Cc1ccccc1)Oc1c(OC(=O)Cc2ccccc2)c(-c2ccc(O)cc2)c(O)c(O)c1-c1ccc(O)cc1";"Activity";"";"";"";"";"";"";"";"";"";"";"";"0";"CHEMBL2412076";"Competitive binding affinity to human USP5 C335A/H818A mutant by SDS-PAGE analysis in presence of biotin-DMT";"B";"BAO_0000019";"assay format";"Homo sapiens";"None";"None";"None";"None";"";"P45974";"C335A,H818A";"CHEMBL6158";"Ubiquitin carboxyl-terminal hydrolase 5";"Homo sapiens";"SINGLE PROTEIN";"CHEMBL2406999";"1";"Scientific Literature";"Bioorg Med Chem Lett";"2013";"None";"";"";"Not active";""
"CHEMBL1190585";"";"None";"314.32";"0";"2.10";"7";"Nc1c(C(=O)c2ccccc2)sc2[nH]c(=O)c(C(=O)O)cc12";"Ki";"'='";"100000.0";"nM";"4.00";"";"";"UO_0000065";"12.73";"0.25";"1.90";"3.53";"0";"CHEMBL1243705";"Inhibition of isopeptidase T";"B";"BAO_0000357";"single protein format";"None";"None";"None";"None";"None";"";"";"";"CHEMBL6158";"Ubiquitin carboxyl-terminal hydrolase 5";"Homo sapiens";"SINGLE PROTEIN";"CHEMBL1240332";"1";"Scientific Literature";"Nat Chem Biol";"2007";"None";"";"";"";"100.0"
"CHEMBL1229517";"VEMURAFENIB";"4.0";"489.93";"1";"5.54";"Vemurafenib";"CCCS(=O)(=O)Nc1ccc(F)c(C(=O)c2c[nH]c3ncc(-c4ccc(Cl)cc4)cc23)c1F";"Inhibition";"";"";"%";"";"";"";"UO_0000187";"";"";"";"";"0";"CHEMBL4257362";"Inhibition of USP5 in human SK-MEL-28 cells by LC/MS/MS analysis";"B";"BAO_0000219";"cell-based format";"Homo sapiens";"None";"None";"None";"None";"";"";"";"CHEMBL6158";"Ubiquitin carboxyl-terminal hydrolase 5";"Homo sapiens";"SINGLE PROTEIN";"CHEMBL4257227";"38";"SureChEMBL Patent Bioactivity Data";"";"2016";"None";"";"";"Active";""
"CHEMBL1229517";"VEMURAFENIB";"4.0";"489.93";"1";"5.54";"Vemurafenib";"CCCS(=O)(=O)Nc1ccc(F)c(C(=O)c2c[nH]c3ncc(-c4ccc(Cl)cc4)cc23)c1F";"Inhibition";"";"";"%";"";"";"";"UO_0000187";"";"";"";"";"0";"CHEMBL4257365";"Inhibition of USP5 in human A375 cells by direct immunoblotting method";"B";"BAO_0000219";"cell-based format";"Homo sapiens";"None";"None";"None";"None";"";"";"";"CHEMBL6158";"Ubiquitin carboxyl-terminal hydrolase 5";"Homo sapiens";"SINGLE PROTEIN";"CHEMBL4257227";"38";"SureChEMBL Patent Bioactivity Data";"";"2016";"None";"";"";"Active";""
"CHEMBL4287357";"";"None";"503.43";"1";"4.66";"G9";"CCCC(NC(=O)/C(C#N)=C/c1nc(Cl)ccc1Cl)c1ccc(OCCN2CCOCC2)cc1";"Inhibition";"";"";"%";"";"";"";"UO_0000187";"";"";"";"";"0";"CHEMBL4257391";"Inhibition of USP5 in Vemurafenib resistant human A375 cells assessed as reduction in ERK phosphorylation";"B";"BAO_0000019";"assay format";"Homo sapiens";"None";"None";"None";"None";"";"";"";"CHEMBL6158";"Ubiquitin carboxyl-terminal hydrolase 5";"Homo sapiens";"SINGLE PROTEIN";"CHEMBL4257227";"38";"SureChEMBL Patent Bioactivity Data";"";"2016";"None";"";"";"Active";""
"CHEMBL4287357";"";"None";"503.43";"1";"4.66";"G9";"CCCC(NC(=O)/C(C#N)=C/c1nc(Cl)ccc1Cl)c1ccc(OCCN2CCOCC2)cc1";"Inhibition";"";"";"%";"";"";"";"UO_0000187";"";"";"";"";"0";"CHEMBL4257388";"Inhibition of USP5 in Vemurafenib sensitive human A375 cells";"B";"BAO_0000019";"assay format";"Homo sapiens";"None";"None";"None";"None";"";"";"";"CHEMBL6158";"Ubiquitin carboxyl-terminal hydrolase 5";"Homo sapiens";"SINGLE PROTEIN";"CHEMBL4257227";"38";"SureChEMBL Patent Bioactivity Data";"";"2016";"None";"";"";"Active";""
"CHEMBL2159508";"";"None";"484.41";"1";"5.13";"14";"CS(=O)(=O)c1ccc(NC(=O)c2cc(C#N)c(Sc3c(Cl)cncc3Cl)s2)cc1";"Inhibition";"";"";"%";"";"";"";"UO_0000187";"";"";"";"";"0";"CHEMBL2163013";"Inhibition of USP5 by Ub-CHOP reporter assay";"B";"BAO_0000357";"single protein format";"None";"None";"None";"None";"None";"";"";"";"CHEMBL6158";"Ubiquitin carboxyl-terminal hydrolase 5";"Homo sapiens";"SINGLE PROTEIN";"CHEMBL2157895";"1";"Scientific Literature";"ACS Med Chem Lett";"2012";"None";"";"";"Not active";""
"CHEMBL1229517";"VEMURAFENIB";"4.0";"489.93";"1";"5.54";"Vemurafenib";"CCCS(=O)(=O)Nc1ccc(F)c(C(=O)c2c[nH]c3ncc(-c4ccc(Cl)cc4)cc23)c1F";"Inhibition";"";"";"%";"";"";"";"UO_0000187";"";"";"";"";"0";"CHEMBL4257363";"Inhibition of USP5 in human A375 cells by LC/MS/MS analysis";"B";"BAO_0000219";"cell-based format";"Homo sapiens";"None";"None";"None";"None";"";"";"";"CHEMBL6158";"Ubiquitin carboxyl-terminal hydrolase 5";"Homo sapiens";"SINGLE PROTEIN";"CHEMBL4257227";"38";"SureChEMBL Patent Bioactivity Data";"";"2016";"None";"";"";"Active";""
"CHEMBL2012938";"VIALININ A";"None";"562.57";"2";"6.14";"1";"O=C(Cc1ccccc1)Oc1c(OC(=O)Cc2ccccc2)c(-c2ccc(O)cc2)c(O)c(O)c1-c1ccc(O)cc1";"IC50";"'='";"5900.0";"nM";"5.23";"";"";"UO_0000065";"9.30";"0.17";"-0.91";"3.92";"0";"CHEMBL2411924";"Inhibition of wild type human USP5 expressed in Escherichia coli BL21(DE3) using Ub-AMC as substrate after 60 mins by fluorometric analysis";"B";"BAO_0000019";"assay format";"Homo sapiens";"None";"None";"None";"None";"";"";"";"CHEMBL6158";"Ubiquitin carboxyl-terminal hydrolase 5";"Homo sapiens";"SINGLE PROTEIN";"CHEMBL2406999";"1";"Scientific Literature";"Bioorg Med Chem Lett";"2013";"None";"";"";"";"5.9"
"CHEMBL5279102";"";"None";"507.58";"1";"4.98";"21; BAY-805";"CC(C)C[C@@H](NC(=O)C1(C(F)(F)F)CCCCC1)C(=O)Nc1nnc(Cc2ccc(C#N)cc2)s1";"Inhibition";"'<'";"15.0";"%";"";"";"";"UO_0000187";"";"";"";"";"0";"CHEMBL5251148";"Inhibition of USP5 (unknown origin) using ubiquitin rhodamine 110 as substrate in presence of ubiquitin at binding maximum at 1 to 10 uM by DUBprofiler fluorometric assay";"B";"BAO_0000357";"single protein format";"Homo sapiens";"None";"None";"None";"None";"";"";"";"CHEMBL6158";"Ubiquitin carboxyl-terminal hydrolase 5";"Homo sapiens";"SINGLE PROTEIN";"CHEMBL5247643";"1";"Scientific Literature";"J Med Chem";"2023";"None";"DOSE_Lower = 1.0 microM | DOSE_Upper = 10.0 microM";"";"";"15.0"
"CHEMBL5285026";"";"None";"507.58";"1";"4.98";"22; BAY-728";"CC(C)C[C@H](NC(=O)C1(C(F)(F)F)CCCCC1)C(=O)Nc1nnc(Cc2ccc(C#N)cc2)s1";"Inhibition";"'<'";"15.0";"%";"";"";"";"UO_0000187";"";"";"";"";"0";"CHEMBL5251147";"Inhibition of USP5 (unknown origin) using ubiquitin rhodamine 110 as substrate in presence of ubiquitin at Kd at 1 to 10 uM by DUBprofiler fluorometric assay";"B";"BAO_0000357";"single protein format";"Homo sapiens";"None";"None";"None";"None";"";"";"";"CHEMBL6158";"Ubiquitin carboxyl-terminal hydrolase 5";"Homo sapiens";"SINGLE PROTEIN";"CHEMBL5247643";"1";"Scientific Literature";"J Med Chem";"2023";"None";"DOSE_Lower = 1.0 microM | DOSE_Upper = 10.0 microM";"";"";"15.0"
"CHEMBL5286035";"";"None";"436.92";"0";"2.72";"46";"O=C(O)CNC(=O)c1ccc(S(=O)(=O)N2CCC(c3ccccc3)CC2)c(Cl)c1";"Kd";"'='";"47000.0";"nM";"4.33";"";"";"UO_0000065";"9.91";"0.20";"1.61";"4.17";"0";"CHEMBL5228924";"Binding affinity to biotinylated USP5 zinc finger ubiquitin binding domain (171 to 290 residues) (unknown origin) expressed in Escherichia coli by surface plasmon resonance assay";"B";"BAO_0000019";"assay format";"Homo sapiens";"None";"None";"None";"None";"";"";"";"CHEMBL6158";"Ubiquitin carboxyl-terminal hydrolase 5";"Homo sapiens";"SINGLE PROTEIN";"CHEMBL5226343";"1";"Scientific Literature";"J Med Chem";"2021";"None";"";"INHIBITOR";"";"47.0"
"CHEMBL5276142";"";"None";"337.42";"0";"2.61";"Fig 44, Cpd IU1-248";"Cc1cc(C(=O)CN2CCC(O)CC2)c(C)n1-c1ccc(C#N)cc1";"IC50";"'='";"21460.0";"nM";"4.67";"";"";"UO_0000065";"13.84";"0.26";"2.06";"6.74";"0";"CHEMBL5234093";"Inhibition of human USP5 using Ub-PA as substrate assessed as deubiquitination level incubated for 1 hr by SDS-PAGE assay";"B";"BAO_0000357";"single protein format";"Homo sapiens";"None";"None";"None";"None";"";"";"";"CHEMBL6158";"Ubiquitin carboxyl-terminal hydrolase 5";"Homo sapiens";"SINGLE PROTEIN";"CHEMBL5233229";"1";"Scientific Literature";"Eur J Med Chem";"2020";"None";"TIME = 1.0 hr";"INHIBITOR";"";"21.46"
"CHEMBL5265979";"";"None";"481.37";"0";"2.83";"32";"O=C(O)CNC(=O)c1ccc(S(=O)(=O)N2CCC(c3ccc(Br)cc3)CC2)cc1";"Kd";"'='";"22000.0";"nM";"4.66";"";"";"UO_0000065";"9.68";"0.22";"1.83";"4.49";"0";"CHEMBL5228924";"Binding affinity to biotinylated USP5 zinc finger ubiquitin binding domain (171 to 290 residues) (unknown origin) expressed in Escherichia coli by surface plasmon resonance assay";"B";"BAO_0000019";"assay format";"Homo sapiens";"None";"None";"None";"None";"";"";"";"CHEMBL6158";"Ubiquitin carboxyl-terminal hydrolase 5";"Homo sapiens";"SINGLE PROTEIN";"CHEMBL5226343";"1";"Scientific Literature";"J Med Chem";"2021";"None";"";"INHIBITOR";"";"22.0"
"CHEMBL2012938";"VIALININ A";"None";"562.57";"2";"6.14";"1";"O=C(Cc1ccccc1)Oc1c(OC(=O)Cc2ccccc2)c(-c2ccc(O)cc2)c(O)c(O)c1-c1ccc(O)cc1";"Activity";"";"";"";"";"";"";"";"";"";"";"";"0";"CHEMBL2412077";"Competitive binding affinity to human USP5 H818A mutant by SDS-PAGE analysis in presence of biotin-DMT";"B";"BAO_0000019";"assay format";"Homo sapiens";"None";"None";"None";"None";"";"P45974";"H818A";"CHEMBL6158";"Ubiquitin carboxyl-terminal hydrolase 5";"Homo sapiens";"SINGLE PROTEIN";"CHEMBL2406999";"1";"Scientific Literature";"Bioorg Med Chem Lett";"2013";"None";"";"";"Not active";""
"CHEMBL5273203";"";"None";"401.48";"0";"3.30";"3";"O=C(O)CCC(=O)c1ccc(S(=O)(=O)N2CCC(c3ccccc3)CC2)cc1";"Kd";"'='";"8000.0";"nM";"5.10";"";"";"UO_0000065";"12.70";"0.25";"1.80";"5.56";"0";"CHEMBL5228924";"Binding affinity to biotinylated USP5 zinc finger ubiquitin binding domain (171 to 290 residues) (unknown origin) expressed in Escherichia coli by surface plasmon resonance assay";"B";"BAO_0000019";"assay format";"Homo sapiens";"None";"None";"None";"None";"";"";"";"CHEMBL6158";"Ubiquitin carboxyl-terminal hydrolase 5";"Homo sapiens";"SINGLE PROTEIN";"CHEMBL5226343";"1";"Scientific Literature";"J Med Chem";"2021";"None";"";"INHIBITOR";"";"8.0"
"CHEMBL5282674";"";"None";"436.92";"0";"2.72";"37";"O=C(O)CNC(=O)c1ccc(S(=O)(=O)N2CCC(c3cccc(Cl)c3)CC2)cc1";"Kd";"";"";"";"";"";"Not Determined";"";"";"";"";"";"0";"CHEMBL5228924";"Binding affinity to biotinylated USP5 zinc finger ubiquitin binding domain (171 to 290 residues) (unknown origin) expressed in Escherichia coli by surface plasmon resonance assay";"B";"BAO_0000019";"assay format";"Homo sapiens";"None";"None";"None";"None";"";"";"";"CHEMBL6158";"Ubiquitin carboxyl-terminal hydrolase 5";"Homo sapiens";"SINGLE PROTEIN";"CHEMBL5226343";"1";"Scientific Literature";"J Med Chem";"2021";"None";"";"";"";""
"CHEMBL5270273";"";"None";"400.46";"0";"1.98";"15";"O=C(O)CNC(=O)c1ccc(S(=O)(=O)N2CC=C(c3ccccc3)CC2)cc1";"Kd";"'='";"54000.0";"nM";"4.27";"";"";"UO_0000065";"10.66";"0.21";"2.29";"4.11";"0";"CHEMBL5228924";"Binding affinity to biotinylated USP5 zinc finger ubiquitin binding domain (171 to 290 residues) (unknown origin) expressed in Escherichia coli by surface plasmon resonance assay";"B";"BAO_0000019";"assay format";"Homo sapiens";"None";"None";"None";"None";"";"";"";"CHEMBL6158";"Ubiquitin carboxyl-terminal hydrolase 5";"Homo sapiens";"SINGLE PROTEIN";"CHEMBL5226343";"1";"Scientific Literature";"J Med Chem";"2021";"None";"";"INHIBITOR";"";"54.0"
"CHEMBL5266862";"";"None";"476.00";"0";"2.12";"64b";"O=C([O-])CNC(=O)c1ccc(S(=O)(=O)N2CCC(c3ccc(Cl)cc3)CC2)cn1.[K+]";"Kd";"'='";"3400.0";"nM";"5.47";"";"";"UO_0000065";"12.49";"0.26";"3.35";"4.69";"0";"CHEMBL5228936";"Binding affinity to biotinylated USP5 zinc finger ubiquitin binding domain (171 to 290 residues) (unknown origin) expressed in Escherichia coli incubated for 120 secs by Biolayer Interferometry assay";"B";"BAO_0000019";"assay format";"Homo sapiens";"None";"None";"None";"None";"";"";"";"CHEMBL6158";"Ubiquitin carboxyl-terminal hydrolase 5";"Homo sapiens";"SINGLE PROTEIN";"CHEMBL5226343";"1";"Scientific Literature";"J Med Chem";"2021";"None";"TIME = 0.03333 hr";"INHIBITOR";"";"3.4"
"CHEMBL5277702";"";"None";"416.50";"0";"2.38";"28";"Cc1ccc(C2CCN(S(=O)(=O)c3ccc(C(=O)NCC(=O)O)cc3)CC2)cc1";"Kd";"'='";"19000.0";"nM";"4.72";"";"";"UO_0000065";"11.34";"0.22";"2.34";"4.55";"0";"CHEMBL5228924";"Binding affinity to biotinylated USP5 zinc finger ubiquitin binding domain (171 to 290 residues) (unknown origin) expressed in Escherichia coli by surface plasmon resonance assay";"B";"BAO_0000019";"assay format";"Homo sapiens";"None";"None";"None";"None";"";"";"";"CHEMBL6158";"Ubiquitin carboxyl-terminal hydrolase 5";"Homo sapiens";"SINGLE PROTEIN";"CHEMBL5226343";"1";"Scientific Literature";"J Med Chem";"2021";"None";"";"INHIBITOR";"";"19.0"
"CHEMBL5653589";"";"None";"503.49";"2";"5.75";"Chemical probe : NVPiso";"Cc1ccc(C(=O)Nc2cccc(C(F)(F)F)c2)cc1Nc1nc(-c2cccnc2)nc2nn(C)cc12";"Kd";"'='";"9.876";"nM";"8.01";"";"";"UO_0000065";"15.90";"0.30";"2.26";"8.20";"0";"CHEMBL5652788";"Binding affinity to human USP5 incubated for 45 mins by Kinobead based pull down assay";"B";"BAO_0000357";"single protein format";"Homo sapiens";"None";"None";"None";"None";"EFO_ID: MONDO:0004992 | EFO_TERM: cancer";"";"";"CHEMBL6158";"Ubiquitin carboxyl-terminal hydrolase 5";"Homo sapiens";"SINGLE PROTEIN";"CHEMBL5649169";"72";"Chemical Probe data from Scientific Literature";"ChemMedChem";"2018";"None";"TIME = 0.75 hr";"BINDING AGENT";"";"9.876"
"CHEMBL3752910";"";"None";"503.49";"2";"5.75";"Chemical probe : NVP-BHG712;NVP";"Cc1ccc(C(=O)Nc2cccc(C(F)(F)F)c2)cc1Nc1nc(-c2cccnc2)nc2c1cnn2C";"Kd";"'='";"129519.98";"nM";"";"Outside typical range";"";"UO_0000065";"";"";"";"";"0";"CHEMBL5652788";"Binding affinity to human USP5 incubated for 45 mins by Kinobead based pull down assay";"B";"BAO_0000357";"single protein format";"Homo sapiens";"None";"None";"None";"None";"EFO_ID: MONDO:0004992 | EFO_TERM: cancer";"";"";"CHEMBL6158";"Ubiquitin carboxyl-terminal hydrolase 5";"Homo sapiens";"SINGLE PROTEIN";"CHEMBL5649169";"72";"Chemical Probe data from Scientific Literature";"ChemMedChem";"2018";"None";"TIME = 0.75 hr";"BINDING AGENT";"";"129519.981"
"CHEMBL1221693";"";"None";"505.53";"1";"2.54";"7";"COc1ccc(C(=O)ONC(=O)CNC(=O)[C@H](Cc2ccccc2)NC(=O)OCc2ccccc2)cc1";"Inhibition";"";"";"%";"";"";"";"UO_0000187";"";"";"";"";"0";"CHEMBL2411910";"Inhibition of human USP5 using Ub4 as substrate at 50 uM after 10 mins by SDS-PAGE analysis";"B";"BAO_0000357";"single protein format";"Homo sapiens";"None";"None";"None";"None";"";"";"";"CHEMBL6158";"Ubiquitin carboxyl-terminal hydrolase 5";"Homo sapiens";"SINGLE PROTEIN";"CHEMBL2406999";"1";"Scientific Literature";"Bioorg Med Chem Lett";"2013";"None";"";"";"Not active";""
"CHEMBL4539469";"";"None";"216.24";"0";"1.89";"12";"O=C(O)CCc1cnn(-c2ccccc2)c1";"Kd";"";"";"";"";"";"";"";"";"";"";"";"0";"CHEMBL4416736";"Binding affinity to N-terminal Avitag-fused His6-tagged USP5 ZnF-UBD (unknown origin) (171 to 290 residues) labelled with 5-fluorotryptophan expressed in BL21 (DE3) Codon Plus RIL Escherichia coli incubated for 35 to 60 secs by SPR analysis";"B";"BAO_0000019";"assay format";"Homo sapiens";"None";"None";"None";"None";"";"";"";"CHEMBL6158";"Ubiquitin carboxyl-terminal hydrolase 5";"Homo sapiens";"SINGLE PROTEIN";"CHEMBL4414636";"1";"Scientific Literature";"J Med Chem";"2019";"None";"";"";"Not active";""
"CHEMBL4563831";"";"None";"217.22";"0";"2.36";"14";"O=C(O)CCc1ncc(-c2ccccc2)o1";"Kd";"'='";"910000.0";"nM";"";"Outside typical range";"";"UO_0000065";"";"";"";"";"0";"CHEMBL4416736";"Binding affinity to N-terminal Avitag-fused His6-tagged USP5 ZnF-UBD (unknown origin) (171 to 290 residues) labelled with 5-fluorotryptophan expressed in BL21 (DE3) Codon Plus RIL Escherichia coli incubated for 35 to 60 secs by SPR analysis";"B";"BAO_0000019";"assay format";"Homo sapiens";"None";"None";"None";"None";"";"";"";"CHEMBL6158";"Ubiquitin carboxyl-terminal hydrolase 5";"Homo sapiens";"SINGLE PROTEIN";"CHEMBL4414636";"1";"Scientific Literature";"J Med Chem";"2019";"None";"";"";"";"910.0"
"CHEMBL4577714";"";"None";"234.29";"0";"2.93";"33";"CC(C)Cc1ccc(C(=O)CCC(=O)O)cc1";"Kd";"'='";"390000.0";"nM";"";"Outside typical range";"";"UO_0000065";"";"";"";"";"0";"CHEMBL4416736";"Binding affinity to N-terminal Avitag-fused His6-tagged USP5 ZnF-UBD (unknown origin) (171 to 290 residues) labelled with 5-fluorotryptophan expressed in BL21 (DE3) Codon Plus RIL Escherichia coli incubated for 35 to 60 secs by SPR analysis";"B";"BAO_0000019";"assay format";"Homo sapiens";"None";"None";"None";"None";"";"";"";"CHEMBL6158";"Ubiquitin carboxyl-terminal hydrolase 5";"Homo sapiens";"SINGLE PROTEIN";"CHEMBL4414636";"1";"Scientific Literature";"J Med Chem";"2019";"None";"";"";"";"390.0"
"CHEMBL4474814";"";"None";"670.82";"2";"-3.30";"LRLRGG";"CC(C)C[C@H](NC(=O)[C@H](CCCNC(=N)N)NC(=O)[C@@H](N)CC(C)C)C(=O)N[C@@H](CCCNC(=N)N)C(=O)NCC(=O)NCC(=O)O";"Kd";"'='";"52000.0";"nM";"4.28";"";"";"UO_0000065";"6.39";"0.12";"7.58";"1.29";"0";"CHEMBL4416736";"Binding affinity to N-terminal Avitag-fused His6-tagged USP5 ZnF-UBD (unknown origin) (171 to 290 residues) labelled with 5-fluorotryptophan expressed in BL21 (DE3) Codon Plus RIL Escherichia coli incubated for 35 to 60 secs by SPR analysis";"B";"BAO_0000019";"assay format";"Homo sapiens";"None";"None";"None";"None";"";"";"";"CHEMBL6158";"Ubiquitin carboxyl-terminal hydrolase 5";"Homo sapiens";"SINGLE PROTEIN";"CHEMBL4414636";"1";"Scientific Literature";"J Med Chem";"2019";"None";"";"";"";"52.0"
"CHEMBL2012938";"VIALININ A";"None";"562.57";"2";"6.14";"1";"O=C(Cc1ccccc1)Oc1c(OC(=O)Cc2ccccc2)c(-c2ccc(O)cc2)c(O)c(O)c1-c1ccc(O)cc1";"Ki";"'='";"4000.0";"nM";"5.40";"";"";"UO_0000065";"9.60";"0.18";"-0.74";"4.04";"0";"CHEMBL2411924";"Inhibition of wild type human USP5 expressed in Escherichia coli BL21(DE3) using Ub-AMC as substrate after 60 mins by fluorometric analysis";"B";"BAO_0000019";"assay format";"Homo sapiens";"None";"None";"None";"None";"";"";"";"CHEMBL6158";"Ubiquitin carboxyl-terminal hydrolase 5";"Homo sapiens";"SINGLE PROTEIN";"CHEMBL2406999";"1";"Scientific Literature";"Bioorg Med Chem Lett";"2013";"None";"";"";"";"4.0"
"CHEMBL341014";"";"None";"396.49";"0";"3.25";"6";"CC(C)C[C@H](NC(=O)OCc1ccccc1)C(=O)N[C@H](C=O)Cc1ccccc1";"Inhibition";"";"";"%";"";"";"";"UO_0000187";"";"";"";"";"0";"CHEMBL2411910";"Inhibition of human USP5 using Ub4 as substrate at 50 uM after 10 mins by SDS-PAGE analysis";"B";"BAO_0000357";"single protein format";"Homo sapiens";"None";"None";"None";"None";"";"";"";"CHEMBL6158";"Ubiquitin carboxyl-terminal hydrolase 5";"Homo sapiens";"SINGLE PROTEIN";"CHEMBL2406999";"1";"Scientific Literature";"Bioorg Med Chem Lett";"2013";"None";"";"";"Not active";""
"CHEMBL2012939";"";"None";"322.36";"0";"4.46";"2, DMT";"Cc1c(C)c(-c2ccc(O)cc2)c(O)c(O)c1-c1ccc(O)cc1";"Activity";"";"";"";"";"";"";"";"";"";"";"";"0";"CHEMBL2412079";"Competitive binding affinity to human recombinant USP5 after 1 hr by SDS-PAGE analysis in presence of biotin-DMT";"B";"BAO_0000357";"single protein format";"Homo sapiens";"None";"None";"None";"None";"";"";"";"CHEMBL6158";"Ubiquitin carboxyl-terminal hydrolase 5";"Homo sapiens";"SINGLE PROTEIN";"CHEMBL2406999";"1";"Scientific Literature";"Bioorg Med Chem Lett";"2013";"None";"";"";"Active";""
"CHEMBL2408657";"";"None";"500.67";"1";"3.26";"4, Biotin-phenol";"O=C(CCCC[C@@H]1SC[C@@H]2NC(=O)N[C@@H]21)NCCCCCCn1cc(COc2ccccc2)nn1";"Activity";"";"";"";"";"";"";"";"";"";"";"";"0";"CHEMBL2412081";"Binding affinity to human recombinant USP5 by SDS-PAGE analysis";"B";"BAO_0000357";"single protein format";"Homo sapiens";"None";"None";"None";"None";"";"";"";"CHEMBL6158";"Ubiquitin carboxyl-terminal hydrolase 5";"Homo sapiens";"SINGLE PROTEIN";"CHEMBL2406999";"1";"Scientific Literature";"Bioorg Med Chem Lett";"2013";"None";"";"";"Not active";""
"CHEMBL4129140";"";"None";"469.16";"1";"5.28";"13";"CC(=O)C1=C(O)C(=O)N(CCc2ccc(Cl)c(Cl)c2)C1c1ccc(Br)cc1";"IC50";"'>'";"200000.0";"nM";"";"Outside typical range";"";"UO_0000065";"";"";"";"";"0";"CHEMBL4119763";"Inhibition of USP5 (unknown origin) using Ub-AMC as substrate preincubated for 30 mins followed by substrate addition measured after 60 mins by fluorescence based assay";"B";"BAO_0000357";"single protein format";"Homo sapiens";"None";"None";"None";"None";"";"";"";"CHEMBL6158";"Ubiquitin carboxyl-terminal hydrolase 5";"Homo sapiens";"SINGLE PROTEIN";"CHEMBL4118084";"1";"Scientific Literature";"J Med Chem";"2018";"None";"";"";"";"200.0"
"CHEMBL5273043";"";"None";"403.46";"0";"2.67";"1";"CC(NC(=O)C1CCCC1)C(=O)Nc1nnc(Cc2ccc([N+](=O)[O-])cc2)s1";"Activity";"'<'";"50.0";"%";"";"";"";"UO_0000187";"";"";"";"";"0";"CHEMBL5251113";"Inhibition of human USP5 (1 to 835 residues) expressed in Sf9 cells using ubiquitin rhodamine 110 as substrate assessed as remaining enzyme activity at 10 to 50 uM by fluorometric assay";"B";"BAO_0000219";"cell-based format";"Homo sapiens";"None";"None";"Sf9";"None";"";"";"";"CHEMBL6158";"Ubiquitin carboxyl-terminal hydrolase 5";"Homo sapiens";"SINGLE PROTEIN";"CHEMBL5247643";"1";"Scientific Literature";"J Med Chem";"2023";"None";"DOSE_Lower = 10.0 microM | DOSE_Upper = 50.0 microM";"";"";"50.0"
"CHEMBL3752910";"";"None";"503.49";"2";"5.75";"Chemical probe : NVP-BHG712;NVP";"Cc1ccc(C(=O)Nc2cccc(C(F)(F)F)c2)cc1Nc1nc(-c2cccnc2)nc2c1cnn2C";"ED50";"'='";"129519.98";"nM";"3.89";"";"";"UO_0000065";"";"";"";"";"0";"CHEMBL5652788";"Binding affinity to human USP5 incubated for 45 mins by Kinobead based pull down assay";"B";"BAO_0000357";"single protein format";"Homo sapiens";"None";"None";"None";"None";"EFO_ID: MONDO:0004992 | EFO_TERM: cancer";"";"";"CHEMBL6158";"Ubiquitin carboxyl-terminal hydrolase 5";"Homo sapiens";"SINGLE PROTEIN";"CHEMBL5649169";"72";"Chemical Probe data from Scientific Literature";"ChemMedChem";"2018";"None";"TIME = 0.75 hr";"BINDING AGENT";"";"129519.981"
"CHEMBL5286558";"";"None";"436.92";"0";"2.72";"49";"O=C(O)CNC(=O)c1ccc(S(=O)(=O)N2CCC(c3ccccc3)CC2)cc1Cl";"Kd";"'='";"210000.0";"nM";"";"Outside typical range";"";"UO_0000065";"";"";"";"";"0";"CHEMBL5228924";"Binding affinity to biotinylated USP5 zinc finger ubiquitin binding domain (171 to 290 residues) (unknown origin) expressed in Escherichia coli by surface plasmon resonance assay";"B";"BAO_0000019";"assay format";"Homo sapiens";"None";"None";"None";"None";"";"";"";"CHEMBL6158";"Ubiquitin carboxyl-terminal hydrolase 5";"Homo sapiens";"SINGLE PROTEIN";"CHEMBL5226343";"1";"Scientific Literature";"J Med Chem";"2021";"None";"";"INHIBITOR";"";"210.0"
"CHEMBL5273898";"";"None";"369.44";"0";"0.22";"22";"CN(C)C1CCN(S(=O)(=O)c2ccc(C(=O)NCC(=O)O)cc2)CC1";"Kd";"'='";"80000.0";"nM";"4.10";"";"";"UO_0000065";"11.09";"0.22";"3.88";"3.83";"0";"CHEMBL5228924";"Binding affinity to biotinylated USP5 zinc finger ubiquitin binding domain (171 to 290 residues) (unknown origin) expressed in Escherichia coli by surface plasmon resonance assay";"B";"BAO_0000019";"assay format";"Homo sapiens";"None";"None";"None";"None";"";"";"";"CHEMBL6158";"Ubiquitin carboxyl-terminal hydrolase 5";"Homo sapiens";"SINGLE PROTEIN";"CHEMBL5226343";"1";"Scientific Literature";"J Med Chem";"2021";"None";"";"INHIBITOR";"";"80.0"
"CHEMBL1229517";"VEMURAFENIB";"4.0";"489.93";"1";"5.54";"Vemurafenib";"CCCS(=O)(=O)Nc1ccc(F)c(C(=O)c2c[nH]c3ncc(-c4ccc(Cl)cc4)cc23)c1F";"Inhibition";"";"";"%";"";"";"";"UO_0000187";"";"";"";"";"0";"CHEMBL4257388";"Inhibition of USP5 in Vemurafenib sensitive human A375 cells";"B";"BAO_0000019";"assay format";"Homo sapiens";"None";"None";"None";"None";"";"";"";"CHEMBL6158";"Ubiquitin carboxyl-terminal hydrolase 5";"Homo sapiens";"SINGLE PROTEIN";"CHEMBL4257227";"38";"SureChEMBL Patent Bioactivity Data";"";"2016";"None";"";"";"Active";""
"CHEMBL5278336";"";"None";"437.91";"0";"2.12";"64";"O=C(O)CNC(=O)c1ccc(S(=O)(=O)N2CCC(c3ccc(Cl)cc3)CC2)cn1";"IC50";"'='";"26000.0";"nM";"4.58";"";"";"UO_0000065";"10.47";"0.22";"2.47";"3.93";"0";"CHEMBL5228933";"Inhibition of full length USP5 (1 to 835 residues) (unknown origin) expressed in Escherichia coli using DU48-02 as substrate preincubated with enzyme for 1 hr followed by substrate addition and measured for 10 mins by IQF assay";"B";"BAO_0000019";"assay format";"Homo sapiens";"None";"None";"None";"None";"";"";"";"CHEMBL6158";"Ubiquitin carboxyl-terminal hydrolase 5";"Homo sapiens";"SINGLE PROTEIN";"CHEMBL5226343";"1";"Scientific Literature";"J Med Chem";"2021";"None";"TIME = 1.167 hr";"INHIBITOR";"";"26.0"
"CHEMBL5290098";"";"None";"420.46";"0";"2.21";"45";"O=C(O)CNC(=O)c1ccc(S(=O)(=O)N2CCC(c3ccccc3)CC2)c(F)c1";"Kd";"'='";"42000.0";"nM";"4.38";"";"";"UO_0000065";"10.41";"0.21";"2.17";"4.22";"0";"CHEMBL5228924";"Binding affinity to biotinylated USP5 zinc finger ubiquitin binding domain (171 to 290 residues) (unknown origin) expressed in Escherichia coli by surface plasmon resonance assay";"B";"BAO_0000019";"assay format";"Homo sapiens";"None";"None";"None";"None";"";"";"";"CHEMBL6158";"Ubiquitin carboxyl-terminal hydrolase 5";"Homo sapiens";"SINGLE PROTEIN";"CHEMBL5226343";"1";"Scientific Literature";"J Med Chem";"2021";"None";"";"INHIBITOR";"";"42.0"
"CHEMBL5271929";"";"None";"420.46";"0";"2.21";"48";"O=C(O)CNC(=O)c1ccc(S(=O)(=O)N2CCC(c3ccccc3)CC2)cc1F";"Kd";"'='";"9000.0";"nM";"5.05";"";"";"UO_0000065";"12.00";"0.24";"2.84";"4.86";"0";"CHEMBL5228924";"Binding affinity to biotinylated USP5 zinc finger ubiquitin binding domain (171 to 290 residues) (unknown origin) expressed in Escherichia coli by surface plasmon resonance assay";"B";"BAO_0000019";"assay format";"Homo sapiens";"None";"None";"None";"None";"";"";"";"CHEMBL6158";"Ubiquitin carboxyl-terminal hydrolase 5";"Homo sapiens";"SINGLE PROTEIN";"CHEMBL5226343";"1";"Scientific Literature";"J Med Chem";"2021";"None";"";"INHIBITOR";"";"9.0"
"CHEMBL5279202";"";"None";"408.50";"0";"2.13";"55";"O=C(O)CNC(=O)c1csc(S(=O)(=O)N2CCC(c3ccccc3)CC2)c1";"Kd";"'='";"67000.0";"nM";"4.17";"";"";"UO_0000065";"10.22";"0.21";"2.04";"4.02";"0";"CHEMBL5228924";"Binding affinity to biotinylated USP5 zinc finger ubiquitin binding domain (171 to 290 residues) (unknown origin) expressed in Escherichia coli by surface plasmon resonance assay";"B";"BAO_0000019";"assay format";"Homo sapiens";"None";"None";"None";"None";"";"";"";"CHEMBL6158";"Ubiquitin carboxyl-terminal hydrolase 5";"Homo sapiens";"SINGLE PROTEIN";"CHEMBL5226343";"1";"Scientific Literature";"J Med Chem";"2021";"None";"";"INHIBITOR";"";"67.0"
"CHEMBL5272566";"";"None";"395.48";"0";"0.75";"6";"O=C(O)CNC(=O)c1ccc(S(=O)(=O)N2CCC(N3CCCC3)CC2)cc1";"Kd";"'='";"33000.0";"nM";"4.48";"";"";"UO_0000065";"11.33";"0.23";"3.73";"4.19";"0";"CHEMBL5228924";"Binding affinity to biotinylated USP5 zinc finger ubiquitin binding domain (171 to 290 residues) (unknown origin) expressed in Escherichia coli by surface plasmon resonance assay";"B";"BAO_0000019";"assay format";"Homo sapiens";"None";"None";"None";"None";"";"";"";"CHEMBL6158";"Ubiquitin carboxyl-terminal hydrolase 5";"Homo sapiens";"SINGLE PROTEIN";"CHEMBL5226343";"1";"Scientific Literature";"J Med Chem";"2021";"None";"";"INHIBITOR";"";"33.0"
"CHEMBL5283991";"";"None";"428.51";"0";"2.60";"18";"O=C(O)CNC(=O)c1ccc(S(=O)(=O)N2[C@@H]3CC[C@H]2C[C@@H](c2ccccc2)C3)cc1";"Kd";"'='";"87000.0";"nM";"4.06";"";"";"UO_0000065";"9.48";"0.18";"1.46";"3.91";"0";"CHEMBL5228924";"Binding affinity to biotinylated USP5 zinc finger ubiquitin binding domain (171 to 290 residues) (unknown origin) expressed in Escherichia coli by surface plasmon resonance assay";"B";"BAO_0000019";"assay format";"Homo sapiens";"None";"None";"None";"None";"";"";"";"CHEMBL6158";"Ubiquitin carboxyl-terminal hydrolase 5";"Homo sapiens";"SINGLE PROTEIN";"CHEMBL5226343";"1";"Scientific Literature";"J Med Chem";"2021";"None";"";"INHIBITOR";"";"87.0"
"CHEMBL4635160";"";"None";"524.09";"2";"5.44";"30";"Cc1cc(Cl)cc(-c2ccnc3cc(CN4C(=O)C5C(C4=O)C5(C)C)sc23)c1O[C@@H]1CCNC[C@@H]1C";"IC50";"'>'";"10000.0";"nM";"";"";"";"UO_0000065";"";"";"";"";"0";"CHEMBL4606045";"Inhibition of human 6His-tagged USP5 expressed in Escherichia coli assessed as cleavage of Ubiquitin-Rhodamine110-glycine to Ubiquitin and Rhodamine110-glycine using Ubiquitin-Rhodamine110-glycine as substrate by fluorescence based analysis";"B";"BAO_0000019";"assay format";"Homo sapiens";"None";"None";"None";"None";"";"";"";"CHEMBL6158";"Ubiquitin carboxyl-terminal hydrolase 5";"Homo sapiens";"SINGLE PROTEIN";"CHEMBL4602719";"1";"Scientific Literature";"J Med Chem";"2020";"None";"";"";"";"10.0"
"CHEMBL1450722";"";"None";"218.22";"0";"0.81";"13";"O=C(O)CCn1nnc(-c2ccccc2)n1";"Kd";"'='";"530000.0";"nM";"";"Outside typical range";"";"UO_0000065";"";"";"";"";"0";"CHEMBL4416736";"Binding affinity to N-terminal Avitag-fused His6-tagged USP5 ZnF-UBD (unknown origin) (171 to 290 residues) labelled with 5-fluorotryptophan expressed in BL21 (DE3) Codon Plus RIL Escherichia coli incubated for 35 to 60 secs by SPR analysis";"B";"BAO_0000019";"assay format";"Homo sapiens";"None";"None";"None";"None";"";"";"";"CHEMBL6158";"Ubiquitin carboxyl-terminal hydrolase 5";"Homo sapiens";"SINGLE PROTEIN";"CHEMBL4414636";"1";"Scientific Literature";"J Med Chem";"2019";"None";"";"";"";"530.0"
"CHEMBL4465377";"";"None";"344.11";"0";"2.36";"18";"O=C(O)CCc1nnc(-c2ccccc2I)o1";"Kd";"'='";"280000.0";"nM";"";"Outside typical range";"";"UO_0000065";"";"";"";"";"0";"CHEMBL4416736";"Binding affinity to N-terminal Avitag-fused His6-tagged USP5 ZnF-UBD (unknown origin) (171 to 290 residues) labelled with 5-fluorotryptophan expressed in BL21 (DE3) Codon Plus RIL Escherichia coli incubated for 35 to 60 secs by SPR analysis";"B";"BAO_0000019";"assay format";"Homo sapiens";"None";"None";"None";"None";"";"";"";"CHEMBL6158";"Ubiquitin carboxyl-terminal hydrolase 5";"Homo sapiens";"SINGLE PROTEIN";"CHEMBL4414636";"1";"Scientific Literature";"J Med Chem";"2019";"None";"";"";"";"280.0"
"CHEMBL4435093";"";"None";"327.13";"0";"2.52";"19";"COc1ccc(Br)c(-c2nnc(CCC(=O)O)o2)c1";"Kd";"'='";"270000.0";"nM";"";"Outside typical range";"";"UO_0000065";"";"";"";"";"0";"CHEMBL4416736";"Binding affinity to N-terminal Avitag-fused His6-tagged USP5 ZnF-UBD (unknown origin) (171 to 290 residues) labelled with 5-fluorotryptophan expressed in BL21 (DE3) Codon Plus RIL Escherichia coli incubated for 35 to 60 secs by SPR analysis";"B";"BAO_0000019";"assay format";"Homo sapiens";"None";"None";"None";"None";"";"";"";"CHEMBL6158";"Ubiquitin carboxyl-terminal hydrolase 5";"Homo sapiens";"SINGLE PROTEIN";"CHEMBL4414636";"1";"Scientific Literature";"J Med Chem";"2019";"None";"";"";"";"270.0"
"CHEMBL284979";"";"None";"283.08";"0";"1.24";"20";"O=C(O)Cn1cnc2ccc(Br)cc2c1=O";"Kd";"'='";"250000.0";"nM";"";"Outside typical range";"";"UO_0000065";"";"";"";"";"0";"CHEMBL4416736";"Binding affinity to N-terminal Avitag-fused His6-tagged USP5 ZnF-UBD (unknown origin) (171 to 290 residues) labelled with 5-fluorotryptophan expressed in BL21 (DE3) Codon Plus RIL Escherichia coli incubated for 35 to 60 secs by SPR analysis";"B";"BAO_0000019";"assay format";"Homo sapiens";"None";"None";"None";"None";"";"";"";"CHEMBL6158";"Ubiquitin carboxyl-terminal hydrolase 5";"Homo sapiens";"SINGLE PROTEIN";"CHEMBL4414636";"1";"Scientific Literature";"J Med Chem";"2019";"None";"";"";"";"250.0"
"CHEMBL4557874";"";"None";"250.28";"0";"1.70";"26";"CC(C(=O)O)n1c(=S)[nH]c2ccccc2c1=O";"Kd";"";"";"";"";"";"";"";"";"";"";"";"0";"CHEMBL4416736";"Binding affinity to N-terminal Avitag-fused His6-tagged USP5 ZnF-UBD (unknown origin) (171 to 290 residues) labelled with 5-fluorotryptophan expressed in BL21 (DE3) Codon Plus RIL Escherichia coli incubated for 35 to 60 secs by SPR analysis";"B";"BAO_0000019";"assay format";"Homo sapiens";"None";"None";"None";"None";"";"";"";"CHEMBL6158";"Ubiquitin carboxyl-terminal hydrolase 5";"Homo sapiens";"SINGLE PROTEIN";"CHEMBL4414636";"1";"Scientific Literature";"J Med Chem";"2019";"None";"";"";"Not active";""
"CHEMBL5285026";"";"None";"507.58";"1";"4.98";"22; BAY-728";"CC(C)C[C@H](NC(=O)C1(C(F)(F)F)CCCCC1)C(=O)Nc1nnc(Cc2ccc(C#N)cc2)s1";"Inhibition";"'<'";"15.0";"%";"";"";"";"UO_0000187";"";"";"";"";"0";"CHEMBL5251148";"Inhibition of USP5 (unknown origin) using ubiquitin rhodamine 110 as substrate in presence of ubiquitin at binding maximum at 1 to 10 uM by DUBprofiler fluorometric assay";"B";"BAO_0000357";"single protein format";"Homo sapiens";"None";"None";"None";"None";"";"";"";"CHEMBL6158";"Ubiquitin carboxyl-terminal hydrolase 5";"Homo sapiens";"SINGLE PROTEIN";"CHEMBL5247643";"1";"Scientific Literature";"J Med Chem";"2023";"None";"DOSE_Lower = 1.0 microM | DOSE_Upper = 10.0 microM";"";"";"15.0"
"CHEMBL5267700";"";"None";"374.42";"0";"1.25";"10";"O=C(O)CNC(=O)c1ccc(S(=O)(=O)N2CCc3ccccc3C2)cc1";"Kd";"'='";"110000.0";"nM";"";"Outside typical range";"";"UO_0000065";"";"";"";"";"0";"CHEMBL5228924";"Binding affinity to biotinylated USP5 zinc finger ubiquitin binding domain (171 to 290 residues) (unknown origin) expressed in Escherichia coli by surface plasmon resonance assay";"B";"BAO_0000019";"assay format";"Homo sapiens";"None";"None";"None";"None";"";"";"";"CHEMBL6158";"Ubiquitin carboxyl-terminal hydrolase 5";"Homo sapiens";"SINGLE PROTEIN";"CHEMBL5226343";"1";"Scientific Literature";"J Med Chem";"2021";"None";"";"INHIBITOR";"";"110.0"
"CHEMBL5284407";"";"None";"355.42";"0";"-0.13";"26";"CN1CCC(NS(=O)(=O)c2ccc(C(=O)NCC(=O)O)cc2)CC1";"Kd";"'='";"150000.0";"nM";"";"Outside typical range";"";"UO_0000065";"";"";"";"";"0";"CHEMBL5228924";"Binding affinity to biotinylated USP5 zinc finger ubiquitin binding domain (171 to 290 residues) (unknown origin) expressed in Escherichia coli by surface plasmon resonance assay";"B";"BAO_0000019";"assay format";"Homo sapiens";"None";"None";"None";"None";"";"";"";"CHEMBL6158";"Ubiquitin carboxyl-terminal hydrolase 5";"Homo sapiens";"SINGLE PROTEIN";"CHEMBL5226343";"1";"Scientific Literature";"J Med Chem";"2021";"None";"";"INHIBITOR";"";"150.0"
"CHEMBL5410606";"";"None";"429.86";"0";"2.39";"25";"COc1ccccc1CNC(=O)Cn1c(CCC(=O)O)nc2c(Cl)cccc2c1=O";"IC50";"'='";"8000.0";"nM";"5.10";"";"";"UO_0000065";"11.86";"0.23";"2.71";"4.61";"0";"CHEMBL5364122";"Antagonist activity at USP5 (1 to 835 residues) (unknown origin) assessed as deubiquitinase activity using ubiquitin-rhodamine110 as substrate and measured for 10 mins by fluorescence based microplate reader analysis";"B";"BAO_0000357";"single protein format";"Homo sapiens";"None";"None";"None";"None";"";"";"";"CHEMBL6158";"Ubiquitin carboxyl-terminal hydrolase 5";"Homo sapiens";"SINGLE PROTEIN";"CHEMBL5360628";"1";"Scientific Literature";"J Med Chem";"2023";"None";"TIME = 0.1667 hr";"ANTAGONIST";"";"8.0"
"CHEMBL5270844";"";"None";"416.50";"0";"2.32";"16";"CC1CN(S(=O)(=O)c2ccc(C(=O)NCC(=O)O)cc2)CCC1c1ccccc1";"Kd";"'='";"90000.0";"nM";"4.05";"";"";"UO_0000065";"9.71";"0.19";"1.73";"3.90";"0";"CHEMBL5228924";"Binding affinity to biotinylated USP5 zinc finger ubiquitin binding domain (171 to 290 residues) (unknown origin) expressed in Escherichia coli by surface plasmon resonance assay";"B";"BAO_0000019";"assay format";"Homo sapiens";"None";"None";"None";"None";"";"";"";"CHEMBL6158";"Ubiquitin carboxyl-terminal hydrolase 5";"Homo sapiens";"SINGLE PROTEIN";"CHEMBL5226343";"1";"Scientific Literature";"J Med Chem";"2021";"None";"";"INHIBITOR";"";"90.0"
"CHEMBL4287357";"";"None";"503.43";"1";"4.66";"G9";"CCCC(NC(=O)/C(C#N)=C/c1nc(Cl)ccc1Cl)c1ccc(OCCN2CCOCC2)cc1";"Inhibition";"";"";"%";"";"";"";"UO_0000187";"";"";"";"";"0";"CHEMBL4257389";"Inhibition of USP5 in Vemurafenib resistant human A375 cells";"B";"BAO_0000019";"assay format";"Homo sapiens";"None";"None";"None";"None";"";"";"";"CHEMBL6158";"Ubiquitin carboxyl-terminal hydrolase 5";"Homo sapiens";"SINGLE PROTEIN";"CHEMBL4257227";"38";"SureChEMBL Patent Bioactivity Data";"";"2016";"None";"";"";"Active";""
"CHEMBL4129274";"";"None";"851.48";"3";"4.76";"27";"C=CC(=O)Nc1ccccc1Nc1nc(Nc2ccc(N3CCN(CCOCCOCCOCCNC(=O)CCCC[C@@H]4SC[C@@H]5NC(=O)N[C@@H]54)CC3)cc2)ncc1Cl";"Activity";"";"";"";"";"";"";"";"";"";"";"";"0";"CHEMBL4118711";"Binding affinity to USP5 in human NCI-H23 cells at 1 uM by mass spectrometry based pull down assay";"B";"BAO_0000219";"cell-based format";"Homo sapiens";"None";"None";"NCI-H23";"None";"";"";"";"CHEMBL6158";"Ubiquitin carboxyl-terminal hydrolase 5";"Homo sapiens";"SINGLE PROTEIN";"CHEMBL4118021";"1";"Scientific Literature";"Bioorg Med Chem";"2017";"None";"";"";"Active";""
"CHEMBL1471153";"";"None";"204.19";"0";"0.48";"5; DAT00000194a";"O=C(O)Cn1cnc2ccccc2c1=O";"Kd";"'='";"220000.0";"nM";"";"Outside typical range";"";"UO_0000065";"";"";"";"";"0";"CHEMBL4416736";"Binding affinity to N-terminal Avitag-fused His6-tagged USP5 ZnF-UBD (unknown origin) (171 to 290 residues) labelled with 5-fluorotryptophan expressed in BL21 (DE3) Codon Plus RIL Escherichia coli incubated for 35 to 60 secs by SPR analysis";"B";"BAO_0000019";"assay format";"Homo sapiens";"None";"None";"None";"None";"";"";"";"CHEMBL6158";"Ubiquitin carboxyl-terminal hydrolase 5";"Homo sapiens";"SINGLE PROTEIN";"CHEMBL4414636";"1";"Scientific Literature";"J Med Chem";"2019";"None";"";"";"";"220.0"
"CHEMBL4460800";"";"None";"234.29";"0";"3.03";"7; DAT00000201a";"CC(C)(C)c1ccc(C(=O)CCC(=O)O)cc1";"Kd";"'='";"170000.0";"nM";"";"Outside typical range";"";"UO_0000065";"";"";"";"";"0";"CHEMBL4416736";"Binding affinity to N-terminal Avitag-fused His6-tagged USP5 ZnF-UBD (unknown origin) (171 to 290 residues) labelled with 5-fluorotryptophan expressed in BL21 (DE3) Codon Plus RIL Escherichia coli incubated for 35 to 60 secs by SPR analysis";"B";"BAO_0000019";"assay format";"Homo sapiens";"None";"None";"None";"None";"";"";"";"CHEMBL6158";"Ubiquitin carboxyl-terminal hydrolase 5";"Homo sapiens";"SINGLE PROTEIN";"CHEMBL4414636";"1";"Scientific Literature";"J Med Chem";"2019";"None";"";"";"";"170.0"
"CHEMBL4434845";"";"None";"246.27";"0";"1.68";"28";"CC(C)C(C(=O)O)n1cnc2ccccc2c1=O";"Kd";"";"";"";"";"";"";"";"";"";"";"";"0";"CHEMBL4416736";"Binding affinity to N-terminal Avitag-fused His6-tagged USP5 ZnF-UBD (unknown origin) (171 to 290 residues) labelled with 5-fluorotryptophan expressed in BL21 (DE3) Codon Plus RIL Escherichia coli incubated for 35 to 60 secs by SPR analysis";"B";"BAO_0000019";"assay format";"Homo sapiens";"None";"None";"None";"None";"";"";"";"CHEMBL6158";"Ubiquitin carboxyl-terminal hydrolase 5";"Homo sapiens";"SINGLE PROTEIN";"CHEMBL4414636";"1";"Scientific Literature";"J Med Chem";"2019";"None";"";"";"Not active";""
"CHEMBL4443296";"";"None";"232.24";"0";"1.43";"29";"CCC(C(=O)O)n1cnc2ccccc2c1=O";"Kd";"";"";"";"";"";"";"";"";"";"";"";"0";"CHEMBL4416736";"Binding affinity to N-terminal Avitag-fused His6-tagged USP5 ZnF-UBD (unknown origin) (171 to 290 residues) labelled with 5-fluorotryptophan expressed in BL21 (DE3) Codon Plus RIL Escherichia coli incubated for 35 to 60 secs by SPR analysis";"B";"BAO_0000019";"assay format";"Homo sapiens";"None";"None";"None";"None";"";"";"";"CHEMBL6158";"Ubiquitin carboxyl-terminal hydrolase 5";"Homo sapiens";"SINGLE PROTEIN";"CHEMBL4414636";"1";"Scientific Literature";"J Med Chem";"2019";"None";"";"";"Not active";""
"CHEMBL4573416";"";"None";"176.17";"0";"1.12";"2; DAT00000183a";"O=C(O)Cn1cc2ccccc2n1";"Kd";"'='";"930000.0";"nM";"";"Outside typical range";"";"UO_0000065";"";"";"";"";"0";"CHEMBL4416736";"Binding affinity to N-terminal Avitag-fused His6-tagged USP5 ZnF-UBD (unknown origin) (171 to 290 residues) labelled with 5-fluorotryptophan expressed in BL21 (DE3) Codon Plus RIL Escherichia coli incubated for 35 to 60 secs by SPR analysis";"B";"BAO_0000019";"assay format";"Homo sapiens";"None";"None";"None";"None";"";"";"";"CHEMBL6158";"Ubiquitin carboxyl-terminal hydrolase 5";"Homo sapiens";"SINGLE PROTEIN";"CHEMBL4414636";"1";"Scientific Literature";"J Med Chem";"2019";"None";"";"";"";"930.0"
"CHEMBL4589447";"";"None";"315.10";"0";"2.66";"17";"O=C(O)CCc1nnc(-c2cc(F)ccc2Br)o1";"Kd";"'='";"430000.0";"nM";"";"Outside typical range";"";"UO_0000065";"";"";"";"";"0";"CHEMBL4416736";"Binding affinity to N-terminal Avitag-fused His6-tagged USP5 ZnF-UBD (unknown origin) (171 to 290 residues) labelled with 5-fluorotryptophan expressed in BL21 (DE3) Codon Plus RIL Escherichia coli incubated for 35 to 60 secs by SPR analysis";"B";"BAO_0000019";"assay format";"Homo sapiens";"None";"None";"None";"None";"";"";"";"CHEMBL6158";"Ubiquitin carboxyl-terminal hydrolase 5";"Homo sapiens";"SINGLE PROTEIN";"CHEMBL4414636";"1";"Scientific Literature";"J Med Chem";"2019";"None";"";"";"";"430.0"
"CHEMBL4460209";"";"None";"246.18";"0";"2.75";"36";"O=C(O)CCC(=O)c1ccccc1C(F)(F)F";"Kd";"";"";"";"";"";"";"";"";"";"";"";"0";"CHEMBL4416736";"Binding affinity to N-terminal Avitag-fused His6-tagged USP5 ZnF-UBD (unknown origin) (171 to 290 residues) labelled with 5-fluorotryptophan expressed in BL21 (DE3) Codon Plus RIL Escherichia coli incubated for 35 to 60 secs by SPR analysis";"B";"BAO_0000019";"assay format";"Homo sapiens";"None";"None";"None";"None";"";"";"";"CHEMBL6158";"Ubiquitin carboxyl-terminal hydrolase 5";"Homo sapiens";"SINGLE PROTEIN";"CHEMBL4414636";"1";"Scientific Literature";"J Med Chem";"2019";"None";"";"";"Not active";""
"CHEMBL5278336";"";"None";"437.91";"0";"2.12";"64";"O=C(O)CNC(=O)c1ccc(S(=O)(=O)N2CCC(c3ccc(Cl)cc3)CC2)cn1";"IC50";"'='";"46000.0";"nM";"4.34";"";"";"UO_0000065";"9.90";"0.20";"2.22";"3.72";"0";"CHEMBL5228930";"Displacement of N-terminal FITC-labeled Ub from full length biotinylated USP5 (unknown origin) expressed in Escherichia coli incubated for 1 hr by fluorescence competition assay";"B";"BAO_0000019";"assay format";"Homo sapiens";"None";"None";"None";"None";"";"";"";"CHEMBL6158";"Ubiquitin carboxyl-terminal hydrolase 5";"Homo sapiens";"SINGLE PROTEIN";"CHEMBL5226343";"1";"Scientific Literature";"J Med Chem";"2021";"None";"TIME = 1.0 hr";"INHIBITOR";"";"46.0"
"CHEMBL5284285";"";"None";"388.45";"0";"1.68";"12";"O=C(O)CNC(=O)c1ccc(S(=O)(=O)N2CCC(c3ccccc3)C2)cc1";"Kd";"'='";"130000.0";"nM";"";"Outside typical range";"";"UO_0000065";"";"";"";"";"0";"CHEMBL5228924";"Binding affinity to biotinylated USP5 zinc finger ubiquitin binding domain (171 to 290 residues) (unknown origin) expressed in Escherichia coli by surface plasmon resonance assay";"B";"BAO_0000019";"assay format";"Homo sapiens";"None";"None";"None";"None";"";"";"";"CHEMBL6158";"Ubiquitin carboxyl-terminal hydrolase 5";"Homo sapiens";"SINGLE PROTEIN";"CHEMBL5226343";"1";"Scientific Literature";"J Med Chem";"2021";"None";"";"INHIBITOR";"";"130.0"
"CHEMBL461681";"";"None";"178.19";"0";"1.73";"30";"O=C(O)CCC(=O)c1ccccc1";"Kd";"'='";"680000.0";"nM";"";"Outside typical range";"";"UO_0000065";"";"";"";"";"0";"CHEMBL4416736";"Binding affinity to N-terminal Avitag-fused His6-tagged USP5 ZnF-UBD (unknown origin) (171 to 290 residues) labelled with 5-fluorotryptophan expressed in BL21 (DE3) Codon Plus RIL Escherichia coli incubated for 35 to 60 secs by SPR analysis";"B";"BAO_0000019";"assay format";"Homo sapiens";"None";"None";"None";"None";"";"";"";"CHEMBL6158";"Ubiquitin carboxyl-terminal hydrolase 5";"Homo sapiens";"SINGLE PROTEIN";"CHEMBL4414636";"1";"Scientific Literature";"J Med Chem";"2019";"None";"";"";"";"680.0"
"CHEMBL4581803";"";"None";"218.25";"0";"2.22";"34";"O=C(O)CCC(=O)c1ccc2c(c1)CCC2";"Kd";"'='";"540000.0";"nM";"";"Outside typical range";"";"UO_0000065";"";"";"";"";"0";"CHEMBL4416736";"Binding affinity to N-terminal Avitag-fused His6-tagged USP5 ZnF-UBD (unknown origin) (171 to 290 residues) labelled with 5-fluorotryptophan expressed in BL21 (DE3) Codon Plus RIL Escherichia coli incubated for 35 to 60 secs by SPR analysis";"B";"BAO_0000019";"assay format";"Homo sapiens";"None";"None";"None";"None";"";"";"";"CHEMBL6158";"Ubiquitin carboxyl-terminal hydrolase 5";"Homo sapiens";"SINGLE PROTEIN";"CHEMBL4414636";"1";"Scientific Literature";"J Med Chem";"2019";"None";"";"";"";"540.0"
"CHEMBL4287357";"";"None";"503.43";"1";"4.66";"G9";"CCCC(NC(=O)/C(C#N)=C/c1nc(Cl)ccc1Cl)c1ccc(OCCN2CCOCC2)cc1";"Inhibition";"";"";"%";"";"";"";"UO_0000187";"";"";"";"";"0";"CHEMBL4257401";"Inhibition of USP5 in Vemurafenib sensitive human A375R cells assessed as reduction in STAT3 phosphorylation";"B";"BAO_0000019";"assay format";"Homo sapiens";"None";"None";"None";"None";"";"";"";"CHEMBL6158";"Ubiquitin carboxyl-terminal hydrolase 5";"Homo sapiens";"SINGLE PROTEIN";"CHEMBL4257227";"38";"SureChEMBL Patent Bioactivity Data";"";"2016";"None";"";"";"Active";""
"CHEMBL4287357";"";"None";"503.43";"1";"4.66";"G9";"CCCC(NC(=O)/C(C#N)=C/c1nc(Cl)ccc1Cl)c1ccc(OCCN2CCOCC2)cc1";"Inhibition";"";"";"%";"";"";"";"UO_0000187";"";"";"";"";"0";"CHEMBL4257402";"Inhibition of USP5 in Vemurafenib sensitive human A375R cells assessed as increase in NOXA protein level";"B";"BAO_0000019";"assay format";"Homo sapiens";"None";"None";"None";"None";"";"";"";"CHEMBL6158";"Ubiquitin carboxyl-terminal hydrolase 5";"Homo sapiens";"SINGLE PROTEIN";"CHEMBL4257227";"38";"SureChEMBL Patent Bioactivity Data";"";"2016";"None";"";"";"Active";""
"CHEMBL4449005";"";"None";"508.66";"1";"3.91";"8; EAC175";"C#CCOC(=O)/C(C)=C(C)\C=C\[C@](C)(O)[C@H]1CC[C@H]2[C@@H]3[C@@H]4O[C@@H]4[C@@]4(O)CC=CC(=O)[C@]4(C)[C@H]3CC[C@@]21C";"log2FC";"'='";"1.078";"";"";"";"";"";"";"";"";"";"0";"CHEMBL4341447";"Binding affinity to USP5 in human A549 cells lysates grown on SILAC media at 10 uM incubated for 1 hr by LC-MS/MS analysis relative to untreated control";"B";"BAO_0000220";"subcellular format";"Homo sapiens";"None";"None";"A549";"Lysate";"";"";"";"CHEMBL6158";"Ubiquitin carboxyl-terminal hydrolase 5";"Homo sapiens";"SINGLE PROTEIN";"CHEMBL4340528";"1";"Scientific Literature";"Bioorg Med Chem";"2019";"CHEMBL3307651";"";"";"";"1.078"
"CHEMBL4534428";"";"None";"493.63";"0";"3.99";"29";"CC(C)(C)NS(=O)(=O)c1cccc2c(NC(=O)[C@H](Cc3ccccc3)NC(=O)C3CC3)cccc12";"Inhibition";"'<'";"30.0";"%";"";"";"";"UO_0000187";"";"";"";"";"0";"CHEMBL4674650";"Inhibition of USP5 (unknown origin) at 10 uM relative to control";"B";"BAO_0000357";"single protein format";"Homo sapiens";"None";"None";"None";"None";"";"";"";"CHEMBL6158";"Ubiquitin carboxyl-terminal hydrolase 5";"Homo sapiens";"SINGLE PROTEIN";"CHEMBL4673213";"1";"Scientific Literature";"Bioorg Med Chem Lett";"2018";"None";"Dose = 10.0 microM";"";"";"30.0"
"CHEMBL304784";"";"None";"383.53";"0";"1.94";"5";"CCCC[C@@H](C=O)NC(=O)[C@H](CC(C)C)NC(=O)[C@H](CC(C)C)NC(C)=O";"Inhibition";"";"";"%";"";"";"";"UO_0000187";"";"";"";"";"0";"CHEMBL2411910";"Inhibition of human USP5 using Ub4 as substrate at 50 uM after 10 mins by SDS-PAGE analysis";"B";"BAO_0000357";"single protein format";"Homo sapiens";"None";"None";"None";"None";"";"";"";"CHEMBL6158";"Ubiquitin carboxyl-terminal hydrolase 5";"Homo sapiens";"SINGLE PROTEIN";"CHEMBL2406999";"1";"Scientific Literature";"Bioorg Med Chem Lett";"2013";"None";"";"";"Not active";""
"CHEMBL5266862";"";"None";"476.00";"0";"2.12";"64b";"O=C([O-])CNC(=O)c1ccc(S(=O)(=O)N2CCC(c3ccc(Cl)cc3)CC2)cn1.[K+]";"Kd";"'='";"3100.0";"nM";"5.51";"";"";"UO_0000065";"12.58";"0.26";"3.39";"4.72";"0";"CHEMBL5228924";"Binding affinity to biotinylated USP5 zinc finger ubiquitin binding domain (171 to 290 residues) (unknown origin) expressed in Escherichia coli by surface plasmon resonance assay";"B";"BAO_0000019";"assay format";"Homo sapiens";"None";"None";"None";"None";"";"";"";"CHEMBL6158";"Ubiquitin carboxyl-terminal hydrolase 5";"Homo sapiens";"SINGLE PROTEIN";"CHEMBL5226343";"1";"Scientific Literature";"J Med Chem";"2021";"None";"";"INHIBITOR";"";"3.1"
"CHEMBL5274579";"";"None";"499.36";"0";"2.97";"62";"O=C(O)CNC(=O)c1ccc(S(=O)(=O)N2CCC(c3ccc(Br)cc3)CC2)cc1F";"Kd";"'='";"13000.0";"nM";"4.89";"";"";"UO_0000065";"9.78";"0.22";"1.92";"4.71";"0";"CHEMBL5228924";"Binding affinity to biotinylated USP5 zinc finger ubiquitin binding domain (171 to 290 residues) (unknown origin) expressed in Escherichia coli by surface plasmon resonance assay";"B";"BAO_0000019";"assay format";"Homo sapiens";"None";"None";"None";"None";"";"";"";"CHEMBL6158";"Ubiquitin carboxyl-terminal hydrolase 5";"Homo sapiens";"SINGLE PROTEIN";"CHEMBL5226343";"1";"Scientific Literature";"J Med Chem";"2021";"None";"";"INHIBITOR";"";"13.0"
"CHEMBL2012938";"VIALININ A";"None";"562.57";"2";"6.14";"1";"O=C(Cc1ccccc1)Oc1c(OC(=O)Cc2ccccc2)c(-c2ccc(O)cc2)c(O)c(O)c1-c1ccc(O)cc1";"Activity";"";"";"";"";"";"";"";"";"";"";"";"0";"CHEMBL2412079";"Competitive binding affinity to human recombinant USP5 after 1 hr by SDS-PAGE analysis in presence of biotin-DMT";"B";"BAO_0000357";"single protein format";"Homo sapiens";"None";"None";"None";"None";"";"";"";"CHEMBL6158";"Ubiquitin carboxyl-terminal hydrolase 5";"Homo sapiens";"SINGLE PROTEIN";"CHEMBL2406999";"1";"Scientific Literature";"Bioorg Med Chem Lett";"2013";"None";"";"";"Active";""
"CHEMBL1923233";"";"None";"384.28";"0";"4.41";"WP1130";"CCC[C@H](NC(=O)/C(C#N)=C/c1cccc(Br)n1)c1ccccc1";"IC50";"'='";"3000.0";"nM";"5.52";"";"";"UO_0000065";"14.37";"0.31";"1.11";"8.40";"0";"CHEMBL2411908";"Inhibition of USP5 in human Z138 cells after 1 hr by immunoblotting analysis";"B";"BAO_0000219";"cell-based format";"Homo sapiens";"None";"None";"Z138";"None";"";"";"";"CHEMBL6158";"Ubiquitin carboxyl-terminal hydrolase 5";"Homo sapiens";"SINGLE PROTEIN";"CHEMBL2406999";"1";"Scientific Literature";"Bioorg Med Chem Lett";"2013";"None";"";"";"";"3.0"
"CHEMBL4576514";"";"None";"286.21";"0";"2.77";"15";"O=C(O)CCc1nnc(-c2cccc(C(F)(F)F)c2)o1";"Kd";"'='";"920000.0";"nM";"";"Outside typical range";"";"UO_0000065";"";"";"";"";"0";"CHEMBL4416736";"Binding affinity to N-terminal Avitag-fused His6-tagged USP5 ZnF-UBD (unknown origin) (171 to 290 residues) labelled with 5-fluorotryptophan expressed in BL21 (DE3) Codon Plus RIL Escherichia coli incubated for 35 to 60 secs by SPR analysis";"B";"BAO_0000019";"assay format";"Homo sapiens";"None";"None";"None";"None";"";"";"";"CHEMBL6158";"Ubiquitin carboxyl-terminal hydrolase 5";"Homo sapiens";"SINGLE PROTEIN";"CHEMBL4414636";"1";"Scientific Literature";"J Med Chem";"2019";"None";"";"";"";"920.0"
"CHEMBL5276559";"";"None";"437.46";"0";"3.58";"1";"O=C(O)CCC(=O)c1ccc(S(=O)(=O)N2CCC(c3ccc(F)c(F)c3)CC2)cc1";"Kd";"'='";"12000.0";"nM";"4.92";"";"";"UO_0000065";"11.25";"0.22";"1.34";"5.36";"0";"CHEMBL5228924";"Binding affinity to biotinylated USP5 zinc finger ubiquitin binding domain (171 to 290 residues) (unknown origin) expressed in Escherichia coli by surface plasmon resonance assay";"B";"BAO_0000019";"assay format";"Homo sapiens";"None";"None";"None";"None";"";"";"";"CHEMBL6158";"Ubiquitin carboxyl-terminal hydrolase 5";"Homo sapiens";"SINGLE PROTEIN";"CHEMBL5226343";"1";"Scientific Literature";"J Med Chem";"2021";"None";"";"INHIBITOR";"";"12.0"
"CHEMBL5273690";"";"None";"416.50";"0";"2.46";"13";"O=C(O)CNC(=O)c1ccc(S(=O)(=O)N2CCCC(c3ccccc3)CC2)cc1";"Kd";"'='";"94000.0";"nM";"4.03";"";"";"UO_0000065";"9.67";"0.19";"1.57";"3.88";"0";"CHEMBL5228924";"Binding affinity to biotinylated USP5 zinc finger ubiquitin binding domain (171 to 290 residues) (unknown origin) expressed in Escherichia coli by surface plasmon resonance assay";"B";"BAO_0000019";"assay format";"Homo sapiens";"None";"None";"None";"None";"";"";"";"CHEMBL6158";"Ubiquitin carboxyl-terminal hydrolase 5";"Homo sapiens";"SINGLE PROTEIN";"CHEMBL5226343";"1";"Scientific Literature";"J Med Chem";"2021";"None";"";"INHIBITOR";"";"94.0"
"CHEMBL5282155";"";"None";"394.49";"0";"2.09";"23";"O=C(O)CNC(=O)c1ccc(S(=O)(=O)N2CCC(C3CCCC3)CC2)cc1";"Kd";"'='";"38000.0";"nM";"4.42";"";"";"UO_0000065";"11.20";"0.22";"2.33";"4.26";"0";"CHEMBL5228924";"Binding affinity to biotinylated USP5 zinc finger ubiquitin binding domain (171 to 290 residues) (unknown origin) expressed in Escherichia coli by surface plasmon resonance assay";"B";"BAO_0000019";"assay format";"Homo sapiens";"None";"None";"None";"None";"";"";"";"CHEMBL6158";"Ubiquitin carboxyl-terminal hydrolase 5";"Homo sapiens";"SINGLE PROTEIN";"CHEMBL5226343";"1";"Scientific Literature";"J Med Chem";"2021";"None";"";"INHIBITOR";"";"38.0"
"CHEMBL5268053";"";"None";"424.52";"0";"-0.10";"25";"CN1CCN(C2CCN(S(=O)(=O)c3ccc(C(=O)NCC(=O)O)cc3)CC2)CC1";"Kd";"'='";"34000.0";"nM";"4.47";"";"";"UO_0000065";"10.53";"0.21";"4.57";"4.05";"0";"CHEMBL5228924";"Binding affinity to biotinylated USP5 zinc finger ubiquitin binding domain (171 to 290 residues) (unknown origin) expressed in Escherichia coli by surface plasmon resonance assay";"B";"BAO_0000019";"assay format";"Homo sapiens";"None";"None";"None";"None";"";"";"";"CHEMBL6158";"Ubiquitin carboxyl-terminal hydrolase 5";"Homo sapiens";"SINGLE PROTEIN";"CHEMBL5226343";"1";"Scientific Literature";"J Med Chem";"2021";"None";"";"INHIBITOR";"";"34.0"
"CHEMBL5268432";"";"None";"409.51";"0";"1.00";"27";"CN1CCC2(CC1)CCN(S(=O)(=O)c1ccc(C(=O)NCC(=O)O)cc1)CC2";"Kd";"'='";"25000.0";"nM";"4.60";"";"";"UO_0000065";"11.24";"0.22";"3.60";"4.30";"0";"CHEMBL5228924";"Binding affinity to biotinylated USP5 zinc finger ubiquitin binding domain (171 to 290 residues) (unknown origin) expressed in Escherichia coli by surface plasmon resonance assay";"B";"BAO_0000019";"assay format";"Homo sapiens";"None";"None";"None";"None";"";"";"";"CHEMBL6158";"Ubiquitin carboxyl-terminal hydrolase 5";"Homo sapiens";"SINGLE PROTEIN";"CHEMBL5226343";"1";"Scientific Literature";"J Med Chem";"2021";"None";"";"INHIBITOR";"";"25.0"
"CHEMBL5288622";"";"None";"481.37";"0";"2.83";"38";"O=C(O)CNC(=O)c1ccc(S(=O)(=O)N2CCC(c3cccc(Br)c3)CC2)cc1";"Kd";"";"";"";"";"";"Not Determined";"";"";"";"";"";"0";"CHEMBL5228924";"Binding affinity to biotinylated USP5 zinc finger ubiquitin binding domain (171 to 290 residues) (unknown origin) expressed in Escherichia coli by surface plasmon resonance assay";"B";"BAO_0000019";"assay format";"Homo sapiens";"None";"None";"None";"None";"";"";"";"CHEMBL6158";"Ubiquitin carboxyl-terminal hydrolase 5";"Homo sapiens";"SINGLE PROTEIN";"CHEMBL5226343";"1";"Scientific Literature";"J Med Chem";"2021";"None";"";"";"";""
"CHEMBL5280865";"";"None";"422.53";"0";"2.44";"53";"Cc1cc(S(=O)(=O)N2CCC(c3ccccc3)CC2)sc1C(=O)NCC(=O)O";"Kd";"'='";"21000.0";"nM";"4.68";"";"";"UO_0000065";"11.07";"0.23";"2.24";"4.51";"0";"CHEMBL5228924";"Binding affinity to biotinylated USP5 zinc finger ubiquitin binding domain (171 to 290 residues) (unknown origin) expressed in Escherichia coli by surface plasmon resonance assay";"B";"BAO_0000019";"assay format";"Homo sapiens";"None";"None";"None";"None";"";"";"";"CHEMBL6158";"Ubiquitin carboxyl-terminal hydrolase 5";"Homo sapiens";"SINGLE PROTEIN";"CHEMBL5226343";"1";"Scientific Literature";"J Med Chem";"2021";"None";"";"INHIBITOR";"";"21.0"
"CHEMBL5278336";"";"None";"437.91";"0";"2.12";"64";"O=C(O)CNC(=O)c1ccc(S(=O)(=O)N2CCC(c3ccc(Cl)cc3)CC2)cn1";"IC50";"'='";"800.0";"nM";"6.10";"";"";"UO_0000065";"13.92";"0.29";"3.98";"5.23";"0";"CHEMBL5228934";"Inhibition of full length USP5 (1 to 835 residues) (unknown origin) expressed in Escherichia coli using DU48-03 as substrate preincubated with enzyme for 1 hr followed by substrate addition and measured for 10 mins by IQF assay";"B";"BAO_0000019";"assay format";"Homo sapiens";"None";"None";"None";"None";"";"";"";"CHEMBL6158";"Ubiquitin carboxyl-terminal hydrolase 5";"Homo sapiens";"SINGLE PROTEIN";"CHEMBL5226343";"1";"Scientific Literature";"J Med Chem";"2021";"None";"TIME = 1.167 hr";"INHIBITOR";"";"0.8"
"CHEMBL1991471";"";"None";"218.21";"0";"0.79";"25";"Cc1nc2ccccc2c(=O)n1CC(=O)O";"Kd";"";"";"";"";"";"";"";"";"";"";"";"0";"CHEMBL4416736";"Binding affinity to N-terminal Avitag-fused His6-tagged USP5 ZnF-UBD (unknown origin) (171 to 290 residues) labelled with 5-fluorotryptophan expressed in BL21 (DE3) Codon Plus RIL Escherichia coli incubated for 35 to 60 secs by SPR analysis";"B";"BAO_0000019";"assay format";"Homo sapiens";"None";"None";"None";"None";"";"";"";"CHEMBL6158";"Ubiquitin carboxyl-terminal hydrolase 5";"Homo sapiens";"SINGLE PROTEIN";"CHEMBL4414636";"1";"Scientific Literature";"J Med Chem";"2019";"None";"";"";"Not active";""
"CHEMBL4529640";"";"None";"192.21";"0";"1.98";"31";"CC(CC(=O)c1ccccc1)C(=O)O";"Kd";"'='";"700000.0";"nM";"";"Outside typical range";"";"UO_0000065";"";"";"";"";"0";"CHEMBL4416736";"Binding affinity to N-terminal Avitag-fused His6-tagged USP5 ZnF-UBD (unknown origin) (171 to 290 residues) labelled with 5-fluorotryptophan expressed in BL21 (DE3) Codon Plus RIL Escherichia coli incubated for 35 to 60 secs by SPR analysis";"B";"BAO_0000019";"assay format";"Homo sapiens";"None";"None";"None";"None";"";"";"";"CHEMBL6158";"Ubiquitin carboxyl-terminal hydrolase 5";"Homo sapiens";"SINGLE PROTEIN";"CHEMBL4414636";"1";"Scientific Literature";"J Med Chem";"2019";"None";"";"";"";"700.0"
"CHEMBL4443420";"";"None";"228.25";"0";"2.89";"32";"O=C(O)CCC(=O)c1ccc2ccccc2c1";"Kd";"'='";"490000.0";"nM";"";"Outside typical range";"";"UO_0000065";"";"";"";"";"0";"CHEMBL4416736";"Binding affinity to N-terminal Avitag-fused His6-tagged USP5 ZnF-UBD (unknown origin) (171 to 290 residues) labelled with 5-fluorotryptophan expressed in BL21 (DE3) Codon Plus RIL Escherichia coli incubated for 35 to 60 secs by SPR analysis";"B";"BAO_0000019";"assay format";"Homo sapiens";"None";"None";"None";"None";"";"";"";"CHEMBL6158";"Ubiquitin carboxyl-terminal hydrolase 5";"Homo sapiens";"SINGLE PROTEIN";"CHEMBL4414636";"1";"Scientific Literature";"J Med Chem";"2019";"None";"";"";"";"490.0"
"CHEMBL4537770";"";"None";"218.21";"0";"1.04";"21";"CC(C(=O)O)n1cnc2ccccc2c1=O";"Kd";"'='";"84000.0";"nM";"4.08";"";"";"UO_0000065";"18.68";"0.35";"3.04";"5.65";"0";"CHEMBL4416737";"Binding affinity to full length N-terminal Avitag-fused His6-tagged USP5 (unknown origin) (1 to 835 residues) labelled with 5-fluorotryptophan expressed in BL21 (DE3) Codon Plus RIL Escherichia coli incubated for 35 to 60 secs by SPR analysis";"B";"BAO_0000019";"assay format";"Homo sapiens";"None";"None";"None";"None";"";"";"";"CHEMBL6158";"Ubiquitin carboxyl-terminal hydrolase 5";"Homo sapiens";"SINGLE PROTEIN";"CHEMBL4414636";"1";"Scientific Literature";"J Med Chem";"2019";"None";"";"";"";"84.0"
"CHEMBL4537770";"";"None";"218.21";"0";"1.04";"21";"CC(C(=O)O)n1cnc2ccccc2c1=O";"Inhibition";"";"";"%";"";"";"Dose-dependent effect";"UO_0000187";"";"";"";"";"0";"CHEMBL4416739";"Inhibition of N-terminal Avitag-fused His6-tagged USP5 (unknown origin) (1 to 835 residues) labelled with 5-fluorotryptophan expressed in BL21 (DE3) Codon Plus RIL Escherichia coli using ubiquitin-rhodamine 110 as substrate and measured for 10 mind by fluorescence based assay";"B";"BAO_0000019";"assay format";"Homo sapiens";"None";"None";"None";"None";"";"";"";"CHEMBL6158";"Ubiquitin carboxyl-terminal hydrolase 5";"Homo sapiens";"SINGLE PROTEIN";"CHEMBL4414636";"1";"Scientific Literature";"J Med Chem";"2019";"None";"";"";"";""
"CHEMBL1471153";"";"None";"204.19";"0";"0.48";"5; DAT00000194a";"O=C(O)Cn1cnc2ccccc2c1=O";"Activity";"";"";"";"";"";"";"";"";"";"";"";"0";"CHEMBL4416735";"Binding affinity to N-terminal Avitag-fused His6-tagged USP5 ZnF-UBD (unknown origin) (171 to 290 residues) labelled with 5-fluorotryptophan expressed in BL21 (DE3) Codon Plus RIL Escherichia coli at 25:1 compound to protein ratio by 19F NMR spectra analysis";"B";"BAO_0000019";"assay format";"Homo sapiens";"None";"None";"None";"None";"";"";"";"CHEMBL6158";"Ubiquitin carboxyl-terminal hydrolase 5";"Homo sapiens";"SINGLE PROTEIN";"CHEMBL4414636";"1";"Scientific Literature";"J Med Chem";"2019";"None";"";"";"Active";""
"CHEMBL4474814";"";"None";"670.82";"2";"-3.30";"LRLRGG";"CC(C)C[C@H](NC(=O)[C@H](CCCNC(=N)N)NC(=O)[C@@H](N)CC(C)C)C(=O)N[C@@H](CCCNC(=N)N)C(=O)NCC(=O)NCC(=O)O";"Activity";"";"";"";"";"";"";"";"";"";"";"";"0";"CHEMBL4416735";"Binding affinity to N-terminal Avitag-fused His6-tagged USP5 ZnF-UBD (unknown origin) (171 to 290 residues) labelled with 5-fluorotryptophan expressed in BL21 (DE3) Codon Plus RIL Escherichia coli at 25:1 compound to protein ratio by 19F NMR spectra analysis";"B";"BAO_0000019";"assay format";"Homo sapiens";"None";"None";"None";"None";"";"";"";"CHEMBL6158";"Ubiquitin carboxyl-terminal hydrolase 5";"Homo sapiens";"SINGLE PROTEIN";"CHEMBL4414636";"1";"Scientific Literature";"J Med Chem";"2019";"None";"";"";"Active";""
"CHEMBL4537770";"";"None";"218.21";"0";"1.04";"21";"CC(C(=O)O)n1cnc2ccccc2c1=O";"Kd";"'='";"60000.0";"nM";"4.22";"";"";"UO_0000065";"19.35";"0.36";"3.18";"5.85";"0";"CHEMBL4416736";"Binding affinity to N-terminal Avitag-fused His6-tagged USP5 ZnF-UBD (unknown origin) (171 to 290 residues) labelled with 5-fluorotryptophan expressed in BL21 (DE3) Codon Plus RIL Escherichia coli incubated for 35 to 60 secs by SPR analysis";"B";"BAO_0000019";"assay format";"Homo sapiens";"None";"None";"None";"None";"";"";"";"CHEMBL6158";"Ubiquitin carboxyl-terminal hydrolase 5";"Homo sapiens";"SINGLE PROTEIN";"CHEMBL4414636";"1";"Scientific Literature";"J Med Chem";"2019";"None";"";"";"";"60.0"
"CHEMBL5278336";"";"None";"437.91";"0";"2.12";"64";"O=C(O)CNC(=O)c1ccc(S(=O)(=O)N2CCC(c3ccc(Cl)cc3)CC2)cn1";"Inhibition";"";"";"%";"";"";"";"UO_0000187";"";"";"";"";"0";"CHEMBL5228935";"Competitive inhibition of full length USP5 (1 to 835 residues) (unknown origin) expressed in Escherichia coli using DU48-03 as substrate preincubated with enzyme for 1 hr followed by varying concentrations of substrate addition and measured for 10 mins by IQF assay";"B";"BAO_0000019";"assay format";"Homo sapiens";"None";"None";"None";"None";"";"";"";"CHEMBL6158";"Ubiquitin carboxyl-terminal hydrolase 5";"Homo sapiens";"SINGLE PROTEIN";"CHEMBL5226343";"1";"Scientific Literature";"J Med Chem";"2021";"None";"TIME = 1.167 hr";"INHIBITOR";"Active";""
"CHEMBL553923";"";"None";"364.81";"0";"2.41";"16";"Cc1ccc(C(=O)c2sc3[nH]c(=O)c(C(=O)O)cc3c2N)cc1.Cl";"Activity";"";"";"";"";"";"";"";"";"";"";"";"0";"CHEMBL886349";"Inhibition of isopeptidase T at 40 uM";"B";"BAO_0000357";"single protein format";"Homo sapiens";"None";"None";"None";"None";"";"";"";"CHEMBL6158";"Ubiquitin carboxyl-terminal hydrolase 5";"Homo sapiens";"SINGLE PROTEIN";"CHEMBL1139949";"1";"Scientific Literature";"Bioorg Med Chem Lett";"2007";"None";"";"";"Not active";""
"CHEMBL2012938";"VIALININ A";"None";"562.57";"2";"6.14";"1";"O=C(Cc1ccccc1)Oc1c(OC(=O)Cc2ccccc2)c(-c2ccc(O)cc2)c(O)c(O)c1-c1ccc(O)cc1";"Ki";"'='";"12500.0";"nM";"4.90";"";"";"UO_0000065";"8.72";"0.16";"-1.24";"3.67";"0";"CHEMBL2411922";"Competitive inhibition of wild type human USP5 expressed in Escherichia coli BL21(DE3) using Ub-AMC as substrate";"B";"BAO_0000019";"assay format";"Homo sapiens";"None";"None";"None";"None";"";"";"";"CHEMBL6158";"Ubiquitin carboxyl-terminal hydrolase 5";"Homo sapiens";"SINGLE PROTEIN";"CHEMBL2406999";"1";"Scientific Literature";"Bioorg Med Chem Lett";"2013";"None";"";"";"";"12.5"
"CHEMBL4537770";"";"None";"218.21";"0";"1.04";"21";"CC(C(=O)O)n1cnc2ccccc2c1=O";"Kd";"";"";"";"";"";"";"";"";"";"";"";"0";"CHEMBL4416738";"Binding affinity to full length N-terminal Avitag-fused His6-tagged USP5 R221A mutant (unknown origin) (1 to 835 residues) labelled with 5-fluorotryptophan expressed in BL21 (DE3) Codon Plus RIL Escherichia coli incubated for 35 to 60 secs by SPR analysis";"B";"BAO_0000019";"assay format";"Homo sapiens";"None";"None";"None";"None";"";"P45974";"R221A";"CHEMBL6158";"Ubiquitin carboxyl-terminal hydrolase 5";"Homo sapiens";"SINGLE PROTEIN";"CHEMBL4414636";"1";"Scientific Literature";"J Med Chem";"2019";"None";"";"";"Not active";""
"CHEMBL2012939";"";"None";"322.36";"0";"4.46";"2, DMT";"Cc1c(C)c(-c2ccc(O)cc2)c(O)c(O)c1-c1ccc(O)cc1";"Inhibition";"";"";"%";"";"";"";"UO_0000187";"";"";"";"";"0";"CHEMBL2412074";"Inhibition of wild type human USP5 expressed in Escherichia coli BL21(DE3) using K48-linked tetraubiquitin as substrate assessed as substrate hydrolysis at 20 uM after 15 mins by SDS-PAGE analysis";"B";"BAO_0000019";"assay format";"Homo sapiens";"None";"None";"None";"None";"";"";"";"CHEMBL6158";"Ubiquitin carboxyl-terminal hydrolase 5";"Homo sapiens";"SINGLE PROTEIN";"CHEMBL2406999";"1";"Scientific Literature";"Bioorg Med Chem Lett";"2013";"None";"";"";"Active";""
"CHEMBL2012938";"VIALININ A";"None";"562.57";"2";"6.14";"1";"O=C(Cc1ccccc1)Oc1c(OC(=O)Cc2ccccc2)c(-c2ccc(O)cc2)c(O)c(O)c1-c1ccc(O)cc1";"Inhibition";"";"";"%";"";"";"";"UO_0000187";"";"";"";"";"0";"CHEMBL2412075";"Inhibition of wild type human USP5 expressed in Escherichia coli BL21(DE3) using K48-linked tetraubiquitin as substrate assessed as substrate hydrolysis at 10 uM after 15 mins by SDS-PAGE analysis";"B";"BAO_0000019";"assay format";"Homo sapiens";"None";"None";"None";"None";"";"";"";"CHEMBL6158";"Ubiquitin carboxyl-terminal hydrolase 5";"Homo sapiens";"SINGLE PROTEIN";"CHEMBL2406999";"1";"Scientific Literature";"Bioorg Med Chem Lett";"2013";"None";"";"";"Active";""
"CHEMBL4287357";"";"None";"503.43";"1";"4.66";"G9";"CCCC(NC(=O)/C(C#N)=C/c1nc(Cl)ccc1Cl)c1ccc(OCCN2CCOCC2)cc1";"Inhibition";"";"";"%";"";"";"";"UO_0000187";"";"";"";"";"0";"CHEMBL4257390";"Inhibition of USP5 in Vemurafenib sensitive human A375 cells assessed as reduction in ERK phosphorylation";"B";"BAO_0000019";"assay format";"Homo sapiens";"None";"None";"None";"None";"";"";"";"CHEMBL6158";"Ubiquitin carboxyl-terminal hydrolase 5";"Homo sapiens";"SINGLE PROTEIN";"CHEMBL4257227";"38";"SureChEMBL Patent Bioactivity Data";"";"2016";"None";"";"";"Active";""
"CHEMBL1229517";"VEMURAFENIB";"4.0";"489.93";"1";"5.54";"Vemurafenib";"CCCS(=O)(=O)Nc1ccc(F)c(C(=O)c2c[nH]c3ncc(-c4ccc(Cl)cc4)cc23)c1F";"Inhibition";"";"";"%";"";"";"";"UO_0000187";"";"";"";"";"0";"CHEMBL4257389";"Inhibition of USP5 in Vemurafenib resistant human A375 cells";"B";"BAO_0000019";"assay format";"Homo sapiens";"None";"None";"None";"None";"";"";"";"CHEMBL6158";"Ubiquitin carboxyl-terminal hydrolase 5";"Homo sapiens";"SINGLE PROTEIN";"CHEMBL4257227";"38";"SureChEMBL Patent Bioactivity Data";"";"2016";"None";"";"";"Not active";""
"CHEMBL5279102";"";"None";"507.58";"1";"4.98";"21; BAY-805";"CC(C)C[C@@H](NC(=O)C1(C(F)(F)F)CCCCC1)C(=O)Nc1nnc(Cc2ccc(C#N)cc2)s1";"Inhibition";"'<'";"15.0";"%";"";"";"";"UO_0000187";"";"";"";"";"0";"CHEMBL5251146";"Inhibition of USP5 (unknown origin) using ubiquitin rhodamine 110 as substrate at 1 to 10 uM by DUBprofiler fluorometric assay";"B";"BAO_0000357";"single protein format";"Homo sapiens";"None";"None";"None";"None";"";"";"";"CHEMBL6158";"Ubiquitin carboxyl-terminal hydrolase 5";"Homo sapiens";"SINGLE PROTEIN";"CHEMBL5247643";"1";"Scientific Literature";"J Med Chem";"2023";"None";"DOSE_Lower = 1.0 microM | DOSE_Upper = 10.0 microM";"";"";"15.0"
"CHEMBL5289065";"";"None";"416.50";"0";"2.38";"47";"Cc1cc(C(=O)NCC(=O)O)ccc1S(=O)(=O)N1CCC(c2ccccc2)CC1";"Kd";"'='";"59000.0";"nM";"4.23";"";"";"UO_0000065";"10.15";"0.20";"1.85";"4.08";"0";"CHEMBL5228924";"Binding affinity to biotinylated USP5 zinc finger ubiquitin binding domain (171 to 290 residues) (unknown origin) expressed in Escherichia coli by surface plasmon resonance assay";"B";"BAO_0000019";"assay format";"Homo sapiens";"None";"None";"None";"None";"";"";"";"CHEMBL6158";"Ubiquitin carboxyl-terminal hydrolase 5";"Homo sapiens";"SINGLE PROTEIN";"CHEMBL5226343";"1";"Scientific Literature";"J Med Chem";"2021";"None";"";"INHIBITOR";"";"59.0"
"CHEMBL4537770";"";"None";"218.21";"0";"1.04";"21";"CC(C(=O)O)n1cnc2ccccc2c1=O";"Imax";"'='";"75.0";"%";"";"";"";"UO_0000187";"";"";"";"";"0";"CHEMBL4416740";"Inhibition of N-terminal Avitag-fused His6-tagged USP5 (unknown origin) (1 to 835 residues) labelled with 5-fluorotryptophan expressed in BL21 (DE3) Codon Plus RIL Escherichia coli using ubiquitin-rhodamine 110 as substrate and measured for 10 mind by fluorescence based assay relative to control";"B";"BAO_0000019";"assay format";"Homo sapiens";"None";"None";"None";"None";"";"";"";"CHEMBL6158";"Ubiquitin carboxyl-terminal hydrolase 5";"Homo sapiens";"SINGLE PROTEIN";"CHEMBL4414636";"1";"Scientific Literature";"J Med Chem";"2019";"None";"";"";"";"75.0"
"CHEMBL4529848";"";"None";"535.71";"2";"5.16";"31";"CC(C)(C)NS(=O)(=O)c1cccc2c(NC(=O)[C@H](Cc3ccccc3)NC(=O)C3CCCCC3)cccc12";"Inhibition";"'<'";"30.0";"%";"";"";"";"UO_0000187";"";"";"";"";"0";"CHEMBL4674650";"Inhibition of USP5 (unknown origin) at 10 uM relative to control";"B";"BAO_0000357";"single protein format";"Homo sapiens";"None";"None";"None";"None";"";"";"";"CHEMBL6158";"Ubiquitin carboxyl-terminal hydrolase 5";"Homo sapiens";"SINGLE PROTEIN";"CHEMBL4673213";"1";"Scientific Literature";"Bioorg Med Chem Lett";"2018";"None";"Dose = 10.0 microM";"";"";"30.0"
"CHEMBL4532335";"";"None";"177.16";"0";"1.45";"3; DAT00000187a";"O=C(O)Cc1nc2ccccc2o1";"Kd";"'='";"770000.0";"nM";"";"Outside typical range";"";"UO_0000065";"";"";"";"";"0";"CHEMBL4416736";"Binding affinity to N-terminal Avitag-fused His6-tagged USP5 ZnF-UBD (unknown origin) (171 to 290 residues) labelled with 5-fluorotryptophan expressed in BL21 (DE3) Codon Plus RIL Escherichia coli incubated for 35 to 60 secs by SPR analysis";"B";"BAO_0000019";"assay format";"Homo sapiens";"None";"None";"None";"None";"";"";"";"CHEMBL6158";"Ubiquitin carboxyl-terminal hydrolase 5";"Homo sapiens";"SINGLE PROTEIN";"CHEMBL4414636";"1";"Scientific Literature";"J Med Chem";"2019";"None";"";"";"";"770.0"
"CHEMBL4529997";"";"None";"232.24";"0";"1.50";"27";"C=C1Nc2ccccc2C(=O)N1C(C)C(=O)O";"Kd";"";"";"";"";"";"";"";"";"";"";"";"0";"CHEMBL4416736";"Binding affinity to N-terminal Avitag-fused His6-tagged USP5 ZnF-UBD (unknown origin) (171 to 290 residues) labelled with 5-fluorotryptophan expressed in BL21 (DE3) Codon Plus RIL Escherichia coli incubated for 35 to 60 secs by SPR analysis";"B";"BAO_0000019";"assay format";"Homo sapiens";"None";"None";"None";"None";"";"";"";"CHEMBL6158";"Ubiquitin carboxyl-terminal hydrolase 5";"Homo sapiens";"SINGLE PROTEIN";"CHEMBL4414636";"1";"Scientific Literature";"J Med Chem";"2019";"None";"";"";"Not active";""
"CHEMBL1410015";"";"None";"300.38";"0";"3.51";"Fig 44, Cpd IU1";"Cc1cc(C(=O)CN2CCCC2)c(C)n1-c1ccc(F)cc1";"IC50";"'='";"143400.0";"nM";"";"Outside typical range";"";"UO_0000065";"";"";"";"";"0";"CHEMBL5234093";"Inhibition of human USP5 using Ub-PA as substrate assessed as deubiquitination level incubated for 1 hr by SDS-PAGE assay";"B";"BAO_0000357";"single protein format";"Homo sapiens";"None";"None";"None";"None";"";"";"";"CHEMBL6158";"Ubiquitin carboxyl-terminal hydrolase 5";"Homo sapiens";"SINGLE PROTEIN";"CHEMBL5233229";"1";"Scientific Literature";"Eur J Med Chem";"2020";"None";"TIME = 1.0 hr";"INHIBITOR";"";"143.4"
"CHEMBL5426708";"";"None";"443.89";"0";"2.73";"32";"COc1ccccc1CN(C)C(=O)Cn1c(CCC(=O)O)nc2c(Cl)cccc2c1=O";"Kd";"'='";"6300.0";"nM";"5.20";"";"";"UO_0000065";"11.72";"0.23";"2.47";"5.11";"0";"CHEMBL5364108";"Binding affinity to N-terminal Avi-tagged and C-terminal His6-tagged USP5 (171 to 290 residues) (unknown origin) expressed in Escherichia coli BirA assessed as dissociation constant by SPR analysis";"B";"BAO_0000019";"assay format";"Homo sapiens";"None";"None";"None";"None";"";"";"";"CHEMBL6158";"Ubiquitin carboxyl-terminal hydrolase 5";"Homo sapiens";"SINGLE PROTEIN";"CHEMBL5360628";"1";"Scientific Literature";"J Med Chem";"2023";"None";"";"ANTAGONIST";"";"6.3"
"CHEMBL5285026";"";"None";"507.58";"1";"4.98";"22; BAY-728";"CC(C)C[C@H](NC(=O)C1(C(F)(F)F)CCCCC1)C(=O)Nc1nnc(Cc2ccc(C#N)cc2)s1";"Inhibition";"";"";"%";"";"";"";"UO_0000187";"";"";"";"";"0";"CHEMBL5251138";"Inhibition of human USP5 using ubiquitin rhodamine 110 as substrate at 10 to 50 uM by fluorometric assay";"B";"BAO_0000357";"single protein format";"Homo sapiens";"None";"None";"None";"None";"";"";"";"CHEMBL6158";"Ubiquitin carboxyl-terminal hydrolase 5";"Homo sapiens";"SINGLE PROTEIN";"CHEMBL5247643";"1";"Scientific Literature";"J Med Chem";"2023";"None";"DOSE_Lower = 10.0 microM | DOSE_Upper = 50.0 microM";"";"Not active";""
"CHEMBL5282322";"";"None";"438.45";"0";"2.35";"2";"O=C(O)CNC(=O)c1ccc(S(=O)(=O)N2CCC(c3ccc(F)c(F)c3)CC2)cc1";"Kd";"'='";"31000.0";"nM";"4.51";"";"";"UO_0000065";"10.28";"0.21";"2.16";"4.34";"0";"CHEMBL5228924";"Binding affinity to biotinylated USP5 zinc finger ubiquitin binding domain (171 to 290 residues) (unknown origin) expressed in Escherichia coli by surface plasmon resonance assay";"B";"BAO_0000019";"assay format";"Homo sapiens";"None";"None";"None";"None";"";"";"";"CHEMBL6158";"Ubiquitin carboxyl-terminal hydrolase 5";"Homo sapiens";"SINGLE PROTEIN";"CHEMBL5226343";"1";"Scientific Literature";"J Med Chem";"2021";"None";"";"INHIBITOR";"";"31.0"
"CHEMBL5290299";"";"None";"418.47";"0";"1.73";"19";"O=C(O)CNC(=O)c1ccc(S(=O)(=O)N2CCC(Oc3ccccc3)CC2)cc1";"Kd";"'='";"61000.0";"nM";"4.21";"";"";"UO_0000065";"10.07";"0.20";"2.48";"3.73";"0";"CHEMBL5228924";"Binding affinity to biotinylated USP5 zinc finger ubiquitin binding domain (171 to 290 residues) (unknown origin) expressed in Escherichia coli by surface plasmon resonance assay";"B";"BAO_0000019";"assay format";"Homo sapiens";"None";"None";"None";"None";"";"";"";"CHEMBL6158";"Ubiquitin carboxyl-terminal hydrolase 5";"Homo sapiens";"SINGLE PROTEIN";"CHEMBL5226343";"1";"Scientific Literature";"J Med Chem";"2021";"None";"";"INHIBITOR";"";"61.0"
"CHEMBL5266727";"";"None";"432.50";"0";"2.08";"29";"COc1ccc(C2CCN(S(=O)(=O)c3ccc(C(=O)NCC(=O)O)cc3)CC2)cc1";"Kd";"'='";"40000.0";"nM";"4.40";"";"";"UO_0000065";"10.17";"0.20";"2.32";"3.89";"0";"CHEMBL5228924";"Binding affinity to biotinylated USP5 zinc finger ubiquitin binding domain (171 to 290 residues) (unknown origin) expressed in Escherichia coli by surface plasmon resonance assay";"B";"BAO_0000019";"assay format";"Homo sapiens";"None";"None";"None";"None";"";"";"";"CHEMBL6158";"Ubiquitin carboxyl-terminal hydrolase 5";"Homo sapiens";"SINGLE PROTEIN";"CHEMBL5226343";"1";"Scientific Literature";"J Med Chem";"2021";"None";"";"INHIBITOR";"";"40.0"
"CHEMBL5281654";"";"None";"436.92";"0";"2.72";"31";"O=C(O)CNC(=O)c1ccc(S(=O)(=O)N2CCC(c3ccc(Cl)cc3)CC2)cc1";"Kd";"'='";"21000.0";"nM";"4.68";"";"";"UO_0000065";"10.71";"0.22";"1.96";"4.51";"0";"CHEMBL5228924";"Binding affinity to biotinylated USP5 zinc finger ubiquitin binding domain (171 to 290 residues) (unknown origin) expressed in Escherichia coli by surface plasmon resonance assay";"B";"BAO_0000019";"assay format";"Homo sapiens";"None";"None";"None";"None";"";"";"";"CHEMBL6158";"Ubiquitin carboxyl-terminal hydrolase 5";"Homo sapiens";"SINGLE PROTEIN";"CHEMBL5226343";"1";"Scientific Literature";"J Med Chem";"2021";"None";"";"INHIBITOR";"";"21.0"
"CHEMBL5278336";"";"None";"437.91";"0";"2.12";"64";"O=C(O)CNC(=O)c1ccc(S(=O)(=O)N2CCC(c3ccc(Cl)cc3)CC2)cn1";"Kd";"'='";"8000.0";"nM";"5.10";"";"";"UO_0000065";"11.64";"0.24";"2.98";"4.37";"0";"CHEMBL5228927";"Binding affinity to full length biotinylated USP5 (1 to 835 residues) (unknown origin) expressed in Escherichia coli by surface plasmon resonance assay";"B";"BAO_0000019";"assay format";"Homo sapiens";"None";"None";"None";"None";"";"";"";"CHEMBL6158";"Ubiquitin carboxyl-terminal hydrolase 5";"Homo sapiens";"SINGLE PROTEIN";"CHEMBL5226343";"1";"Scientific Literature";"J Med Chem";"2021";"None";"";"INHIBITOR";"";"8.0"
"CHEMBL4303622";"";"None";"223.29";"0";"1.39";"PR-619";"N#CSc1cc(SC#N)c(N)nc1N";"EC50";"'='";"8600.0";"nM";"5.07";"";"";"UO_0000065";"22.69";"0.49";"3.68";"4.50";"0";"CHEMBL5228957";"Inhibition of USP5 (unknown origin)";"B";"BAO_0000357";"single protein format";"Homo sapiens";"None";"None";"None";"None";"";"";"";"CHEMBL6158";"Ubiquitin carboxyl-terminal hydrolase 5";"Homo sapiens";"SINGLE PROTEIN";"CHEMBL5226343";"1";"Scientific Literature";"J Med Chem";"2021";"None";"";"INHIBITOR";"";"8.6"
"CHEMBL1923233";"";"None";"384.28";"0";"4.41";"WP1130";"CCC[C@H](NC(=O)/C(C#N)=C/c1cccc(Br)n1)c1ccccc1";"Inhibition";"'='";"50.0";"%";"";"";"";"UO_0000187";"";"";"";"";"0";"CHEMBL5228964";"Inhibition of USP5 (unknown origin) at 2.5 uM";"B";"BAO_0000357";"single protein format";"Homo sapiens";"None";"None";"None";"None";"";"";"";"CHEMBL6158";"Ubiquitin carboxyl-terminal hydrolase 5";"Homo sapiens";"SINGLE PROTEIN";"CHEMBL5226343";"1";"Scientific Literature";"J Med Chem";"2021";"None";"DOSE = 2.5 microM";"INHIBITOR";"";"50.0"
"CHEMBL5285026";"";"None";"507.58";"1";"4.98";"22; BAY-728";"CC(C)C[C@H](NC(=O)C1(C(F)(F)F)CCCCC1)C(=O)Nc1nnc(Cc2ccc(C#N)cc2)s1";"Inhibition";"'<'";"15.0";"%";"";"";"";"UO_0000187";"";"";"";"";"0";"CHEMBL5251146";"Inhibition of USP5 (unknown origin) using ubiquitin rhodamine 110 as substrate at 1 to 10 uM by DUBprofiler fluorometric assay";"B";"BAO_0000357";"single protein format";"Homo sapiens";"None";"None";"None";"None";"";"";"";"CHEMBL6158";"Ubiquitin carboxyl-terminal hydrolase 5";"Homo sapiens";"SINGLE PROTEIN";"CHEMBL5247643";"1";"Scientific Literature";"J Med Chem";"2023";"None";"DOSE_Lower = 1.0 microM | DOSE_Upper = 10.0 microM";"";"";"15.0"
"CHEMBL5266658";"";"None";"402.47";"0";"2.07";"4";"O=C(O)CNC(=O)c1ccc(S(=O)(=O)N2CCC(c3ccccc3)CC2)cc1";"Kd";"'='";"34000.0";"nM";"4.47";"";"";"UO_0000065";"11.10";"0.22";"2.40";"4.31";"0";"CHEMBL5228924";"Binding affinity to biotinylated USP5 zinc finger ubiquitin binding domain (171 to 290 residues) (unknown origin) expressed in Escherichia coli by surface plasmon resonance assay";"B";"BAO_0000019";"assay format";"Homo sapiens";"None";"None";"None";"None";"";"";"";"CHEMBL6158";"Ubiquitin carboxyl-terminal hydrolase 5";"Homo sapiens";"SINGLE PROTEIN";"CHEMBL5226343";"1";"Scientific Literature";"J Med Chem";"2021";"None";"";"INHIBITOR";"";"34.0"
"CHEMBL5282333";"";"None";"403.46";"0";"1.01";"14";"O=C(O)CNC(=O)c1ccc(S(=O)(=O)N2CCN(c3ccccc3)CC2)cc1";"Kd";"'='";"150000.0";"nM";"";"Outside typical range";"";"UO_0000065";"";"";"";"";"0";"CHEMBL5228924";"Binding affinity to biotinylated USP5 zinc finger ubiquitin binding domain (171 to 290 residues) (unknown origin) expressed in Escherichia coli by surface plasmon resonance assay";"B";"BAO_0000019";"assay format";"Homo sapiens";"None";"None";"None";"None";"";"";"";"CHEMBL6158";"Ubiquitin carboxyl-terminal hydrolase 5";"Homo sapiens";"SINGLE PROTEIN";"CHEMBL5226343";"1";"Scientific Literature";"J Med Chem";"2021";"None";"";"INHIBITOR";"";"150.0"
"CHEMBL5266393";"";"None";"416.50";"0";"2.38";"34";"Cc1cccc(C2CCN(S(=O)(=O)c3ccc(C(=O)NCC(=O)O)cc3)CC2)c1";"Kd";"'='";"18000.0";"nM";"4.75";"";"";"UO_0000065";"11.39";"0.22";"2.36";"4.57";"0";"CHEMBL5228924";"Binding affinity to biotinylated USP5 zinc finger ubiquitin binding domain (171 to 290 residues) (unknown origin) expressed in Escherichia coli by surface plasmon resonance assay";"B";"BAO_0000019";"assay format";"Homo sapiens";"None";"None";"None";"None";"";"";"";"CHEMBL6158";"Ubiquitin carboxyl-terminal hydrolase 5";"Homo sapiens";"SINGLE PROTEIN";"CHEMBL5226343";"1";"Scientific Literature";"J Med Chem";"2021";"None";"";"INHIBITOR";"";"18.0"
"CHEMBL5270943";"";"None";"403.46";"0";"1.46";"51";"O=C(O)CNC(=O)c1ccc(S(=O)(=O)N2CCC(c3ccccc3)CC2)cn1";"Kd";"'='";"7000.0";"nM";"5.16";"";"";"UO_0000065";"12.78";"0.25";"3.69";"4.42";"0";"CHEMBL5228924";"Binding affinity to biotinylated USP5 zinc finger ubiquitin binding domain (171 to 290 residues) (unknown origin) expressed in Escherichia coli by surface plasmon resonance assay";"B";"BAO_0000019";"assay format";"Homo sapiens";"None";"None";"None";"None";"";"";"";"CHEMBL6158";"Ubiquitin carboxyl-terminal hydrolase 5";"Homo sapiens";"SINGLE PROTEIN";"CHEMBL5226343";"1";"Scientific Literature";"J Med Chem";"2021";"None";"";"INHIBITOR";"";"7.0"
"CHEMBL5273795";"";"None";"408.50";"0";"2.13";"52";"O=C(O)CNC(=O)c1ccc(S(=O)(=O)N2CCC(c3ccccc3)CC2)s1";"Kd";"'='";"22000.0";"nM";"4.66";"";"";"UO_0000065";"11.40";"0.24";"2.53";"4.49";"0";"CHEMBL5228924";"Binding affinity to biotinylated USP5 zinc finger ubiquitin binding domain (171 to 290 residues) (unknown origin) expressed in Escherichia coli by surface plasmon resonance assay";"B";"BAO_0000019";"assay format";"Homo sapiens";"None";"None";"None";"None";"";"";"";"CHEMBL6158";"Ubiquitin carboxyl-terminal hydrolase 5";"Homo sapiens";"SINGLE PROTEIN";"CHEMBL5226343";"1";"Scientific Literature";"J Med Chem";"2021";"None";"";"INHIBITOR";"";"22.0"
"CHEMBL5278336";"";"None";"437.91";"0";"2.12";"64";"O=C(O)CNC(=O)c1ccc(S(=O)(=O)N2CCC(c3ccc(Cl)cc3)CC2)cn1";"Activity";"";"";"";"";"";"";"";"";"";"";"";"0";"CHEMBL5228929";"Binding affinity to full length biotinylated USP5 R221A mutant (unknown origin) expressed in Escherichia coli by surface plasmon resonance assay";"B";"BAO_0000019";"assay format";"Homo sapiens";"None";"None";"None";"None";"";"P45974";"R221A";"CHEMBL6158";"Ubiquitin carboxyl-terminal hydrolase 5";"Homo sapiens";"SINGLE PROTEIN";"CHEMBL5226343";"1";"Scientific Literature";"J Med Chem";"2021";"None";"";"";"Not active";""
"CHEMBL5278336";"";"None";"437.91";"0";"2.12";"64";"O=C(O)CNC(=O)c1ccc(S(=O)(=O)N2CCC(c3ccc(Cl)cc3)CC2)cn1";"IC50";"'='";"7000.0";"nM";"5.16";"";"";"UO_0000065";"11.77";"0.24";"3.03";"4.42";"0";"CHEMBL5228931";"Displacement of N-terminal FITC-labeled Ub from biotinylated USP5 zinc finger ubiquitin binding domain (171 to 290 residues) (unknown origin) expressed in Escherichia coli incubated for 1 hr by fluorescence competition assay";"B";"BAO_0000019";"assay format";"Homo sapiens";"None";"None";"None";"None";"";"";"";"CHEMBL6158";"Ubiquitin carboxyl-terminal hydrolase 5";"Homo sapiens";"SINGLE PROTEIN";"CHEMBL5226343";"1";"Scientific Literature";"J Med Chem";"2021";"None";"TIME = 1.0 hr";"INHIBITOR";"";"7.0"
"CHEMBL1493046";"";"None";"314.40";"0";"3.90";"Fig 44, Cpd IU1-47";"Cc1cc(C(=O)CN2CCCCC2)c(C)n1-c1ccc(F)cc1";"IC50";"'='";"29140.0";"nM";"4.54";"";"";"UO_0000065";"14.43";"0.27";"0.64";"17.97";"0";"CHEMBL5234093";"Inhibition of human USP5 using Ub-PA as substrate assessed as deubiquitination level incubated for 1 hr by SDS-PAGE assay";"B";"BAO_0000357";"single protein format";"Homo sapiens";"None";"None";"None";"None";"";"";"";"CHEMBL6158";"Ubiquitin carboxyl-terminal hydrolase 5";"Homo sapiens";"SINGLE PROTEIN";"CHEMBL5233229";"1";"Scientific Literature";"Eur J Med Chem";"2020";"None";"TIME = 1.0 hr";"INHIBITOR";"";"29.14"
"CHEMBL5269641";"";"None";"374.42";"0";"1.29";"11";"O=C(O)CNC(=O)c1ccc(S(=O)(=O)N2CC(c3ccccc3)C2)cc1";"Kd";"'='";"270000.0";"nM";"";"Outside typical range";"";"UO_0000065";"";"";"";"";"0";"CHEMBL5228924";"Binding affinity to biotinylated USP5 zinc finger ubiquitin binding domain (171 to 290 residues) (unknown origin) expressed in Escherichia coli by surface plasmon resonance assay";"B";"BAO_0000019";"assay format";"Homo sapiens";"None";"None";"None";"None";"";"";"";"CHEMBL6158";"Ubiquitin carboxyl-terminal hydrolase 5";"Homo sapiens";"SINGLE PROTEIN";"CHEMBL5226343";"1";"Scientific Literature";"J Med Chem";"2021";"None";"";"INHIBITOR";"";"270.0"
"CHEMBL5267510";"";"None";"454.91";"0";"2.86";"61";"O=C(O)CNC(=O)c1ccc(S(=O)(=O)N2CCC(c3ccc(Cl)cc3)CC2)cc1F";"Kd";"'='";"7000.0";"nM";"5.16";"";"";"UO_0000065";"11.33";"0.23";"2.29";"4.97";"0";"CHEMBL5228924";"Binding affinity to biotinylated USP5 zinc finger ubiquitin binding domain (171 to 290 residues) (unknown origin) expressed in Escherichia coli by surface plasmon resonance assay";"B";"BAO_0000019";"assay format";"Homo sapiens";"None";"None";"None";"None";"";"";"";"CHEMBL6158";"Ubiquitin carboxyl-terminal hydrolase 5";"Homo sapiens";"SINGLE PROTEIN";"CHEMBL5226343";"1";"Scientific Literature";"J Med Chem";"2021";"None";"";"INHIBITOR";"";"7.0"
"CHEMBL1313027";"";"None";"218.21";"0";"1.75";"8; DAT00000202a";"O=C(O)CCc1nc(-c2ccccc2)no1";"Kd";"";"";"";"";"";"";"";"";"";"";"";"0";"CHEMBL4416736";"Binding affinity to N-terminal Avitag-fused His6-tagged USP5 ZnF-UBD (unknown origin) (171 to 290 residues) labelled with 5-fluorotryptophan expressed in BL21 (DE3) Codon Plus RIL Escherichia coli incubated for 35 to 60 secs by SPR analysis";"B";"BAO_0000019";"assay format";"Homo sapiens";"None";"None";"None";"None";"";"";"";"CHEMBL6158";"Ubiquitin carboxyl-terminal hydrolase 5";"Homo sapiens";"SINGLE PROTEIN";"CHEMBL4414636";"1";"Scientific Literature";"J Med Chem";"2019";"None";"";"";"Not active";""
"CHEMBL4449480";"";"None";"207.19";"0";"1.07";"10; DAT00000208a";"O=C(O)CCn1c(=O)oc2ccccc21";"Kd";"";"";"";"";"";"";"";"";"";"";"";"0";"CHEMBL4416736";"Binding affinity to N-terminal Avitag-fused His6-tagged USP5 ZnF-UBD (unknown origin) (171 to 290 residues) labelled with 5-fluorotryptophan expressed in BL21 (DE3) Codon Plus RIL Escherichia coli incubated for 35 to 60 secs by SPR analysis";"B";"BAO_0000019";"assay format";"Homo sapiens";"None";"None";"None";"None";"";"";"";"CHEMBL6158";"Ubiquitin carboxyl-terminal hydrolase 5";"Homo sapiens";"SINGLE PROTEIN";"CHEMBL4414636";"1";"Scientific Literature";"J Med Chem";"2019";"None";"";"";"Not active";""
"CHEMBL4218728";"";"None";"264.24";"0";"0.50";"22";"COc1cc2ncn(CC(=O)O)c(=O)c2cc1OC";"Kd";"'='";"110000.0";"nM";"";"Outside typical range";"";"UO_0000065";"";"";"";"";"0";"CHEMBL4416736";"Binding affinity to N-terminal Avitag-fused His6-tagged USP5 ZnF-UBD (unknown origin) (171 to 290 residues) labelled with 5-fluorotryptophan expressed in BL21 (DE3) Codon Plus RIL Escherichia coli incubated for 35 to 60 secs by SPR analysis";"B";"BAO_0000019";"assay format";"Homo sapiens";"None";"None";"None";"None";"";"";"";"CHEMBL6158";"Ubiquitin carboxyl-terminal hydrolase 5";"Homo sapiens";"SINGLE PROTEIN";"CHEMBL4414636";"1";"Scientific Literature";"J Med Chem";"2019";"None";"";"";"";"110.0"
"CHEMBL5275351";"";"None";"360.39";"0";"1.21";"9";"O=C(O)CNC(=O)c1ccc(S(=O)(=O)N2Cc3ccccc3C2)cc1";"Kd";"'='";"170000.0";"nM";"";"Outside typical range";"";"UO_0000065";"";"";"";"";"0";"CHEMBL5228924";"Binding affinity to biotinylated USP5 zinc finger ubiquitin binding domain (171 to 290 residues) (unknown origin) expressed in Escherichia coli by surface plasmon resonance assay";"B";"BAO_0000019";"assay format";"Homo sapiens";"None";"None";"None";"None";"";"";"";"CHEMBL6158";"Ubiquitin carboxyl-terminal hydrolase 5";"Homo sapiens";"SINGLE PROTEIN";"CHEMBL5226343";"1";"Scientific Literature";"J Med Chem";"2021";"None";"";"INHIBITOR";"";"170.0"
"CHEMBL5267112";"";"None";"394.49";"0";"1.98";"5";"O=C(O)CCC(=O)c1ccc(S(=O)(=O)N2CCC(N3CCCC3)CC2)cc1";"Kd";"'='";"9000.0";"nM";"5.05";"";"";"UO_0000065";"12.79";"0.26";"3.07";"5.31";"0";"CHEMBL5228924";"Binding affinity to biotinylated USP5 zinc finger ubiquitin binding domain (171 to 290 residues) (unknown origin) expressed in Escherichia coli by surface plasmon resonance assay";"B";"BAO_0000019";"assay format";"Homo sapiens";"None";"None";"None";"None";"";"";"";"CHEMBL6158";"Ubiquitin carboxyl-terminal hydrolase 5";"Homo sapiens";"SINGLE PROTEIN";"CHEMBL5226343";"1";"Scientific Literature";"J Med Chem";"2021";"None";"";"INHIBITOR";"";"9.0"
"CHEMBL5282742";"";"None";"408.50";"0";"2.13";"54";"O=C(O)CNC(=O)c1cc(S(=O)(=O)N2CCC(c3ccccc3)CC2)cs1";"Kd";"'='";"61000.0";"nM";"4.21";"";"";"UO_0000065";"10.32";"0.21";"2.08";"4.06";"0";"CHEMBL5228924";"Binding affinity to biotinylated USP5 zinc finger ubiquitin binding domain (171 to 290 residues) (unknown origin) expressed in Escherichia coli by surface plasmon resonance assay";"B";"BAO_0000019";"assay format";"Homo sapiens";"None";"None";"None";"None";"";"";"";"CHEMBL6158";"Ubiquitin carboxyl-terminal hydrolase 5";"Homo sapiens";"SINGLE PROTEIN";"CHEMBL5226343";"1";"Scientific Literature";"J Med Chem";"2021";"None";"";"INHIBITOR";"";"61.0"
"CHEMBL5285781";"";"None";"416.50";"0";"2.46";"17";"CC1CC(c2ccccc2)CCN1S(=O)(=O)c1ccc(C(=O)NCC(=O)O)cc1";"Kd";"'='";"92000.0";"nM";"4.04";"";"";"UO_0000065";"9.69";"0.19";"1.58";"3.89";"0";"CHEMBL5228924";"Binding affinity to biotinylated USP5 zinc finger ubiquitin binding domain (171 to 290 residues) (unknown origin) expressed in Escherichia coli by surface plasmon resonance assay";"B";"BAO_0000019";"assay format";"Homo sapiens";"None";"None";"None";"None";"";"";"";"CHEMBL6158";"Ubiquitin carboxyl-terminal hydrolase 5";"Homo sapiens";"SINGLE PROTEIN";"CHEMBL5226343";"1";"Scientific Literature";"J Med Chem";"2021";"None";"";"INHIBITOR";"";"92.0"
"CHEMBL5274321";"";"None";"430.48";"0";"1.71";"21";"O=C(O)CNC(=O)c1ccc(S(=O)(=O)N2CCC3(CC2)OCc2ccccc23)cc1";"Kd";"'='";"220000.0";"nM";"";"Outside typical range";"";"UO_0000065";"";"";"";"";"0";"CHEMBL5228924";"Binding affinity to biotinylated USP5 zinc finger ubiquitin binding domain (171 to 290 residues) (unknown origin) expressed in Escherichia coli by surface plasmon resonance assay";"B";"BAO_0000019";"assay format";"Homo sapiens";"None";"None";"None";"None";"";"";"";"CHEMBL6158";"Ubiquitin carboxyl-terminal hydrolase 5";"Homo sapiens";"SINGLE PROTEIN";"CHEMBL5226343";"1";"Scientific Literature";"J Med Chem";"2021";"None";"";"INHIBITOR";"";"220.0"
"CHEMBL5290467";"";"None";"432.50";"0";"2.08";"35";"COc1cccc(C2CCN(S(=O)(=O)c3ccc(C(=O)NCC(=O)O)cc3)CC2)c1";"Kd";"'='";"39000.0";"nM";"4.41";"";"";"UO_0000065";"10.19";"0.20";"2.33";"3.90";"0";"CHEMBL5228924";"Binding affinity to biotinylated USP5 zinc finger ubiquitin binding domain (171 to 290 residues) (unknown origin) expressed in Escherichia coli by surface plasmon resonance assay";"B";"BAO_0000019";"assay format";"Homo sapiens";"None";"None";"None";"None";"";"";"";"CHEMBL6158";"Ubiquitin carboxyl-terminal hydrolase 5";"Homo sapiens";"SINGLE PROTEIN";"CHEMBL5226343";"1";"Scientific Literature";"J Med Chem";"2021";"None";"";"INHIBITOR";"";"39.0"
"CHEMBL5269269";"";"None";"420.46";"0";"2.21";"36";"O=C(O)CNC(=O)c1ccc(S(=O)(=O)N2CCC(c3cccc(F)c3)CC2)cc1";"Kd";"'='";"31000.0";"nM";"4.51";"";"";"UO_0000065";"10.72";"0.21";"2.30";"4.34";"0";"CHEMBL5228924";"Binding affinity to biotinylated USP5 zinc finger ubiquitin binding domain (171 to 290 residues) (unknown origin) expressed in Escherichia coli by surface plasmon resonance assay";"B";"BAO_0000019";"assay format";"Homo sapiens";"None";"None";"None";"None";"";"";"";"CHEMBL6158";"Ubiquitin carboxyl-terminal hydrolase 5";"Homo sapiens";"SINGLE PROTEIN";"CHEMBL5226343";"1";"Scientific Literature";"J Med Chem";"2021";"None";"";"INHIBITOR";"";"31.0"
"CHEMBL5268349";"";"None";"402.47";"0";"2.07";"44";"O=C(O)CNC(=O)c1cccc(S(=O)(=O)N2CCC(c3ccccc3)CC2)c1";"Kd";"'='";"82000.0";"nM";"4.09";"";"";"UO_0000065";"10.15";"0.20";"2.02";"3.94";"0";"CHEMBL5228924";"Binding affinity to biotinylated USP5 zinc finger ubiquitin binding domain (171 to 290 residues) (unknown origin) expressed in Escherichia coli by surface plasmon resonance assay";"B";"BAO_0000019";"assay format";"Homo sapiens";"None";"None";"None";"None";"";"";"";"CHEMBL6158";"Ubiquitin carboxyl-terminal hydrolase 5";"Homo sapiens";"SINGLE PROTEIN";"CHEMBL5226343";"1";"Scientific Literature";"J Med Chem";"2021";"None";"";"INHIBITOR";"";"82.0"
"CHEMBL5283754";"";"None";"413.47";"0";"0.89";"63";"O=C(O)CNC(=O)c1ccc(S(=O)(=O)N2CCC(N3CCCC3)CC2)cc1F";"Kd";"'='";"16000.0";"nM";"4.80";"";"";"UO_0000065";"11.60";"0.23";"3.91";"4.48";"0";"CHEMBL5228924";"Binding affinity to biotinylated USP5 zinc finger ubiquitin binding domain (171 to 290 residues) (unknown origin) expressed in Escherichia coli by surface plasmon resonance assay";"B";"BAO_0000019";"assay format";"Homo sapiens";"None";"None";"None";"None";"";"";"";"CHEMBL6158";"Ubiquitin carboxyl-terminal hydrolase 5";"Homo sapiens";"SINGLE PROTEIN";"CHEMBL5226343";"1";"Scientific Literature";"J Med Chem";"2021";"None";"";"INHIBITOR";"";"16.0"
"CHEMBL4440506";"";"None";"220.27";"0";"2.86";"UBTR008295a";"CC(C)c1ccc(C(=O)CCC(=O)O)cc1";"Kd";"'='";"80000.0";"nM";"4.10";"";"";"UO_0000065";"18.60";"0.35";"1.24";"7.54";"1";"CHEMBL5228924";"Binding affinity to biotinylated USP5 zinc finger ubiquitin binding domain (171 to 290 residues) (unknown origin) expressed in Escherichia coli by surface plasmon resonance assay";"B";"BAO_0000019";"assay format";"Homo sapiens";"None";"None";"None";"None";"";"";"";"CHEMBL6158";"Ubiquitin carboxyl-terminal hydrolase 5";"Homo sapiens";"SINGLE PROTEIN";"CHEMBL5226343";"1";"Scientific Literature";"J Med Chem";"2021";"None";"";"INHIBITOR";"";"80.0"
"CHEMBL6166908";"";"None";"787.94";"3";"5.64";"61";"COc1cc(OC)cc(-n2ccc3c(=O)n(CC4(O)CCN(C(=O)[C@@H]5CCN(C(=O)c6sc(-c7ccc(C)nc7)nc6C)C[C@H]5c5ccccc5)CC4)cnc32)c1";"Inhibition";"";"";"%";"";"";"";"UO_0000187";"";"";"";"";"0";"CHEMBL6130751";"Inhibition of HA-Ub-VS probe binding to USP5 in human RS4;11 cells at 1 nM measured after 2 hrs";"B";"BAO_0000219";"cell-based format";"Homo sapiens";"None";"None";"RS4;11";"None";"";"";"";"CHEMBL6158";"Ubiquitin carboxyl-terminal hydrolase 5";"Homo sapiens";"SINGLE PROTEIN";"CHEMBL6127115";"1";"Scientific Literature";"J Med Chem";"2024";"None";"DOSE = 1.0 nM | TIME = 2.0 hr";"";"Not active";""
"CHEMBL1229517";"VEMURAFENIB";"4.0";"489.93";"1";"5.54";"Vemurafenib";"CCCS(=O)(=O)Nc1ccc(F)c(C(=O)c2c[nH]c3ncc(-c4ccc(Cl)cc4)cc23)c1F";"Inhibition";"";"";"%";"";"";"";"UO_0000187";"";"";"";"";"0";"CHEMBL4257364";"Inhibition of USP5 in human SK-MEL-28 cells by direct immunoblotting method";"B";"BAO_0000219";"cell-based format";"Homo sapiens";"None";"None";"None";"None";"";"";"";"CHEMBL6158";"Ubiquitin carboxyl-terminal hydrolase 5";"Homo sapiens";"SINGLE PROTEIN";"CHEMBL4257227";"38";"SureChEMBL Patent Bioactivity Data";"";"2016";"None";"";"";"Active";""
