"Molecule ChEMBL ID","Smiles","Smiles (Molecule)","pIC50"
"CHEMBL5285743","O=C(O)CNC(=O)c1ccc(S(=O)(=O)N2CCC(N3C(=O)Cc4ccccc43)CC2)cc1","
     RDKit          2D

 32 35  0  0  0  0  0  0  0  0999 V2000
  -17.7088   -5.3535    0.0000 O   0  0  0  0  0  0  0  0  0  0  0  0
  -16.2822   -4.8900    0.0000 C   0  0  0  0  0  0  0  0  0  0  0  0
  -15.9704   -3.4227    0.0000 O   0  0  0  0  0  0  0  0  0  0  0  0
  -15.1675   -5.8937    0.0000 C   0  0  0  0  0  0  0  0  0  0  0  0
  -13.7409   -5.4301    0.0000 N   0  0  0  0  0  0  0  0  0  0  0  0
  -12.6262   -6.4338    0.0000 C   0  0  0  0  0  0  0  0  0  0  0  0
  -12.9381   -7.9010    0.0000 O   0  0  0  0  0  0  0  0  0  0  0  0
  -11.1996   -5.9703    0.0000 C   0  0  0  0  0  0  0  0  0  0  0  0
  -10.8878   -4.5031    0.0000 C   0  0  0  0  0  0  0  0  0  0  0  0
   -9.4612   -4.0396    0.0000 C   0  0  0  0  0  0  0  0  0  0  0  0
   -8.3464   -5.0433    0.0000 C   0  0  0  0  0  0  0  0  0  0  0  0
   -6.9199   -4.5797    0.0000 S   0  0  0  0  0  0  0  0  0  0  0  0
   -6.4563   -6.0063    0.0000 O   0  0  0  0  0  0  0  0  0  0  0  0
   -7.3834   -3.1531    0.0000 O   0  0  0  0  0  0  0  0  0  0  0  0
   -5.4933   -4.1162    0.0000 N   0  0  0  0  0  0  0  0  0  0  0  0
   -4.3786   -5.1199    0.0000 C   0  0  0  0  0  0  0  0  0  0  0  0
   -2.9520   -4.6564    0.0000 C   0  0  0  0  0  0  0  0  0  0  0  0
   -2.6401   -3.1891    0.0000 C   0  0  0  0  0  0  0  0  0  0  0  0
   -1.2135   -2.7256    0.0000 N   0  0  0  0  0  0  0  0  0  0  0  0
   -0.0000   -3.6073    0.0000 C   0  0  0  0  0  0  0  0  0  0  0  0
    0.0000   -5.1073    0.0000 O   0  0  0  0  0  0  0  0  0  0  0  0
    1.2135   -2.7256    0.0000 C   0  0  0  0  0  0  0  0  0  0  0  0
    0.7500   -1.2990    0.0000 C   0  0  0  0  0  0  0  0  0  0  0  0
    1.5000    0.0000    0.0000 C   0  0  0  0  0  0  0  0  0  0  0  0
    0.7500    1.2990    0.0000 C   0  0  0  0  0  0  0  0  0  0  0  0
   -0.7500    1.2990    0.0000 C   0  0  0  0  0  0  0  0  0  0  0  0
   -1.5000    0.0000    0.0000 C   0  0  0  0  0  0  0  0  0  0  0  0
   -0.7500   -1.2990    0.0000 C   0  0  0  0  0  0  0  0  0  0  0  0
   -3.7548   -2.1855    0.0000 C   0  0  0  0  0  0  0  0  0  0  0  0
   -5.1814   -2.6490    0.0000 C   0  0  0  0  0  0  0  0  0  0  0  0
   -8.6583   -6.5105    0.0000 C   0  0  0  0  0  0  0  0  0  0  0  0
  -10.0849   -6.9740    0.0000 C   0  0  0  0  0  0  0  0  0  0  0  0
  1  2  2  0
  2  3  1  0
  2  4  1  0
  4  5  1  0
  5  6  1  0
  6  7  2  0
  6  8  1  0
  8  9  2  0
  9 10  1  0
 10 11  2  0
 11 12  1  0
 12 13  2  0
 12 14  2  0
 12 15  1  0
 15 16  1  0
 16 17  1  0
 17 18  1  0
 18 19  1  0
 19 20  1  0
 20 21  2  0
 20 22  1  0
 22 23  1  0
 23 24  2  0
 24 25  1  0
 25 26  2  0
 26 27  1  0
 27 28  2  0
 18 29  1  0
 29 30  1  0
 11 31  1  0
 31 32  2  0
 32  8  1  0
 30 15  1  0
 28 19  1  0
 28 23  1  0
M  END

$$$$
",3.886056647693164
"CHEMBL4451435","O=C(O)CCc1nnc(-c2ccc(Cl)cc2)o1","
     RDKit          2D

 17 18  0  0  0  0  0  0  0  0999 V2000
   -1.0496   -9.1759    0.0000 O   0  0  0  0  0  0  0  0  0  0  0  0
    0.3207   -8.5658    0.0000 C   0  0  0  0  0  0  0  0  0  0  0  0
    1.5342   -9.4474    0.0000 O   0  0  0  0  0  0  0  0  0  0  0  0
    0.4775   -7.0740    0.0000 C   0  0  0  0  0  0  0  0  0  0  0  0
    1.8478   -6.4639    0.0000 C   0  0  0  0  0  0  0  0  0  0  0  0
    2.0046   -4.9721    0.0000 C   0  0  0  0  0  0  0  0  0  0  0  0
    3.3037   -4.2221    0.0000 N   0  0  0  0  0  0  0  0  0  0  0  0
    2.9918   -2.7549    0.0000 N   0  0  0  0  0  0  0  0  0  0  0  0
    1.5000   -2.5981    0.0000 C   0  0  0  0  0  0  0  0  0  0  0  0
    0.7500   -1.2990    0.0000 C   0  0  0  0  0  0  0  0  0  0  0  0
    1.5000    0.0000    0.0000 C   0  0  0  0  0  0  0  0  0  0  0  0
    0.7500    1.2990    0.0000 C   0  0  0  0  0  0  0  0  0  0  0  0
   -0.7500    1.2990    0.0000 C   0  0  0  0  0  0  0  0  0  0  0  0
   -1.5000    2.5981    0.0000 Cl  0  0  0  0  0  0  0  0  0  0  0  0
   -1.5000    0.0000    0.0000 C   0  0  0  0  0  0  0  0  0  0  0  0
   -0.7500   -1.2990    0.0000 C   0  0  0  0  0  0  0  0  0  0  0  0
    0.8899   -3.9684    0.0000 O   0  0  0  0  0  0  0  0  0  0  0  0
  1  2  2  0
  2  3  1  0
  2  4  1  0
  4  5  1  0
  5  6  1  0
  6  7  2  0
  7  8  1  0
  8  9  2  0
  9 10  1  0
 10 11  2  0
 11 12  1  0
 12 13  2  0
 13 14  1  0
 13 15  1  0
 15 16  2  0
  9 17  1  0
 17  6  1  0
 16 10  1  0
M  END

$$$$
",3.346787486224657
"CHEMBL5267683","O=C(NCCc1ccc(Cl)cc1)c1ccc2nc3c(c(Cl)c2c1)CCCC3","
     RDKit          2D

 27 30  0  0  0  0  0  0  0  0999 V2000
    3.0000   -7.7942    0.0000 O   0  0  0  0  0  0  0  0  0  0  0  0
    1.5000   -7.7942    0.0000 C   0  0  0  0  0  0  0  0  0  0  0  0
    0.7500   -9.0933    0.0000 N   0  0  0  0  0  0  0  0  0  0  0  0
    1.5000  -10.3923    0.0000 C   0  0  0  0  0  0  0  0  0  0  0  0
    0.7500  -11.6913    0.0000 C   0  0  0  0  0  0  0  0  0  0  0  0
    1.5000  -12.9904    0.0000 C   0  0  0  0  0  0  0  0  0  0  0  0
    0.7500  -14.2894    0.0000 C   0  0  0  0  0  0  0  0  0  0  0  0
    1.5000  -15.5885    0.0000 C   0  0  0  0  0  0  0  0  0  0  0  0
    3.0000  -15.5885    0.0000 C   0  0  0  0  0  0  0  0  0  0  0  0
    3.7500  -16.8875    0.0000 Cl  0  0  0  0  0  0  0  0  0  0  0  0
    3.7500  -14.2894    0.0000 C   0  0  0  0  0  0  0  0  0  0  0  0
    3.0000  -12.9904    0.0000 C   0  0  0  0  0  0  0  0  0  0  0  0
    0.7500   -6.4952    0.0000 C   0  0  0  0  0  0  0  0  0  0  0  0
   -0.7500   -6.4952    0.0000 C   0  0  0  0  0  0  0  0  0  0  0  0
   -1.5000   -5.1962    0.0000 C   0  0  0  0  0  0  0  0  0  0  0  0
   -0.7500   -3.8971    0.0000 C   0  0  0  0  0  0  0  0  0  0  0  0
   -1.5000   -2.5981    0.0000 N   0  0  0  0  0  0  0  0  0  0  0  0
   -0.7500   -1.2990    0.0000 C   0  0  0  0  0  0  0  0  0  0  0  0
    0.7500   -1.2990    0.0000 C   0  0  0  0  0  0  0  0  0  0  0  0
    1.5000   -2.5981    0.0000 C   0  0  0  0  0  0  0  0  0  0  0  0
    3.0000   -2.5981    0.0000 Cl  0  0  0  0  0  0  0  0  0  0  0  0
    0.7500   -3.8971    0.0000 C   0  0  0  0  0  0  0  0  0  0  0  0
    1.5000   -5.1962    0.0000 C   0  0  0  0  0  0  0  0  0  0  0  0
    1.5000    0.0000    0.0000 C   0  0  0  0  0  0  0  0  0  0  0  0
    0.7500    1.2990    0.0000 C   0  0  0  0  0  0  0  0  0  0  0  0
   -0.7500    1.2990    0.0000 C   0  0  0  0  0  0  0  0  0  0  0  0
   -1.5000    0.0000    0.0000 C   0  0  0  0  0  0  0  0  0  0  0  0
  1  2  2  0
  2  3  1  0
  3  4  1  0
  4  5  1  0
  5  6  1  0
  6  7  2  0
  7  8  1  0
  8  9  2  0
  9 10  1  0
  9 11  1  0
 11 12  2  0
  2 13  1  0
 13 14  2  0
 14 15  1  0
 15 16  2  0
 16 17  1  0
 17 18  2  0
 18 19  1  0
 19 20  2  0
 20 21  1  0
 20 22  1  0
 22 23  2  0
 19 24  1  0
 24 25  1  0
 25 26  1  0
 26 27  1  0
 12  6  1  0
 23 13  1  0
 22 16  1  0
 27 18  1  0
M  END

$$$$
",3.6989700043360187
"CHEMBL5290717","O=C(O)CNC(=O)c1ccc(S(=O)(=O)N2CCC(N3CCOCC3)CC2)cc1","
     RDKit          2D

 28 30  0  0  0  0  0  0  0  0999 V2000
    7.5000   -2.5981    0.0000 O   0  0  0  0  0  0  0  0  0  0  0  0
    6.0000   -2.5981    0.0000 C   0  0  0  0  0  0  0  0  0  0  0  0
    5.2500   -3.8971    0.0000 O   0  0  0  0  0  0  0  0  0  0  0  0
    5.2500   -1.2990    0.0000 C   0  0  0  0  0  0  0  0  0  0  0  0
    3.7500   -1.2990    0.0000 N   0  0  0  0  0  0  0  0  0  0  0  0
    3.0000    0.0000    0.0000 C   0  0  0  0  0  0  0  0  0  0  0  0
    3.7500    1.2990    0.0000 O   0  0  0  0  0  0  0  0  0  0  0  0
    1.5000    0.0000    0.0000 C   0  0  0  0  0  0  0  0  0  0  0  0
    0.7500   -1.2990    0.0000 C   0  0  0  0  0  0  0  0  0  0  0  0
   -0.7500   -1.2990    0.0000 C   0  0  0  0  0  0  0  0  0  0  0  0
   -1.5000    0.0000    0.0000 C   0  0  0  0  0  0  0  0  0  0  0  0
   -3.0000    0.0000    0.0000 S   0  0  0  0  0  0  0  0  0  0  0  0
   -3.0000    1.5000    0.0000 O   0  0  0  0  0  0  0  0  0  0  0  0
   -3.0000   -1.5000    0.0000 O   0  0  0  0  0  0  0  0  0  0  0  0
   -4.5000    0.0000    0.0000 N   0  0  0  0  0  0  0  0  0  0  0  0
   -5.2500    1.2990    0.0000 C   0  0  0  0  0  0  0  0  0  0  0  0
   -6.7500    1.2990    0.0000 C   0  0  0  0  0  0  0  0  0  0  0  0
   -7.5000    0.0000    0.0000 C   0  0  0  0  0  0  0  0  0  0  0  0
   -9.0000    0.0000    0.0000 N   0  0  0  0  0  0  0  0  0  0  0  0
   -9.7500    1.2990    0.0000 C   0  0  0  0  0  0  0  0  0  0  0  0
  -11.2500    1.2990    0.0000 C   0  0  0  0  0  0  0  0  0  0  0  0
  -12.0000   -0.0000    0.0000 O   0  0  0  0  0  0  0  0  0  0  0  0
  -11.2500   -1.2990    0.0000 C   0  0  0  0  0  0  0  0  0  0  0  0
   -9.7500   -1.2990    0.0000 C   0  0  0  0  0  0  0  0  0  0  0  0
   -6.7500   -1.2990    0.0000 C   0  0  0  0  0  0  0  0  0  0  0  0
   -5.2500   -1.2990    0.0000 C   0  0  0  0  0  0  0  0  0  0  0  0
   -0.7500    1.2990    0.0000 C   0  0  0  0  0  0  0  0  0  0  0  0
    0.7500    1.2990    0.0000 C   0  0  0  0  0  0  0  0  0  0  0  0
  1  2  2  0
  2  3  1  0
  2  4  1  0
  4  5  1  0
  5  6  1  0
  6  7  2  0
  6  8  1  0
  8  9  2  0
  9 10  1  0
 10 11  2  0
 11 12  1  0
 12 13  2  0
 12 14  2  0
 12 15  1  0
 15 16  1  0
 16 17  1  0
 17 18  1  0
 18 19  1  0
 19 20  1  0
 20 21  1  0
 21 22  1  0
 22 23  1  0
 23 24  1  0
 18 25  1  0
 25 26  1  0
 11 27  1  0
 27 28  2  0
 28  8  1  0
 26 15  1  0
 24 19  1  0
M  END

$$$$
",4.346787486224657
"CHEMBL5285627","O=C(O)CNC(=O)c1ccc(S(=O)(=O)N2CCC(c3ccc(F)cc3)CC2)cc1","
     RDKit          2D

 29 31  0  0  0  0  0  0  0  0999 V2000
    7.5000   -2.5981    0.0000 O   0  0  0  0  0  0  0  0  0  0  0  0
    6.0000   -2.5981    0.0000 C   0  0  0  0  0  0  0  0  0  0  0  0
    5.2500   -3.8971    0.0000 O   0  0  0  0  0  0  0  0  0  0  0  0
    5.2500   -1.2990    0.0000 C   0  0  0  0  0  0  0  0  0  0  0  0
    3.7500   -1.2990    0.0000 N   0  0  0  0  0  0  0  0  0  0  0  0
    3.0000    0.0000    0.0000 C   0  0  0  0  0  0  0  0  0  0  0  0
    3.7500    1.2990    0.0000 O   0  0  0  0  0  0  0  0  0  0  0  0
    1.5000    0.0000    0.0000 C   0  0  0  0  0  0  0  0  0  0  0  0
    0.7500   -1.2990    0.0000 C   0  0  0  0  0  0  0  0  0  0  0  0
   -0.7500   -1.2990    0.0000 C   0  0  0  0  0  0  0  0  0  0  0  0
   -1.5000    0.0000    0.0000 C   0  0  0  0  0  0  0  0  0  0  0  0
   -3.0000    0.0000    0.0000 S   0  0  0  0  0  0  0  0  0  0  0  0
   -3.0000    1.5000    0.0000 O   0  0  0  0  0  0  0  0  0  0  0  0
   -3.0000   -1.5000    0.0000 O   0  0  0  0  0  0  0  0  0  0  0  0
   -4.5000    0.0000    0.0000 N   0  0  0  0  0  0  0  0  0  0  0  0
   -5.2500    1.2990    0.0000 C   0  0  0  0  0  0  0  0  0  0  0  0
   -6.7500    1.2990    0.0000 C   0  0  0  0  0  0  0  0  0  0  0  0
   -7.5000    0.0000    0.0000 C   0  0  0  0  0  0  0  0  0  0  0  0
   -9.0000    0.0000    0.0000 C   0  0  0  0  0  0  0  0  0  0  0  0
   -9.7500    1.2990    0.0000 C   0  0  0  0  0  0  0  0  0  0  0  0
  -11.2500    1.2990    0.0000 C   0  0  0  0  0  0  0  0  0  0  0  0
  -12.0000   -0.0000    0.0000 C   0  0  0  0  0  0  0  0  0  0  0  0
  -13.5000   -0.0000    0.0000 F   0  0  0  0  0  0  0  0  0  0  0  0
  -11.2500   -1.2990    0.0000 C   0  0  0  0  0  0  0  0  0  0  0  0
   -9.7500   -1.2990    0.0000 C   0  0  0  0  0  0  0  0  0  0  0  0
   -6.7500   -1.2990    0.0000 C   0  0  0  0  0  0  0  0  0  0  0  0
   -5.2500   -1.2990    0.0000 C   0  0  0  0  0  0  0  0  0  0  0  0
   -0.7500    1.2990    0.0000 C   0  0  0  0  0  0  0  0  0  0  0  0
    0.7500    1.2990    0.0000 C   0  0  0  0  0  0  0  0  0  0  0  0
  1  2  2  0
  2  3  1  0
  2  4  1  0
  4  5  1  0
  5  6  1  0
  6  7  2  0
  6  8  1  0
  8  9  2  0
  9 10  1  0
 10 11  2  0
 11 12  1  0
 12 13  2  0
 12 14  2  0
 12 15  1  0
 15 16  1  0
 16 17  1  0
 17 18  1  0
 18 19  1  0
 19 20  2  0
 20 21  1  0
 21 22  2  0
 22 23  1  0
 22 24  1  0
 24 25  2  0
 18 26  1  0
 26 27  1  0
 11 28  1  0
 28 29  2  0
 29  8  1  0
 27 15  1  0
 25 19  1  0
M  END

$$$$
",4.638272163982408
"CHEMBL5274675","O=C(O)CNC(=O)c1ccc(S(=O)(=O)N2CCC(c3cccc(C(F)(F)F)c3)CC2)cc1","
     RDKit          2D

 32 34  0  0  0  0  0  0  0  0999 V2000
    7.5000   -2.5981    0.0000 O   0  0  0  0  0  0  0  0  0  0  0  0
    6.0000   -2.5981    0.0000 C   0  0  0  0  0  0  0  0  0  0  0  0
    5.2500   -3.8971    0.0000 O   0  0  0  0  0  0  0  0  0  0  0  0
    5.2500   -1.2990    0.0000 C   0  0  0  0  0  0  0  0  0  0  0  0
    3.7500   -1.2990    0.0000 N   0  0  0  0  0  0  0  0  0  0  0  0
    3.0000    0.0000    0.0000 C   0  0  0  0  0  0  0  0  0  0  0  0
    3.7500    1.2990    0.0000 O   0  0  0  0  0  0  0  0  0  0  0  0
    1.5000    0.0000    0.0000 C   0  0  0  0  0  0  0  0  0  0  0  0
    0.7500   -1.2990    0.0000 C   0  0  0  0  0  0  0  0  0  0  0  0
   -0.7500   -1.2990    0.0000 C   0  0  0  0  0  0  0  0  0  0  0  0
   -1.5000    0.0000    0.0000 C   0  0  0  0  0  0  0  0  0  0  0  0
   -3.0000    0.0000    0.0000 S   0  0  0  0  0  0  0  0  0  0  0  0
   -3.0000    1.5000    0.0000 O   0  0  0  0  0  0  0  0  0  0  0  0
   -3.0000   -1.5000    0.0000 O   0  0  0  0  0  0  0  0  0  0  0  0
   -4.5000    0.0000    0.0000 N   0  0  0  0  0  0  0  0  0  0  0  0
   -5.2500    1.2990    0.0000 C   0  0  0  0  0  0  0  0  0  0  0  0
   -6.7500    1.2990    0.0000 C   0  0  0  0  0  0  0  0  0  0  0  0
   -7.5000    0.0000    0.0000 C   0  0  0  0  0  0  0  0  0  0  0  0
   -9.0000    0.0000    0.0000 C   0  0  0  0  0  0  0  0  0  0  0  0
   -9.7500    1.2990    0.0000 C   0  0  0  0  0  0  0  0  0  0  0  0
  -11.2500    1.2990    0.0000 C   0  0  0  0  0  0  0  0  0  0  0  0
  -12.0000   -0.0000    0.0000 C   0  0  0  0  0  0  0  0  0  0  0  0
  -11.2500   -1.2990    0.0000 C   0  0  0  0  0  0  0  0  0  0  0  0
  -12.0000   -2.5981    0.0000 C   0  0  0  0  0  0  0  0  0  0  0  0
  -12.7500   -3.8971    0.0000 F   0  0  0  0  0  0  0  0  0  0  0  0
  -13.2990   -1.8481    0.0000 F   0  0  0  0  0  0  0  0  0  0  0  0
  -10.7010   -3.3481    0.0000 F   0  0  0  0  0  0  0  0  0  0  0  0
   -9.7500   -1.2990    0.0000 C   0  0  0  0  0  0  0  0  0  0  0  0
   -6.7500   -1.2990    0.0000 C   0  0  0  0  0  0  0  0  0  0  0  0
   -5.2500   -1.2990    0.0000 C   0  0  0  0  0  0  0  0  0  0  0  0
   -0.7500    1.2990    0.0000 C   0  0  0  0  0  0  0  0  0  0  0  0
    0.7500    1.2990    0.0000 C   0  0  0  0  0  0  0  0  0  0  0  0
  1  2  2  0
  2  3  1  0
  2  4  1  0
  4  5  1  0
  5  6  1  0
  6  7  2  0
  6  8  1  0
  8  9  2  0
  9 10  1  0
 10 11  2  0
 11 12  1  0
 12 13  2  0
 12 14  2  0
 12 15  1  0
 15 16  1  0
 16 17  1  0
 17 18  1  0
 18 19  1  0
 19 20  2  0
 20 21  1  0
 21 22  2  0
 22 23  1  0
 23 24  1  0
 24 25  1  0
 24 26  1  0
 24 27  1  0
 23 28  2  0
 18 29  1  0
 29 30  1  0
 11 31  1  0
 31 32  2  0
 32  8  1  0
 30 15  1  0
 28 19  1  0
M  END

$$$$
",4.102372908709559
"CHEMBL5288864","Cc1cc(S(=O)(=O)N2CCC(c3ccccc3)CC2)ccc1C(=O)NCC(=O)O","
     RDKit          2D

 29 31  0  0  0  0  0  0  0  0999 V2000
    3.0000    0.0000    0.0000 C   0  0  0  0  0  0  0  0  0  0  0  0
    1.5000    0.0000    0.0000 C   0  0  0  0  0  0  0  0  0  0  0  0
    0.7500   -1.2990    0.0000 C   0  0  0  0  0  0  0  0  0  0  0  0
   -0.7500   -1.2990    0.0000 C   0  0  0  0  0  0  0  0  0  0  0  0
   -1.5000   -2.5981    0.0000 S   0  0  0  0  0  0  0  0  0  0  0  0
   -2.7990   -1.8481    0.0000 O   0  0  0  0  0  0  0  0  0  0  0  0
   -0.2010   -3.3481    0.0000 O   0  0  0  0  0  0  0  0  0  0  0  0
   -2.2500   -3.8971    0.0000 N   0  0  0  0  0  0  0  0  0  0  0  0
   -3.7500   -3.8971    0.0000 C   0  0  0  0  0  0  0  0  0  0  0  0
   -4.5000   -5.1962    0.0000 C   0  0  0  0  0  0  0  0  0  0  0  0
   -3.7500   -6.4952    0.0000 C   0  0  0  0  0  0  0  0  0  0  0  0
   -4.5000   -7.7942    0.0000 C   0  0  0  0  0  0  0  0  0  0  0  0
   -6.0000   -7.7942    0.0000 C   0  0  0  0  0  0  0  0  0  0  0  0
   -6.7500   -9.0933    0.0000 C   0  0  0  0  0  0  0  0  0  0  0  0
   -6.0000  -10.3923    0.0000 C   0  0  0  0  0  0  0  0  0  0  0  0
   -4.5000  -10.3923    0.0000 C   0  0  0  0  0  0  0  0  0  0  0  0
   -3.7500   -9.0933    0.0000 C   0  0  0  0  0  0  0  0  0  0  0  0
   -2.2500   -6.4952    0.0000 C   0  0  0  0  0  0  0  0  0  0  0  0
   -1.5000   -5.1962    0.0000 C   0  0  0  0  0  0  0  0  0  0  0  0
   -1.5000    0.0000    0.0000 C   0  0  0  0  0  0  0  0  0  0  0  0
   -0.7500    1.2990    0.0000 C   0  0  0  0  0  0  0  0  0  0  0  0
    0.7500    1.2990    0.0000 C   0  0  0  0  0  0  0  0  0  0  0  0
    1.5000    2.5981    0.0000 C   0  0  0  0  0  0  0  0  0  0  0  0
    3.0000    2.5981    0.0000 O   0  0  0  0  0  0  0  0  0  0  0  0
    0.7500    3.8971    0.0000 N   0  0  0  0  0  0  0  0  0  0  0  0
    1.5000    5.1962    0.0000 C   0  0  0  0  0  0  0  0  0  0  0  0
    0.7500    6.4952    0.0000 C   0  0  0  0  0  0  0  0  0  0  0  0
    1.5000    7.7942    0.0000 O   0  0  0  0  0  0  0  0  0  0  0  0
   -0.7500    6.4952    0.0000 O   0  0  0  0  0  0  0  0  0  0  0  0
  1  2  1  0
  2  3  2  0
  3  4  1  0
  4  5  1  0
  5  6  2  0
  5  7  2  0
  5  8  1  0
  8  9  1  0
  9 10  1  0
 10 11  1  0
 11 12  1  0
 12 13  2  0
 13 14  1  0
 14 15  2  0
 15 16  1  0
 16 17  2  0
 11 18  1  0
 18 19  1  0
  4 20  2  0
 20 21  1  0
 21 22  2  0
 22 23  1  0
 23 24  2  0
 23 25  1  0
 25 26  1  0
 26 27  1  0
 27 28  2  0
 27 29  1  0
 22  2  1  0
 19  8  1  0
 17 12  1  0
M  END

$$$$
",3.000000000000001
"CHEMBL5276984","Cn1cc(S(=O)(=O)N2CCC(c3ccccc3)CC2)cc1C(=O)NCC(=O)O","
     RDKit          2D

 28 30  0  0  0  0  0  0  0  0999 V2000
    5.4240   -6.1312    0.0000 C   0  0  0  0  0  0  0  0  0  0  0  0
    4.0537   -5.5211    0.0000 N   0  0  0  0  0  0  0  0  0  0  0  0
    3.7418   -4.0539    0.0000 C   0  0  0  0  0  0  0  0  0  0  0  0
    2.2500   -3.8971    0.0000 C   0  0  0  0  0  0  0  0  0  0  0  0
    1.5000   -2.5981    0.0000 S   0  0  0  0  0  0  0  0  0  0  0  0
    2.7990   -1.8481    0.0000 O   0  0  0  0  0  0  0  0  0  0  0  0
    0.2010   -3.3481    0.0000 O   0  0  0  0  0  0  0  0  0  0  0  0
    0.7500   -1.2990    0.0000 N   0  0  0  0  0  0  0  0  0  0  0  0
    1.5000    0.0000    0.0000 C   0  0  0  0  0  0  0  0  0  0  0  0
    0.7500    1.2990    0.0000 C   0  0  0  0  0  0  0  0  0  0  0  0
   -0.7500    1.2990    0.0000 C   0  0  0  0  0  0  0  0  0  0  0  0
   -1.5000    2.5981    0.0000 C   0  0  0  0  0  0  0  0  0  0  0  0
   -0.7500    3.8971    0.0000 C   0  0  0  0  0  0  0  0  0  0  0  0
   -1.5000    5.1962    0.0000 C   0  0  0  0  0  0  0  0  0  0  0  0
   -3.0000    5.1962    0.0000 C   0  0  0  0  0  0  0  0  0  0  0  0
   -3.7500    3.8971    0.0000 C   0  0  0  0  0  0  0  0  0  0  0  0
   -3.0000    2.5981    0.0000 C   0  0  0  0  0  0  0  0  0  0  0  0
   -1.5000    0.0000    0.0000 C   0  0  0  0  0  0  0  0  0  0  0  0
   -0.7500   -1.2990    0.0000 C   0  0  0  0  0  0  0  0  0  0  0  0
    1.6399   -5.2674    0.0000 C   0  0  0  0  0  0  0  0  0  0  0  0
    2.7546   -6.2711    0.0000 C   0  0  0  0  0  0  0  0  0  0  0  0
    2.5978   -7.7629    0.0000 C   0  0  0  0  0  0  0  0  0  0  0  0
    3.8113   -8.6446    0.0000 O   0  0  0  0  0  0  0  0  0  0  0  0
    1.2275   -8.3730    0.0000 N   0  0  0  0  0  0  0  0  0  0  0  0
    1.0707   -9.8648    0.0000 C   0  0  0  0  0  0  0  0  0  0  0  0
   -0.2996  -10.4749    0.0000 C   0  0  0  0  0  0  0  0  0  0  0  0
   -0.4564  -11.9667    0.0000 O   0  0  0  0  0  0  0  0  0  0  0  0
   -1.5131   -9.5932    0.0000 O   0  0  0  0  0  0  0  0  0  0  0  0
  1  2  1  0
  2  3  1  0
  3  4  2  0
  4  5  1  0
  5  6  2  0
  5  7  2  0
  5  8  1  0
  8  9  1  0
  9 10  1  0
 10 11  1  0
 11 12  1  0
 12 13  2  0
 13 14  1  0
 14 15  2  0
 15 16  1  0
 16 17  2  0
 11 18  1  0
 18 19  1  0
  4 20  1  0
 20 21  2  0
 21 22  1  0
 22 23  2  0
 22 24  1  0
 24 25  1  0
 25 26  1  0
 26 27  2  0
 26 28  1  0
 21  2  1  0
 19  8  1  0
 17 12  1  0
M  END

$$$$
",3.8239087409443195
"CHEMBL5278336","O=C(O)CNC(=O)c1ccc(S(=O)(=O)N2CCC(c3ccc(Cl)cc3)CC2)cn1","
     RDKit          2D

 29 31  0  0  0  0  0  0  0  0999 V2000
    7.5000   -2.5981    0.0000 O   0  0  0  0  0  0  0  0  0  0  0  0
    6.0000   -2.5981    0.0000 C   0  0  0  0  0  0  0  0  0  0  0  0
    5.2500   -3.8971    0.0000 O   0  0  0  0  0  0  0  0  0  0  0  0
    5.2500   -1.2990    0.0000 C   0  0  0  0  0  0  0  0  0  0  0  0
    3.7500   -1.2990    0.0000 N   0  0  0  0  0  0  0  0  0  0  0  0
    3.0000    0.0000    0.0000 C   0  0  0  0  0  0  0  0  0  0  0  0
    3.7500    1.2990    0.0000 O   0  0  0  0  0  0  0  0  0  0  0  0
    1.5000    0.0000    0.0000 C   0  0  0  0  0  0  0  0  0  0  0  0
    0.7500   -1.2990    0.0000 C   0  0  0  0  0  0  0  0  0  0  0  0
   -0.7500   -1.2990    0.0000 C   0  0  0  0  0  0  0  0  0  0  0  0
   -1.5000    0.0000    0.0000 C   0  0  0  0  0  0  0  0  0  0  0  0
   -3.0000    0.0000    0.0000 S   0  0  0  0  0  0  0  0  0  0  0  0
   -3.0000    1.5000    0.0000 O   0  0  0  0  0  0  0  0  0  0  0  0
   -3.0000   -1.5000    0.0000 O   0  0  0  0  0  0  0  0  0  0  0  0
   -4.5000    0.0000    0.0000 N   0  0  0  0  0  0  0  0  0  0  0  0
   -5.2500    1.2990    0.0000 C   0  0  0  0  0  0  0  0  0  0  0  0
   -6.7500    1.2990    0.0000 C   0  0  0  0  0  0  0  0  0  0  0  0
   -7.5000    0.0000    0.0000 C   0  0  0  0  0  0  0  0  0  0  0  0
   -9.0000    0.0000    0.0000 C   0  0  0  0  0  0  0  0  0  0  0  0
   -9.7500    1.2990    0.0000 C   0  0  0  0  0  0  0  0  0  0  0  0
  -11.2500    1.2990    0.0000 C   0  0  0  0  0  0  0  0  0  0  0  0
  -12.0000   -0.0000    0.0000 C   0  0  0  0  0  0  0  0  0  0  0  0
  -13.5000   -0.0000    0.0000 Cl  0  0  0  0  0  0  0  0  0  0  0  0
  -11.2500   -1.2990    0.0000 C   0  0  0  0  0  0  0  0  0  0  0  0
   -9.7500   -1.2990    0.0000 C   0  0  0  0  0  0  0  0  0  0  0  0
   -6.7500   -1.2990    0.0000 C   0  0  0  0  0  0  0  0  0  0  0  0
   -5.2500   -1.2990    0.0000 C   0  0  0  0  0  0  0  0  0  0  0  0
   -0.7500    1.2990    0.0000 C   0  0  0  0  0  0  0  0  0  0  0  0
    0.7500    1.2990    0.0000 N   0  0  0  0  0  0  0  0  0  0  0  0
  1  2  2  0
  2  3  1  0
  2  4  1  0
  4  5  1  0
  5  6  1  0
  6  7  2  0
  6  8  1  0
  8  9  2  0
  9 10  1  0
 10 11  2  0
 11 12  1  0
 12 13  2  0
 12 14  2  0
 12 15  1  0
 15 16  1  0
 16 17  1  0
 17 18  1  0
 18 19  1  0
 19 20  2  0
 20 21  1  0
 21 22  2  0
 22 23  1  0
 22 24  1  0
 24 25  2  0
 18 26  1  0
 26 27  1  0
 11 28  1  0
 28 29  2  0
 29  8  1  0
 27 15  1  0
 25 19  1  0
M  END

$$$$
",5.552841968657781
"CHEMBL5282232","O=C(O)CNC(=O)c1ccc(S(=O)(=O)N2CCC(c3ccccc3)CC2)o1","
     RDKit          2D

 27 29  0  0  0  0  0  0  0  0999 V2000
   -0.4564  -11.9667    0.0000 O   0  0  0  0  0  0  0  0  0  0  0  0
   -0.2996  -10.4749    0.0000 C   0  0  0  0  0  0  0  0  0  0  0  0
   -1.5131   -9.5932    0.0000 O   0  0  0  0  0  0  0  0  0  0  0  0
    1.0707   -9.8648    0.0000 C   0  0  0  0  0  0  0  0  0  0  0  0
    1.2275   -8.3730    0.0000 N   0  0  0  0  0  0  0  0  0  0  0  0
    2.5978   -7.7629    0.0000 C   0  0  0  0  0  0  0  0  0  0  0  0
    3.8113   -8.6446    0.0000 O   0  0  0  0  0  0  0  0  0  0  0  0
    2.7546   -6.2711    0.0000 C   0  0  0  0  0  0  0  0  0  0  0  0
    4.0537   -5.5211    0.0000 C   0  0  0  0  0  0  0  0  0  0  0  0
    3.7418   -4.0539    0.0000 C   0  0  0  0  0  0  0  0  0  0  0  0
    2.2500   -3.8971    0.0000 C   0  0  0  0  0  0  0  0  0  0  0  0
    1.5000   -2.5981    0.0000 S   0  0  0  0  0  0  0  0  0  0  0  0
    2.7990   -1.8481    0.0000 O   0  0  0  0  0  0  0  0  0  0  0  0
    0.2010   -3.3481    0.0000 O   0  0  0  0  0  0  0  0  0  0  0  0
    0.7500   -1.2990    0.0000 N   0  0  0  0  0  0  0  0  0  0  0  0
    1.5000    0.0000    0.0000 C   0  0  0  0  0  0  0  0  0  0  0  0
    0.7500    1.2990    0.0000 C   0  0  0  0  0  0  0  0  0  0  0  0
   -0.7500    1.2990    0.0000 C   0  0  0  0  0  0  0  0  0  0  0  0
   -1.5000    2.5981    0.0000 C   0  0  0  0  0  0  0  0  0  0  0  0
   -0.7500    3.8971    0.0000 C   0  0  0  0  0  0  0  0  0  0  0  0
   -1.5000    5.1962    0.0000 C   0  0  0  0  0  0  0  0  0  0  0  0
   -3.0000    5.1962    0.0000 C   0  0  0  0  0  0  0  0  0  0  0  0
   -3.7500    3.8971    0.0000 C   0  0  0  0  0  0  0  0  0  0  0  0
   -3.0000    2.5981    0.0000 C   0  0  0  0  0  0  0  0  0  0  0  0
   -1.5000    0.0000    0.0000 C   0  0  0  0  0  0  0  0  0  0  0  0
   -0.7500   -1.2990    0.0000 C   0  0  0  0  0  0  0  0  0  0  0  0
    1.6399   -5.2674    0.0000 O   0  0  0  0  0  0  0  0  0  0  0  0
  1  2  2  0
  2  3  1  0
  2  4  1  0
  4  5  1  0
  5  6  1  0
  6  7  2  0
  6  8  1  0
  8  9  2  0
  9 10  1  0
 10 11  2  0
 11 12  1  0
 12 13  2  0
 12 14  2  0
 12 15  1  0
 15 16  1  0
 16 17  1  0
 17 18  1  0
 18 19  1  0
 19 20  2  0
 20 21  1  0
 21 22  2  0
 22 23  1  0
 23 24  2  0
 18 25  1  0
 25 26  1  0
 11 27  1  0
 27  8  1  0
 26 15  1  0
 24 19  1  0
M  END

$$$$
",4.1487416512809245
"CHEMBL5410606","COc1ccccc1CNC(=O)Cn1c(CCC(=O)O)nc2c(Cl)cccc2c1=O","
     RDKit          2D

 30 32  0  0  0  0  0  0  0  0999 V2000
   -3.0000  -10.3923    0.0000 C   0  0  0  0  0  0  0  0  0  0  0  0
   -3.7500   -9.0933    0.0000 O   0  0  0  0  0  0  0  0  0  0  0  0
   -5.2500   -9.0933    0.0000 C   0  0  0  0  0  0  0  0  0  0  0  0
   -6.0000  -10.3923    0.0000 C   0  0  0  0  0  0  0  0  0  0  0  0
   -7.5000  -10.3923    0.0000 C   0  0  0  0  0  0  0  0  0  0  0  0
   -8.2500   -9.0933    0.0000 C   0  0  0  0  0  0  0  0  0  0  0  0
   -7.5000   -7.7942    0.0000 C   0  0  0  0  0  0  0  0  0  0  0  0
   -6.0000   -7.7942    0.0000 C   0  0  0  0  0  0  0  0  0  0  0  0
   -5.2500   -6.4952    0.0000 C   0  0  0  0  0  0  0  0  0  0  0  0
   -3.7500   -6.4952    0.0000 N   0  0  0  0  0  0  0  0  0  0  0  0
   -3.0000   -5.1962    0.0000 C   0  0  0  0  0  0  0  0  0  0  0  0
   -3.7500   -3.8971    0.0000 O   0  0  0  0  0  0  0  0  0  0  0  0
   -1.5000   -5.1962    0.0000 C   0  0  0  0  0  0  0  0  0  0  0  0
   -0.7500   -3.8971    0.0000 N   0  0  0  0  0  0  0  0  0  0  0  0
    0.7500   -3.8971    0.0000 C   0  0  0  0  0  0  0  0  0  0  0  0
    1.5000   -5.1962    0.0000 C   0  0  0  0  0  0  0  0  0  0  0  0
    0.7500   -6.4952    0.0000 C   0  0  0  0  0  0  0  0  0  0  0  0
    1.5000   -7.7942    0.0000 C   0  0  0  0  0  0  0  0  0  0  0  0
    0.7500   -9.0933    0.0000 O   0  0  0  0  0  0  0  0  0  0  0  0
    3.0000   -7.7942    0.0000 O   0  0  0  0  0  0  0  0  0  0  0  0
    1.5000   -2.5981    0.0000 N   0  0  0  0  0  0  0  0  0  0  0  0
    0.7500   -1.2990    0.0000 C   0  0  0  0  0  0  0  0  0  0  0  0
    1.5000    0.0000    0.0000 C   0  0  0  0  0  0  0  0  0  0  0  0
    3.0000    0.0000    0.0000 Cl  0  0  0  0  0  0  0  0  0  0  0  0
    0.7500    1.2990    0.0000 C   0  0  0  0  0  0  0  0  0  0  0  0
   -0.7500    1.2990    0.0000 C   0  0  0  0  0  0  0  0  0  0  0  0
   -1.5000    0.0000    0.0000 C   0  0  0  0  0  0  0  0  0  0  0  0
   -0.7500   -1.2990    0.0000 C   0  0  0  0  0  0  0  0  0  0  0  0
   -1.5000   -2.5981    0.0000 C   0  0  0  0  0  0  0  0  0  0  0  0
   -3.0000   -2.5981    0.0000 O   0  0  0  0  0  0  0  0  0  0  0  0
  1  2  1  0
  2  3  1  0
  3  4  2  0
  4  5  1  0
  5  6  2  0
  6  7  1  0
  7  8  2  0
  8  9  1  0
  9 10  1  0
 10 11  1  0
 11 12  2  0
 11 13  1  0
 13 14  1  0
 14 15  1  0
 15 16  1  0
 16 17  1  0
 17 18  1  0
 18 19  2  0
 18 20  1  0
 15 21  2  0
 21 22  1  0
 22 23  2  0
 23 24  1  0
 23 25  1  0
 25 26  2  0
 26 27  1  0
 27 28  2  0
 28 29  1  0
 29 30  2  0
  8  3  1  0
 29 14  1  0
 28 22  1  0
M  END

$$$$
",5.346787486224656
"CHEMBL4442518","O=C(O)CCc1nnc(-c2ccccc2)o1","
     RDKit          2D

 16 17  0  0  0  0  0  0  0  0999 V2000
   -1.0496   -9.1759    0.0000 O   0  0  0  0  0  0  0  0  0  0  0  0
    0.3207   -8.5658    0.0000 C   0  0  0  0  0  0  0  0  0  0  0  0
    1.5342   -9.4474    0.0000 O   0  0  0  0  0  0  0  0  0  0  0  0
    0.4775   -7.0740    0.0000 C   0  0  0  0  0  0  0  0  0  0  0  0
    1.8478   -6.4639    0.0000 C   0  0  0  0  0  0  0  0  0  0  0  0
    2.0046   -4.9721    0.0000 C   0  0  0  0  0  0  0  0  0  0  0  0
    3.3037   -4.2221    0.0000 N   0  0  0  0  0  0  0  0  0  0  0  0
    2.9918   -2.7549    0.0000 N   0  0  0  0  0  0  0  0  0  0  0  0
    1.5000   -2.5981    0.0000 C   0  0  0  0  0  0  0  0  0  0  0  0
    0.7500   -1.2990    0.0000 C   0  0  0  0  0  0  0  0  0  0  0  0
    1.5000    0.0000    0.0000 C   0  0  0  0  0  0  0  0  0  0  0  0
    0.7500    1.2990    0.0000 C   0  0  0  0  0  0  0  0  0  0  0  0
   -0.7500    1.2990    0.0000 C   0  0  0  0  0  0  0  0  0  0  0  0
   -1.5000    0.0000    0.0000 C   0  0  0  0  0  0  0  0  0  0  0  0
   -0.7500   -1.2990    0.0000 C   0  0  0  0  0  0  0  0  0  0  0  0
    0.8899   -3.9684    0.0000 O   0  0  0  0  0  0  0  0  0  0  0  0
  1  2  2  0
  2  3  1  0
  2  4  1  0
  4  5  1  0
  5  6  1  0
  6  7  2  0
  7  8  1  0
  8  9  2  0
  9 10  1  0
 10 11  2  0
 11 12  1  0
 12 13  2  0
 13 14  1  0
 14 15  2  0
  9 16  1  0
 16  6  1  0
 15 10  1  0
M  END

$$$$
",3.431798275933005
"CHEMBL4463491","O=C(O)CCC(=O)c1cccs1","
     RDKit          2D

 12 12  0  0  0  0  0  0  0  0999 V2000
    7.2760   -2.5981    0.0000 O   0  0  0  0  0  0  0  0  0  0  0  0
    5.7760   -2.5981    0.0000 C   0  0  0  0  0  0  0  0  0  0  0  0
    5.0260   -3.8971    0.0000 O   0  0  0  0  0  0  0  0  0  0  0  0
    5.0260   -1.2990    0.0000 C   0  0  0  0  0  0  0  0  0  0  0  0
    3.5260   -1.2990    0.0000 C   0  0  0  0  0  0  0  0  0  0  0  0
    2.7760    0.0000    0.0000 C   0  0  0  0  0  0  0  0  0  0  0  0
    3.5260    1.2990    0.0000 O   0  0  0  0  0  0  0  0  0  0  0  0
    1.2760    0.0000    0.0000 C   0  0  0  0  0  0  0  0  0  0  0  0
    0.3943    1.2135    0.0000 C   0  0  0  0  0  0  0  0  0  0  0  0
   -1.0323    0.7500    0.0000 C   0  0  0  0  0  0  0  0  0  0  0  0
   -1.0323   -0.7500    0.0000 C   0  0  0  0  0  0  0  0  0  0  0  0
    0.3943   -1.2135    0.0000 S   0  0  0  0  0  0  0  0  0  0  0  0
  1  2  2  0
  2  3  1  0
  2  4  1  0
  4  5  1  0
  5  6  1  0
  6  7  2  0
  6  8  1  0
  8  9  2  0
  9 10  1  0
 10 11  2  0
 11 12  1  0
 12  8  1  0
M  END

$$$$
",3.075720713938119
"CHEMBL4455129","COc1cc2oc(=O)cc(C)c2cc1CCC(=O)O","
     RDKit          2D

 19 20  0  0  0  0  0  0  0  0999 V2000
    3.7500   -1.2990    0.0000 C   0  0  0  0  0  0  0  0  0  0  0  0
    3.0000    0.0000    0.0000 O   0  0  0  0  0  0  0  0  0  0  0  0
    1.5000    0.0000    0.0000 C   0  0  0  0  0  0  0  0  0  0  0  0
    0.7500   -1.2990    0.0000 C   0  0  0  0  0  0  0  0  0  0  0  0
   -0.7500   -1.2990    0.0000 C   0  0  0  0  0  0  0  0  0  0  0  0
   -1.5000   -2.5981    0.0000 O   0  0  0  0  0  0  0  0  0  0  0  0
   -3.0000   -2.5981    0.0000 C   0  0  0  0  0  0  0  0  0  0  0  0
   -3.7500   -3.8971    0.0000 O   0  0  0  0  0  0  0  0  0  0  0  0
   -3.7500   -1.2990    0.0000 C   0  0  0  0  0  0  0  0  0  0  0  0
   -3.0000    0.0000    0.0000 C   0  0  0  0  0  0  0  0  0  0  0  0
   -3.7500    1.2990    0.0000 C   0  0  0  0  0  0  0  0  0  0  0  0
   -1.5000    0.0000    0.0000 C   0  0  0  0  0  0  0  0  0  0  0  0
   -0.7500    1.2990    0.0000 C   0  0  0  0  0  0  0  0  0  0  0  0
    0.7500    1.2990    0.0000 C   0  0  0  0  0  0  0  0  0  0  0  0
    1.5000    2.5981    0.0000 C   0  0  0  0  0  0  0  0  0  0  0  0
    0.7500    3.8971    0.0000 C   0  0  0  0  0  0  0  0  0  0  0  0
    1.5000    5.1962    0.0000 C   0  0  0  0  0  0  0  0  0  0  0  0
    0.7500    6.4952    0.0000 O   0  0  0  0  0  0  0  0  0  0  0  0
    3.0000    5.1962    0.0000 O   0  0  0  0  0  0  0  0  0  0  0  0
  1  2  1  0
  2  3  1  0
  3  4  2  0
  4  5  1  0
  5  6  1  0
  6  7  1  0
  7  8  2  0
  7  9  1  0
  9 10  2  0
 10 11  1  0
 10 12  1  0
 12 13  1  0
 13 14  2  0
 14 15  1  0
 15 16  1  0
 16 17  1  0
 17 18  2  0
 17 19  1  0
 14  3  1  0
 12  5  2  0
M  END

$$$$
",3.6020599913279634
"CHEMBL4446091","Cc1cccc2c(=O)n(CC(=O)O)cnc12","
     RDKit          2D

 16 17  0  0  0  0  0  0  0  0999 V2000
    3.0000    0.0000    0.0000 C   0  0  0  0  0  0  0  0  0  0  0  0
    1.5000    0.0000    0.0000 C   0  0  0  0  0  0  0  0  0  0  0  0
    0.7500   -1.2990    0.0000 C   0  0  0  0  0  0  0  0  0  0  0  0
   -0.7500   -1.2990    0.0000 C   0  0  0  0  0  0  0  0  0  0  0  0
   -1.5000    0.0000    0.0000 C   0  0  0  0  0  0  0  0  0  0  0  0
   -0.7500    1.2990    0.0000 C   0  0  0  0  0  0  0  0  0  0  0  0
   -1.5000    2.5981    0.0000 C   0  0  0  0  0  0  0  0  0  0  0  0
   -3.0000    2.5981    0.0000 O   0  0  0  0  0  0  0  0  0  0  0  0
   -0.7500    3.8971    0.0000 N   0  0  0  0  0  0  0  0  0  0  0  0
   -1.5000    5.1962    0.0000 C   0  0  0  0  0  0  0  0  0  0  0  0
   -0.7500    6.4952    0.0000 C   0  0  0  0  0  0  0  0  0  0  0  0
   -1.5000    7.7942    0.0000 O   0  0  0  0  0  0  0  0  0  0  0  0
    0.7500    6.4952    0.0000 O   0  0  0  0  0  0  0  0  0  0  0  0
    0.7500    3.8971    0.0000 C   0  0  0  0  0  0  0  0  0  0  0  0
    1.5000    2.5981    0.0000 N   0  0  0  0  0  0  0  0  0  0  0  0
    0.7500    1.2990    0.0000 C   0  0  0  0  0  0  0  0  0  0  0  0
  1  2  1  0
  2  3  2  0
  3  4  1  0
  4  5  2  0
  5  6  1  0
  6  7  1  0
  7  8  2  0
  7  9  1  0
  9 10  1  0
 10 11  1  0
 11 12  2  0
 11 13  1  0
  9 14  1  0
 14 15  2  0
 15 16  1  0
 16  2  1  0
 16  6  2  0
M  END

$$$$
",3.309803919971487
"CHEMBL4435581","O=C(O)CCC(=O)c1ccc2c(c1)CCC(=O)N2","
     RDKit          2D

 18 19  0  0  0  0  0  0  0  0999 V2000
    7.5000   -2.5981    0.0000 O   0  0  0  0  0  0  0  0  0  0  0  0
    6.0000   -2.5981    0.0000 C   0  0  0  0  0  0  0  0  0  0  0  0
    5.2500   -3.8971    0.0000 O   0  0  0  0  0  0  0  0  0  0  0  0
    5.2500   -1.2990    0.0000 C   0  0  0  0  0  0  0  0  0  0  0  0
    3.7500   -1.2990    0.0000 C   0  0  0  0  0  0  0  0  0  0  0  0
    3.0000    0.0000    0.0000 C   0  0  0  0  0  0  0  0  0  0  0  0
    3.7500    1.2990    0.0000 O   0  0  0  0  0  0  0  0  0  0  0  0
    1.5000    0.0000    0.0000 C   0  0  0  0  0  0  0  0  0  0  0  0
    0.7500   -1.2990    0.0000 C   0  0  0  0  0  0  0  0  0  0  0  0
   -0.7500   -1.2990    0.0000 C   0  0  0  0  0  0  0  0  0  0  0  0
   -1.5000    0.0000    0.0000 C   0  0  0  0  0  0  0  0  0  0  0  0
   -0.7500    1.2990    0.0000 C   0  0  0  0  0  0  0  0  0  0  0  0
    0.7500    1.2990    0.0000 C   0  0  0  0  0  0  0  0  0  0  0  0
   -1.5000    2.5981    0.0000 C   0  0  0  0  0  0  0  0  0  0  0  0
   -3.0000    2.5981    0.0000 C   0  0  0  0  0  0  0  0  0  0  0  0
   -3.7500    1.2990    0.0000 C   0  0  0  0  0  0  0  0  0  0  0  0
   -5.2500    1.2990    0.0000 O   0  0  0  0  0  0  0  0  0  0  0  0
   -3.0000    0.0000    0.0000 N   0  0  0  0  0  0  0  0  0  0  0  0
  1  2  2  0
  2  3  1  0
  2  4  1  0
  4  5  1  0
  5  6  1  0
  6  7  2  0
  6  8  1  0
  8  9  2  0
  9 10  1  0
 10 11  2  0
 11 12  1  0
 12 13  2  0
 12 14  1  0
 14 15  1  0
 15 16  1  0
 16 17  2  0
 16 18  1  0
 13  8  1  0
 18 11  1  0
M  END

$$$$
",3.721246399047171
"CHEMBL4440506","CC(C)c1ccc(C(=O)CCC(=O)O)cc1","
     RDKit          2D

 16 16  0  0  0  0  0  0  0  0999 V2000
    3.7500   -1.2990    0.0000 C   0  0  0  0  0  0  0  0  0  0  0  0
    3.0000    0.0000    0.0000 C   0  0  0  0  0  0  0  0  0  0  0  0
    3.7500    1.2990    0.0000 C   0  0  0  0  0  0  0  0  0  0  0  0
    1.5000    0.0000    0.0000 C   0  0  0  0  0  0  0  0  0  0  0  0
    0.7500   -1.2990    0.0000 C   0  0  0  0  0  0  0  0  0  0  0  0
   -0.7500   -1.2990    0.0000 C   0  0  0  0  0  0  0  0  0  0  0  0
   -1.5000    0.0000    0.0000 C   0  0  0  0  0  0  0  0  0  0  0  0
   -3.0000    0.0000    0.0000 C   0  0  0  0  0  0  0  0  0  0  0  0
   -3.7500   -1.2990    0.0000 O   0  0  0  0  0  0  0  0  0  0  0  0
   -3.7500    1.2990    0.0000 C   0  0  0  0  0  0  0  0  0  0  0  0
   -5.2500    1.2990    0.0000 C   0  0  0  0  0  0  0  0  0  0  0  0
   -6.0000    2.5981    0.0000 C   0  0  0  0  0  0  0  0  0  0  0  0
   -7.5000    2.5981    0.0000 O   0  0  0  0  0  0  0  0  0  0  0  0
   -5.2500    3.8971    0.0000 O   0  0  0  0  0  0  0  0  0  0  0  0
   -0.7500    1.2990    0.0000 C   0  0  0  0  0  0  0  0  0  0  0  0
    0.7500    1.2990    0.0000 C   0  0  0  0  0  0  0  0  0  0  0  0
  1  2  1  0
  2  3  1  0
  2  4  1  0
  4  5  2  0
  5  6  1  0
  6  7  2  0
  7  8  1  0
  8  9  2  0
  8 10  1  0
 10 11  1  0
 11 12  1  0
 12 13  2  0
 12 14  1  0
  7 15  1  0
 15 16  2  0
 16  4  1  0
M  END

$$$$
",4.096910013008057
"CHEMBL5279102","CC(C)C[C@@H](NC(=O)C1(C(F)(F)F)CCCCC1)C(=O)Nc1nnc(Cc2ccc(C#N)cc2)s1","
     RDKit          2D

 35 37  0  0  0  0  0  0  0  0999 V2000
    5.7600   -7.2698    0.0000 C   0  0  0  0  0  0  0  0  0  0  0  0
    5.4996   -5.7926    0.0000 C   0  0  0  0  0  0  0  0  0  0  0  0
    6.6486   -4.8284    0.0000 C   0  0  0  0  0  0  0  0  0  0  0  0
    4.0900   -5.2795    0.0000 C   0  0  0  0  0  0  0  0  0  0  0  0
    3.8296   -3.8023    0.0000 C   0  0  0  0  0  0  0  0  0  0  0  0
    2.4200   -3.2893    0.0000 N   0  0  0  0  0  0  0  0  0  0  0  0
    2.1595   -1.8121    0.0000 C   0  0  0  0  0  0  0  0  0  0  0  0
    3.0766   -1.2165    0.0000 O   0  0  0  0  0  0  0  0  0  0  0  0
    0.7500   -1.2990    0.0000 C   0  0  0  0  0  0  0  0  0  0  0  0
    1.5000    0.0000    0.0000 C   0  0  0  0  0  0  0  0  0  0  0  0
    2.2500    1.2990    0.0000 F   0  0  0  0  0  0  0  0  0  0  0  0
    2.5066   -0.4272    0.0000 F   0  0  0  0  0  0  0  0  0  0  0  0
    0.2010    0.7500    0.0000 F   0  0  0  0  0  0  0  0  0  0  0  0
    0.4895   -2.7762    0.0000 C   0  0  0  0  0  0  0  0  0  0  0  0
   -0.9200   -3.2893    0.0000 C   0  0  0  0  0  0  0  0  0  0  0  0
   -2.0691   -2.3251    0.0000 C   0  0  0  0  0  0  0  0  0  0  0  0
   -1.8086   -0.8479    0.0000 C   0  0  0  0  0  0  0  0  0  0  0  0
   -0.3991   -0.3349    0.0000 C   0  0  0  0  0  0  0  0  0  0  0  0
    4.9786   -2.8381    0.0000 C   0  0  0  0  0  0  0  0  0  0  0  0
    4.7181   -1.3609    0.0000 O   0  0  0  0  0  0  0  0  0  0  0  0
    6.3882   -3.3512    0.0000 N   0  0  0  0  0  0  0  0  0  0  0  0
    7.5372   -2.3870    0.0000 C   0  0  0  0  0  0  0  0  0  0  0  0
    7.4326   -0.8906    0.0000 N   0  0  0  0  0  0  0  0  0  0  0  0
    8.8234   -0.3287    0.0000 N   0  0  0  0  0  0  0  0  0  0  0  0
    9.7875   -1.4778    0.0000 C   0  0  0  0  0  0  0  0  0  0  0  0
   11.2839   -1.3732    0.0000 C   0  0  0  0  0  0  0  0  0  0  0  0
   12.1227   -2.6167    0.0000 C   0  0  0  0  0  0  0  0  0  0  0  0
   11.4651   -3.9649    0.0000 C   0  0  0  0  0  0  0  0  0  0  0  0
   12.3039   -5.2085    0.0000 C   0  0  0  0  0  0  0  0  0  0  0  0
   13.8003   -5.1038    0.0000 C   0  0  0  0  0  0  0  0  0  0  0  0
   14.6390   -6.3474    0.0000 C   0  0  0  0  0  0  0  0  0  0  0  0
   15.4778   -7.5909    0.0000 N   0  0  0  0  0  0  0  0  0  0  0  0
   14.4578   -3.7556    0.0000 C   0  0  0  0  0  0  0  0  0  0  0  0
   13.6190   -2.5121    0.0000 C   0  0  0  0  0  0  0  0  0  0  0  0
    8.9927   -2.7499    0.0000 S   0  0  0  0  0  0  0  0  0  0  0  0
  1  2  1  0
  2  3  1  0
  2  4  1  0
  5  4  1  1
  5  6  1  0
  6  7  1  0
  7  8  2  0
  7  9  1  0
  9 10  1  0
 10 11  1  0
 10 12  1  0
 10 13  1  0
  9 14  1  0
 14 15  1  0
 15 16  1  0
 16 17  1  0
 17 18  1  0
  5 19  1  0
 19 20  2  0
 19 21  1  0
 21 22  1  0
 22 23  2  0
 23 24  1  0
 24 25  2  0
 25 26  1  0
 26 27  1  0
 27 28  2  0
 28 29  1  0
 29 30  2  0
 30 31  1  0
 31 32  3  0
 30 33  1  0
 33 34  2  0
 25 35  1  0
 18  9  1  0
 35 22  1  0
 34 27  1  0
M  END

$$$$
",7.823908740944319
"CHEMBL5653589","Cc1ccc(C(=O)Nc2cccc(C(F)(F)F)c2)cc1Nc1nc(-c2cccnc2)nc2nn(C)cc12","
     RDKit          2D

 37 41  0  0  0  0  0  0  0  0999 V2000
   -6.4268    0.3631    0.0000 C   0  0  0  0  0  0  0  0  0  0  0  0
   -6.1149    1.8303    0.0000 C   0  0  0  0  0  0  0  0  0  0  0  0
   -7.2296    2.8340    0.0000 C   0  0  0  0  0  0  0  0  0  0  0  0
   -6.9177    4.3013    0.0000 C   0  0  0  0  0  0  0  0  0  0  0  0
   -5.4912    4.7648    0.0000 C   0  0  0  0  0  0  0  0  0  0  0  0
   -5.1793    6.2320    0.0000 C   0  0  0  0  0  0  0  0  0  0  0  0
   -6.2940    7.2357    0.0000 O   0  0  0  0  0  0  0  0  0  0  0  0
   -3.7527    6.6955    0.0000 N   0  0  0  0  0  0  0  0  0  0  0  0
   -3.4408    8.1628    0.0000 C   0  0  0  0  0  0  0  0  0  0  0  0
   -2.0143    8.6263    0.0000 C   0  0  0  0  0  0  0  0  0  0  0  0
   -1.7024   10.0935    0.0000 C   0  0  0  0  0  0  0  0  0  0  0  0
   -2.8171   11.0972    0.0000 C   0  0  0  0  0  0  0  0  0  0  0  0
   -4.2437   10.6337    0.0000 C   0  0  0  0  0  0  0  0  0  0  0  0
   -5.3584   11.6374    0.0000 C   0  0  0  0  0  0  0  0  0  0  0  0
   -6.4731   12.6411    0.0000 F   0  0  0  0  0  0  0  0  0  0  0  0
   -4.3547   12.7521    0.0000 F   0  0  0  0  0  0  0  0  0  0  0  0
   -6.3621   10.5226    0.0000 F   0  0  0  0  0  0  0  0  0  0  0  0
   -4.5556    9.1664    0.0000 C   0  0  0  0  0  0  0  0  0  0  0  0
   -4.3764    3.7611    0.0000 C   0  0  0  0  0  0  0  0  0  0  0  0
   -4.6883    2.2939    0.0000 C   0  0  0  0  0  0  0  0  0  0  0  0
   -3.5736    1.2902    0.0000 N   0  0  0  0  0  0  0  0  0  0  0  0
   -2.1470    1.7537    0.0000 C   0  0  0  0  0  0  0  0  0  0  0  0
   -1.8351    3.2209    0.0000 N   0  0  0  0  0  0  0  0  0  0  0  0
   -0.4086    3.6844    0.0000 C   0  0  0  0  0  0  0  0  0  0  0  0
   -0.0967    5.1517    0.0000 C   0  0  0  0  0  0  0  0  0  0  0  0
    1.3299    5.6152    0.0000 C   0  0  0  0  0  0  0  0  0  0  0  0
    1.6418    7.0824    0.0000 C   0  0  0  0  0  0  0  0  0  0  0  0
    0.5271    8.0861    0.0000 C   0  0  0  0  0  0  0  0  0  0  0  0
   -0.8995    7.6226    0.0000 N   0  0  0  0  0  0  0  0  0  0  0  0
   -1.2114    6.1554    0.0000 C   0  0  0  0  0  0  0  0  0  0  0  0
    0.7062    2.6807    0.0000 N   0  0  0  0  0  0  0  0  0  0  0  0
    0.3943    1.2135    0.0000 C   0  0  0  0  0  0  0  0  0  0  0  0
    1.2760    0.0000    0.0000 N   0  0  0  0  0  0  0  0  0  0  0  0
    0.3943   -1.2135    0.0000 N   0  0  0  0  0  0  0  0  0  0  0  0
    0.8578   -2.6401    0.0000 C   0  0  0  0  0  0  0  0  0  0  0  0
   -1.0323   -0.7500    0.0000 C   0  0  0  0  0  0  0  0  0  0  0  0
   -1.0323    0.7500    0.0000 C   0  0  0  0  0  0  0  0  0  0  0  0
  1  2  1  0
  2  3  2  0
  3  4  1  0
  4  5  2  0
  5  6  1  0
  6  7  2  0
  6  8  1  0
  8  9  1  0
  9 10  2  0
 10 11  1  0
 11 12  2  0
 12 13  1  0
 13 14  1  0
 14 15  1  0
 14 16  1  0
 14 17  1  0
 13 18  2  0
  5 19  1  0
 19 20  2  0
 20 21  1  0
 21 22  1  0
 22 23  2  0
 23 24  1  0
 24 25  1  0
 25 26  2  0
 26 27  1  0
 27 28  2  0
 28 29  1  0
 29 30  2  0
 24 31  2  0
 31 32  1  0
 32 33  2  0
 33 34  1  0
 34 35  1  0
 34 36  1  0
 36 37  2  0
 20  2  1  0
 37 22  1  0
 18  9  1  0
 30 25  1  0
 37 32  1  0
M  END

$$$$
",8.005418918740105
"CHEMBL1190585","Nc1c(C(=O)c2ccccc2)sc2[nH]c(=O)c(C(=O)O)cc12","
     RDKit          2D

 22 24  0  0  0  0  0  0  0  0999 V2000
   -2.6401   -3.1891    0.0000 N   0  0  0  0  0  0  0  0  0  0  0  0
   -1.2135   -2.7256    0.0000 C   0  0  0  0  0  0  0  0  0  0  0  0
   -0.0000   -3.6073    0.0000 C   0  0  0  0  0  0  0  0  0  0  0  0
   -0.0000   -5.1073    0.0000 C   0  0  0  0  0  0  0  0  0  0  0  0
   -1.2990   -5.8573    0.0000 O   0  0  0  0  0  0  0  0  0  0  0  0
    1.2990   -5.8573    0.0000 C   0  0  0  0  0  0  0  0  0  0  0  0
    1.2990   -7.3573    0.0000 C   0  0  0  0  0  0  0  0  0  0  0  0
    2.5981   -8.1073    0.0000 C   0  0  0  0  0  0  0  0  0  0  0  0
    3.8971   -7.3573    0.0000 C   0  0  0  0  0  0  0  0  0  0  0  0
    3.8971   -5.8573    0.0000 C   0  0  0  0  0  0  0  0  0  0  0  0
    2.5981   -5.1073    0.0000 C   0  0  0  0  0  0  0  0  0  0  0  0
    1.2135   -2.7256    0.0000 S   0  0  0  0  0  0  0  0  0  0  0  0
    0.7500   -1.2990    0.0000 C   0  0  0  0  0  0  0  0  0  0  0  0
    1.5000    0.0000    0.0000 N   0  0  0  0  0  0  0  0  0  0  0  0
    0.7500    1.2990    0.0000 C   0  0  0  0  0  0  0  0  0  0  0  0
    1.5000    2.5981    0.0000 O   0  0  0  0  0  0  0  0  0  0  0  0
   -0.7500    1.2990    0.0000 C   0  0  0  0  0  0  0  0  0  0  0  0
   -1.5000    2.5981    0.0000 C   0  0  0  0  0  0  0  0  0  0  0  0
   -3.0000    2.5981    0.0000 O   0  0  0  0  0  0  0  0  0  0  0  0
   -0.7500    3.8971    0.0000 O   0  0  0  0  0  0  0  0  0  0  0  0
   -1.5000    0.0000    0.0000 C   0  0  0  0  0  0  0  0  0  0  0  0
   -0.7500   -1.2990    0.0000 C   0  0  0  0  0  0  0  0  0  0  0  0
  1  2  1  0
  2  3  2  0
  3  4  1  0
  4  5  2  0
  4  6  1  0
  6  7  2  0
  7  8  1  0
  8  9  2  0
  9 10  1  0
 10 11  2  0
  3 12  1  0
 12 13  1  0
 13 14  1  0
 14 15  1  0
 15 16  2  0
 15 17  1  0
 17 18  1  0
 18 19  2  0
 18 20  1  0
 17 21  2  0
 21 22  1  0
 22  2  1  0
 11  6  1  0
 22 13  2  0
M  END

$$$$
",4
"CHEMBL2012938","O=C(Cc1ccccc1)Oc1c(OC(=O)Cc2ccccc2)c(-c2ccc(O)cc2)c(O)c(O)c1-c1ccc(O)cc1","
     RDKit          2D

 42 46  0  0  0  0  0  0  0  0999 V2000
    1.7920   -4.9761    0.0000 O   0  0  0  0  0  0  0  0  0  0  0  0
    0.7500   -3.8971    0.0000 C   0  0  0  0  0  0  0  0  0  0  0  0
    1.5000   -2.5981    0.0000 C   0  0  0  0  0  0  0  0  0  0  0  0
    0.7500   -1.2990    0.0000 C   0  0  0  0  0  0  0  0  0  0  0  0
    1.5000    0.0000    0.0000 C   0  0  0  0  0  0  0  0  0  0  0  0
    0.7500    1.2990    0.0000 C   0  0  0  0  0  0  0  0  0  0  0  0
   -0.7500    1.2990    0.0000 C   0  0  0  0  0  0  0  0  0  0  0  0
   -1.5000    0.0000    0.0000 C   0  0  0  0  0  0  0  0  0  0  0  0
   -0.7500   -1.2990    0.0000 C   0  0  0  0  0  0  0  0  0  0  0  0
   -0.7500   -3.8971    0.0000 O   0  0  0  0  0  0  0  0  0  0  0  0
   -1.5000   -5.1962    0.0000 C   0  0  0  0  0  0  0  0  0  0  0  0
   -3.0000   -5.1962    0.0000 C   0  0  0  0  0  0  0  0  0  0  0  0
   -3.7500   -3.8971    0.0000 O   0  0  0  0  0  0  0  0  0  0  0  0
   -5.2500   -3.8971    0.0000 C   0  0  0  0  0  0  0  0  0  0  0  0
   -5.8038   -4.4705    0.0000 O   0  0  0  0  0  0  0  0  0  0  0  0
   -6.0000   -2.5981    0.0000 C   0  0  0  0  0  0  0  0  0  0  0  0
   -7.5000   -2.5981    0.0000 C   0  0  0  0  0  0  0  0  0  0  0  0
   -8.2500   -1.2990    0.0000 C   0  0  0  0  0  0  0  0  0  0  0  0
   -9.7500   -1.2990    0.0000 C   0  0  0  0  0  0  0  0  0  0  0  0
  -10.5000   -2.5981    0.0000 C   0  0  0  0  0  0  0  0  0  0  0  0
   -9.7500   -3.8971    0.0000 C   0  0  0  0  0  0  0  0  0  0  0  0
   -8.2500   -3.8971    0.0000 C   0  0  0  0  0  0  0  0  0  0  0  0
   -3.7500   -6.4952    0.0000 C   0  0  0  0  0  0  0  0  0  0  0  0
   -5.2500   -6.4952    0.0000 C   0  0  0  0  0  0  0  0  0  0  0  0
   -6.0000   -7.7942    0.0000 C   0  0  0  0  0  0  0  0  0  0  0  0
   -7.5000   -7.7942    0.0000 C   0  0  0  0  0  0  0  0  0  0  0  0
   -8.2500   -6.4952    0.0000 C   0  0  0  0  0  0  0  0  0  0  0  0
   -9.7500   -6.4952    0.0000 O   0  0  0  0  0  0  0  0  0  0  0  0
   -7.5000   -5.1962    0.0000 C   0  0  0  0  0  0  0  0  0  0  0  0
   -6.0000   -5.1962    0.0000 C   0  0  0  0  0  0  0  0  0  0  0  0
   -3.0000   -7.7942    0.0000 C   0  0  0  0  0  0  0  0  0  0  0  0
   -3.7500   -9.0933    0.0000 O   0  0  0  0  0  0  0  0  0  0  0  0
   -1.5000   -7.7942    0.0000 C   0  0  0  0  0  0  0  0  0  0  0  0
   -0.7500   -9.0933    0.0000 O   0  0  0  0  0  0  0  0  0  0  0  0
   -0.7500   -6.4952    0.0000 C   0  0  0  0  0  0  0  0  0  0  0  0
    0.7500   -6.4952    0.0000 C   0  0  0  0  0  0  0  0  0  0  0  0
    1.5000   -7.7942    0.0000 C   0  0  0  0  0  0  0  0  0  0  0  0
    3.0000   -7.7942    0.0000 C   0  0  0  0  0  0  0  0  0  0  0  0
    3.7500   -6.4952    0.0000 C   0  0  0  0  0  0  0  0  0  0  0  0
    5.2500   -6.4952    0.0000 O   0  0  0  0  0  0  0  0  0  0  0  0
    3.0000   -5.1962    0.0000 C   0  0  0  0  0  0  0  0  0  0  0  0
    1.5000   -5.1962    0.0000 C   0  0  0  0  0  0  0  0  0  0  0  0
  1  2  2  0
  2  3  1  0
  3  4  1  0
  4  5  2  0
  5  6  1  0
  6  7  2  0
  7  8  1  0
  8  9  2  0
  2 10  1  0
 10 11  1  0
 11 12  2  0
 12 13  1  0
 13 14  1  0
 14 15  2  0
 14 16  1  0
 16 17  1  0
 17 18  2  0
 18 19  1  0
 19 20  2  0
 20 21  1  0
 21 22  2  0
 12 23  1  0
 23 24  1  0
 24 25  2  0
 25 26  1  0
 26 27  2  0
 27 28  1  0
 27 29  1  0
 29 30  2  0
 23 31  2  0
 31 32  1  0
 31 33  1  0
 33 34  1  0
 33 35  2  0
 35 36  1  0
 36 37  2  0
 37 38  1  0
 38 39  2  0
 39 40  1  0
 39 41  1  0
 41 42  2  0
  9  4  1  0
 35 11  1  0
 42 36  1  0
 22 17  1  0
 30 24  1  0
M  END

$$$$
",5.229147988357856
"CHEMBL5279102","CC(C)C[C@@H](NC(=O)C1(C(F)(F)F)CCCCC1)C(=O)Nc1nnc(Cc2ccc(C#N)cc2)s1","
     RDKit          2D

 35 37  0  0  0  0  0  0  0  0999 V2000
    5.7600   -7.2698    0.0000 C   0  0  0  0  0  0  0  0  0  0  0  0
    5.4996   -5.7926    0.0000 C   0  0  0  0  0  0  0  0  0  0  0  0
    6.6486   -4.8284    0.0000 C   0  0  0  0  0  0  0  0  0  0  0  0
    4.0900   -5.2795    0.0000 C   0  0  0  0  0  0  0  0  0  0  0  0
    3.8296   -3.8023    0.0000 C   0  0  0  0  0  0  0  0  0  0  0  0
    2.4200   -3.2893    0.0000 N   0  0  0  0  0  0  0  0  0  0  0  0
    2.1595   -1.8121    0.0000 C   0  0  0  0  0  0  0  0  0  0  0  0
    3.0766   -1.2165    0.0000 O   0  0  0  0  0  0  0  0  0  0  0  0
    0.7500   -1.2990    0.0000 C   0  0  0  0  0  0  0  0  0  0  0  0
    1.5000    0.0000    0.0000 C   0  0  0  0  0  0  0  0  0  0  0  0
    2.2500    1.2990    0.0000 F   0  0  0  0  0  0  0  0  0  0  0  0
    2.5066   -0.4272    0.0000 F   0  0  0  0  0  0  0  0  0  0  0  0
    0.2010    0.7500    0.0000 F   0  0  0  0  0  0  0  0  0  0  0  0
    0.4895   -2.7762    0.0000 C   0  0  0  0  0  0  0  0  0  0  0  0
   -0.9200   -3.2893    0.0000 C   0  0  0  0  0  0  0  0  0  0  0  0
   -2.0691   -2.3251    0.0000 C   0  0  0  0  0  0  0  0  0  0  0  0
   -1.8086   -0.8479    0.0000 C   0  0  0  0  0  0  0  0  0  0  0  0
   -0.3991   -0.3349    0.0000 C   0  0  0  0  0  0  0  0  0  0  0  0
    4.9786   -2.8381    0.0000 C   0  0  0  0  0  0  0  0  0  0  0  0
    4.7181   -1.3609    0.0000 O   0  0  0  0  0  0  0  0  0  0  0  0
    6.3882   -3.3512    0.0000 N   0  0  0  0  0  0  0  0  0  0  0  0
    7.5372   -2.3870    0.0000 C   0  0  0  0  0  0  0  0  0  0  0  0
    7.4326   -0.8906    0.0000 N   0  0  0  0  0  0  0  0  0  0  0  0
    8.8234   -0.3287    0.0000 N   0  0  0  0  0  0  0  0  0  0  0  0
    9.7875   -1.4778    0.0000 C   0  0  0  0  0  0  0  0  0  0  0  0
   11.2839   -1.3732    0.0000 C   0  0  0  0  0  0  0  0  0  0  0  0
   12.1227   -2.6167    0.0000 C   0  0  0  0  0  0  0  0  0  0  0  0
   11.4651   -3.9649    0.0000 C   0  0  0  0  0  0  0  0  0  0  0  0
   12.3039   -5.2085    0.0000 C   0  0  0  0  0  0  0  0  0  0  0  0
   13.8003   -5.1038    0.0000 C   0  0  0  0  0  0  0  0  0  0  0  0
   14.6390   -6.3474    0.0000 C   0  0  0  0  0  0  0  0  0  0  0  0
   15.4778   -7.5909    0.0000 N   0  0  0  0  0  0  0  0  0  0  0  0
   14.4578   -3.7556    0.0000 C   0  0  0  0  0  0  0  0  0  0  0  0
   13.6190   -2.5121    0.0000 C   0  0  0  0  0  0  0  0  0  0  0  0
    8.9927   -2.7499    0.0000 S   0  0  0  0  0  0  0  0  0  0  0  0
  1  2  1  0
  2  3  1  0
  2  4  1  0
  5  4  1  1
  5  6  1  0
  6  7  1  0
  7  8  2  0
  7  9  1  0
  9 10  1  0
 10 11  1  0
 10 12  1  0
 10 13  1  0
  9 14  1  0
 14 15  1  0
 15 16  1  0
 16 17  1  0
 17 18  1  0
  5 19  1  0
 19 20  2  0
 19 21  1  0
 21 22  1  0
 22 23  2  0
 23 24  1  0
 24 25  2  0
 25 26  1  0
 26 27  1  0
 27 28  2  0
 28 29  1  0
 29 30  2  0
 30 31  1  0
 31 32  3  0
 30 33  1  0
 33 34  2  0
 25 35  1  0
 18  9  1  0
 35 22  1  0
 34 27  1  0
M  END

$$$$
",7.823908740944319
"CHEMBL5285026","CC(C)C[C@H](NC(=O)C1(C(F)(F)F)CCCCC1)C(=O)Nc1nnc(Cc2ccc(C#N)cc2)s1","
     RDKit          2D

 35 37  0  0  0  0  0  0  0  0999 V2000
    5.7600   -7.2698    0.0000 C   0  0  0  0  0  0  0  0  0  0  0  0
    5.4996   -5.7926    0.0000 C   0  0  0  0  0  0  0  0  0  0  0  0
    6.6486   -4.8284    0.0000 C   0  0  0  0  0  0  0  0  0  0  0  0
    4.0900   -5.2795    0.0000 C   0  0  0  0  0  0  0  0  0  0  0  0
    3.8296   -3.8023    0.0000 C   0  0  0  0  0  0  0  0  0  0  0  0
    2.4200   -3.2893    0.0000 N   0  0  0  0  0  0  0  0  0  0  0  0
    2.1595   -1.8121    0.0000 C   0  0  0  0  0  0  0  0  0  0  0  0
    3.0766   -1.2165    0.0000 O   0  0  0  0  0  0  0  0  0  0  0  0
    0.7500   -1.2990    0.0000 C   0  0  0  0  0  0  0  0  0  0  0  0
    1.5000    0.0000    0.0000 C   0  0  0  0  0  0  0  0  0  0  0  0
    2.2500    1.2990    0.0000 F   0  0  0  0  0  0  0  0  0  0  0  0
    2.5066   -0.4272    0.0000 F   0  0  0  0  0  0  0  0  0  0  0  0
    0.2010    0.7500    0.0000 F   0  0  0  0  0  0  0  0  0  0  0  0
    0.4895   -2.7762    0.0000 C   0  0  0  0  0  0  0  0  0  0  0  0
   -0.9200   -3.2893    0.0000 C   0  0  0  0  0  0  0  0  0  0  0  0
   -2.0691   -2.3251    0.0000 C   0  0  0  0  0  0  0  0  0  0  0  0
   -1.8086   -0.8479    0.0000 C   0  0  0  0  0  0  0  0  0  0  0  0
   -0.3991   -0.3349    0.0000 C   0  0  0  0  0  0  0  0  0  0  0  0
    4.9786   -2.8381    0.0000 C   0  0  0  0  0  0  0  0  0  0  0  0
    4.7181   -1.3609    0.0000 O   0  0  0  0  0  0  0  0  0  0  0  0
    6.3882   -3.3512    0.0000 N   0  0  0  0  0  0  0  0  0  0  0  0
    7.5372   -2.3870    0.0000 C   0  0  0  0  0  0  0  0  0  0  0  0
    7.4326   -0.8906    0.0000 N   0  0  0  0  0  0  0  0  0  0  0  0
    8.8234   -0.3287    0.0000 N   0  0  0  0  0  0  0  0  0  0  0  0
    9.7875   -1.4778    0.0000 C   0  0  0  0  0  0  0  0  0  0  0  0
   11.2839   -1.3732    0.0000 C   0  0  0  0  0  0  0  0  0  0  0  0
   12.1227   -2.6167    0.0000 C   0  0  0  0  0  0  0  0  0  0  0  0
   11.4651   -3.9649    0.0000 C   0  0  0  0  0  0  0  0  0  0  0  0
   12.3039   -5.2085    0.0000 C   0  0  0  0  0  0  0  0  0  0  0  0
   13.8003   -5.1038    0.0000 C   0  0  0  0  0  0  0  0  0  0  0  0
   14.6390   -6.3474    0.0000 C   0  0  0  0  0  0  0  0  0  0  0  0
   15.4778   -7.5909    0.0000 N   0  0  0  0  0  0  0  0  0  0  0  0
   14.4578   -3.7556    0.0000 C   0  0  0  0  0  0  0  0  0  0  0  0
   13.6190   -2.5121    0.0000 C   0  0  0  0  0  0  0  0  0  0  0  0
    8.9927   -2.7499    0.0000 S   0  0  0  0  0  0  0  0  0  0  0  0
  1  2  1  0
  2  3  1  0
  2  4  1  0
  5  4  1  6
  5  6  1  0
  6  7  1  0
  7  8  2  0
  7  9  1  0
  9 10  1  0
 10 11  1  0
 10 12  1  0
 10 13  1  0
  9 14  1  0
 14 15  1  0
 15 16  1  0
 16 17  1  0
 17 18  1  0
  5 19  1  0
 19 20  2  0
 19 21  1  0
 21 22  1  0
 22 23  2  0
 23 24  1  0
 24 25  2  0
 25 26  1  0
 26 27  1  0
 27 28  2  0
 28 29  1  0
 29 30  2  0
 30 31  1  0
 31 32  3  0
 30 33  1  0
 33 34  2  0
 25 35  1  0
 18  9  1  0
 35 22  1  0
 34 27  1  0
M  END

$$$$
",7.823908740944319
"CHEMBL5286035","O=C(O)CNC(=O)c1ccc(S(=O)(=O)N2CCC(c3ccccc3)CC2)c(Cl)c1","
     RDKit          2D

 29 31  0  0  0  0  0  0  0  0999 V2000
    7.5000   -2.5981    0.0000 O   0  0  0  0  0  0  0  0  0  0  0  0
    6.0000   -2.5981    0.0000 C   0  0  0  0  0  0  0  0  0  0  0  0
    5.2500   -3.8971    0.0000 O   0  0  0  0  0  0  0  0  0  0  0  0
    5.2500   -1.2990    0.0000 C   0  0  0  0  0  0  0  0  0  0  0  0
    3.7500   -1.2990    0.0000 N   0  0  0  0  0  0  0  0  0  0  0  0
    3.0000    0.0000    0.0000 C   0  0  0  0  0  0  0  0  0  0  0  0
    3.7500    1.2990    0.0000 O   0  0  0  0  0  0  0  0  0  0  0  0
    1.5000    0.0000    0.0000 C   0  0  0  0  0  0  0  0  0  0  0  0
    0.7500   -1.2990    0.0000 C   0  0  0  0  0  0  0  0  0  0  0  0
   -0.7500   -1.2990    0.0000 C   0  0  0  0  0  0  0  0  0  0  0  0
   -1.5000    0.0000    0.0000 C   0  0  0  0  0  0  0  0  0  0  0  0
   -3.0000    0.0000    0.0000 S   0  0  0  0  0  0  0  0  0  0  0  0
   -3.0000    1.5000    0.0000 O   0  0  0  0  0  0  0  0  0  0  0  0
   -3.0000   -1.5000    0.0000 O   0  0  0  0  0  0  0  0  0  0  0  0
   -4.5000    0.0000    0.0000 N   0  0  0  0  0  0  0  0  0  0  0  0
   -5.2500    1.2990    0.0000 C   0  0  0  0  0  0  0  0  0  0  0  0
   -6.7500    1.2990    0.0000 C   0  0  0  0  0  0  0  0  0  0  0  0
   -7.5000    0.0000    0.0000 C   0  0  0  0  0  0  0  0  0  0  0  0
   -9.0000    0.0000    0.0000 C   0  0  0  0  0  0  0  0  0  0  0  0
   -9.7500    1.2990    0.0000 C   0  0  0  0  0  0  0  0  0  0  0  0
  -11.2500    1.2990    0.0000 C   0  0  0  0  0  0  0  0  0  0  0  0
  -12.0000   -0.0000    0.0000 C   0  0  0  0  0  0  0  0  0  0  0  0
  -11.2500   -1.2990    0.0000 C   0  0  0  0  0  0  0  0  0  0  0  0
   -9.7500   -1.2990    0.0000 C   0  0  0  0  0  0  0  0  0  0  0  0
   -6.7500   -1.2990    0.0000 C   0  0  0  0  0  0  0  0  0  0  0  0
   -5.2500   -1.2990    0.0000 C   0  0  0  0  0  0  0  0  0  0  0  0
   -0.7500    1.2990    0.0000 C   0  0  0  0  0  0  0  0  0  0  0  0
   -1.5000    2.5981    0.0000 Cl  0  0  0  0  0  0  0  0  0  0  0  0
    0.7500    1.2990    0.0000 C   0  0  0  0  0  0  0  0  0  0  0  0
  1  2  2  0
  2  3  1  0
  2  4  1  0
  4  5  1  0
  5  6  1  0
  6  7  2  0
  6  8  1  0
  8  9  2  0
  9 10  1  0
 10 11  2  0
 11 12  1  0
 12 13  2  0
 12 14  2  0
 12 15  1  0
 15 16  1  0
 16 17  1  0
 17 18  1  0
 18 19  1  0
 19 20  2  0
 20 21  1  0
 21 22  2  0
 22 23  1  0
 23 24  2  0
 18 25  1  0
 25 26  1  0
 11 27  1  0
 27 28  1  0
 27 29  2  0
 29  8  1  0
 26 15  1  0
 24 19  1  0
M  END

$$$$
",4.327902142064283
"CHEMBL5276142","Cc1cc(C(=O)CN2CCC(O)CC2)c(C)n1-c1ccc(C#N)cc1","
     RDKit          2D

 25 27  0  0  0  0  0  0  0  0999 V2000
    4.6740   -7.4303    0.0000 C   0  0  0  0  0  0  0  0  0  0  0  0
    3.3037   -6.8202    0.0000 C   0  0  0  0  0  0  0  0  0  0  0  0
    2.9918   -5.3529    0.0000 C   0  0  0  0  0  0  0  0  0  0  0  0
    1.5000   -5.1962    0.0000 C   0  0  0  0  0  0  0  0  0  0  0  0
    0.7500   -3.8971    0.0000 C   0  0  0  0  0  0  0  0  0  0  0  0
   -0.7500   -3.8971    0.0000 O   0  0  0  0  0  0  0  0  0  0  0  0
    1.5000   -2.5981    0.0000 C   0  0  0  0  0  0  0  0  0  0  0  0
    0.7500   -1.2990    0.0000 N   0  0  0  0  0  0  0  0  0  0  0  0
    1.5000    0.0000    0.0000 C   0  0  0  0  0  0  0  0  0  0  0  0
    0.7500    1.2990    0.0000 C   0  0  0  0  0  0  0  0  0  0  0  0
   -0.7500    1.2990    0.0000 C   0  0  0  0  0  0  0  0  0  0  0  0
   -1.5000    2.5981    0.0000 O   0  0  0  0  0  0  0  0  0  0  0  0
   -1.5000    0.0000    0.0000 C   0  0  0  0  0  0  0  0  0  0  0  0
   -0.7500   -1.2990    0.0000 C   0  0  0  0  0  0  0  0  0  0  0  0
    0.8899   -6.5665    0.0000 C   0  0  0  0  0  0  0  0  0  0  0  0
   -0.5773   -6.8783    0.0000 C   0  0  0  0  0  0  0  0  0  0  0  0
    2.0046   -7.5702    0.0000 N   0  0  0  0  0  0  0  0  0  0  0  0
    1.8478   -9.0619    0.0000 C   0  0  0  0  0  0  0  0  0  0  0  0
    0.4775   -9.6721    0.0000 C   0  0  0  0  0  0  0  0  0  0  0  0
    0.3207  -11.1638    0.0000 C   0  0  0  0  0  0  0  0  0  0  0  0
    1.5342  -12.0455    0.0000 C   0  0  0  0  0  0  0  0  0  0  0  0
    1.3774  -13.5373    0.0000 C   0  0  0  0  0  0  0  0  0  0  0  0
    1.2206  -15.0291    0.0000 N   0  0  0  0  0  0  0  0  0  0  0  0
    2.9046  -11.4354    0.0000 C   0  0  0  0  0  0  0  0  0  0  0  0
    3.0613   -9.9436    0.0000 C   0  0  0  0  0  0  0  0  0  0  0  0
  1  2  1  0
  2  3  2  0
  3  4  1  0
  4  5  1  0
  5  6  2  0
  5  7  1  0
  7  8  1  0
  8  9  1  0
  9 10  1  0
 10 11  1  0
 11 12  1  0
 11 13  1  0
 13 14  1  0
  4 15  2  0
 15 16  1  0
 15 17  1  0
 17 18  1  0
 18 19  2  0
 19 20  1  0
 20 21  2  0
 21 22  1  0
 22 23  3  0
 21 24  1  0
 24 25  2  0
 17  2  1  0
 25 18  1  0
 14  8  1  0
M  END

$$$$
",4.668370282370068
"CHEMBL5265979","O=C(O)CNC(=O)c1ccc(S(=O)(=O)N2CCC(c3ccc(Br)cc3)CC2)cc1","
     RDKit          2D

 29 31  0  0  0  0  0  0  0  0999 V2000
    7.5000   -2.5981    0.0000 O   0  0  0  0  0  0  0  0  0  0  0  0
    6.0000   -2.5981    0.0000 C   0  0  0  0  0  0  0  0  0  0  0  0
    5.2500   -3.8971    0.0000 O   0  0  0  0  0  0  0  0  0  0  0  0
    5.2500   -1.2990    0.0000 C   0  0  0  0  0  0  0  0  0  0  0  0
    3.7500   -1.2990    0.0000 N   0  0  0  0  0  0  0  0  0  0  0  0
    3.0000    0.0000    0.0000 C   0  0  0  0  0  0  0  0  0  0  0  0
    3.7500    1.2990    0.0000 O   0  0  0  0  0  0  0  0  0  0  0  0
    1.5000    0.0000    0.0000 C   0  0  0  0  0  0  0  0  0  0  0  0
    0.7500   -1.2990    0.0000 C   0  0  0  0  0  0  0  0  0  0  0  0
   -0.7500   -1.2990    0.0000 C   0  0  0  0  0  0  0  0  0  0  0  0
   -1.5000    0.0000    0.0000 C   0  0  0  0  0  0  0  0  0  0  0  0
   -3.0000    0.0000    0.0000 S   0  0  0  0  0  0  0  0  0  0  0  0
   -3.0000    1.5000    0.0000 O   0  0  0  0  0  0  0  0  0  0  0  0
   -3.0000   -1.5000    0.0000 O   0  0  0  0  0  0  0  0  0  0  0  0
   -4.5000    0.0000    0.0000 N   0  0  0  0  0  0  0  0  0  0  0  0
   -5.2500    1.2990    0.0000 C   0  0  0  0  0  0  0  0  0  0  0  0
   -6.7500    1.2990    0.0000 C   0  0  0  0  0  0  0  0  0  0  0  0
   -7.5000    0.0000    0.0000 C   0  0  0  0  0  0  0  0  0  0  0  0
   -9.0000    0.0000    0.0000 C   0  0  0  0  0  0  0  0  0  0  0  0
   -9.7500    1.2990    0.0000 C   0  0  0  0  0  0  0  0  0  0  0  0
  -11.2500    1.2990    0.0000 C   0  0  0  0  0  0  0  0  0  0  0  0
  -12.0000   -0.0000    0.0000 C   0  0  0  0  0  0  0  0  0  0  0  0
  -13.5000   -0.0000    0.0000 Br  0  0  0  0  0  0  0  0  0  0  0  0
  -11.2500   -1.2990    0.0000 C   0  0  0  0  0  0  0  0  0  0  0  0
   -9.7500   -1.2990    0.0000 C   0  0  0  0  0  0  0  0  0  0  0  0
   -6.7500   -1.2990    0.0000 C   0  0  0  0  0  0  0  0  0  0  0  0
   -5.2500   -1.2990    0.0000 C   0  0  0  0  0  0  0  0  0  0  0  0
   -0.7500    1.2990    0.0000 C   0  0  0  0  0  0  0  0  0  0  0  0
    0.7500    1.2990    0.0000 C   0  0  0  0  0  0  0  0  0  0  0  0
  1  2  2  0
  2  3  1  0
  2  4  1  0
  4  5  1  0
  5  6  1  0
  6  7  2  0
  6  8  1  0
  8  9  2  0
  9 10  1  0
 10 11  2  0
 11 12  1  0
 12 13  2  0
 12 14  2  0
 12 15  1  0
 15 16  1  0
 16 17  1  0
 17 18  1  0
 18 19  1  0
 19 20  2  0
 20 21  1  0
 21 22  2  0
 22 23  1  0
 22 24  1  0
 24 25  2  0
 18 26  1  0
 26 27  1  0
 11 28  1  0
 28 29  2  0
 29  8  1  0
 27 15  1  0
 25 19  1  0
M  END

$$$$
",4.657577319177794
"CHEMBL5273203","O=C(O)CCC(=O)c1ccc(S(=O)(=O)N2CCC(c3ccccc3)CC2)cc1","
     RDKit          2D

 28 30  0  0  0  0  0  0  0  0999 V2000
    7.5000   -2.5981    0.0000 O   0  0  0  0  0  0  0  0  0  0  0  0
    6.0000   -2.5981    0.0000 C   0  0  0  0  0  0  0  0  0  0  0  0
    5.2500   -3.8971    0.0000 O   0  0  0  0  0  0  0  0  0  0  0  0
    5.2500   -1.2990    0.0000 C   0  0  0  0  0  0  0  0  0  0  0  0
    3.7500   -1.2990    0.0000 C   0  0  0  0  0  0  0  0  0  0  0  0
    3.0000    0.0000    0.0000 C   0  0  0  0  0  0  0  0  0  0  0  0
    3.7500    1.2990    0.0000 O   0  0  0  0  0  0  0  0  0  0  0  0
    1.5000    0.0000    0.0000 C   0  0  0  0  0  0  0  0  0  0  0  0
    0.7500   -1.2990    0.0000 C   0  0  0  0  0  0  0  0  0  0  0  0
   -0.7500   -1.2990    0.0000 C   0  0  0  0  0  0  0  0  0  0  0  0
   -1.5000    0.0000    0.0000 C   0  0  0  0  0  0  0  0  0  0  0  0
   -3.0000    0.0000    0.0000 S   0  0  0  0  0  0  0  0  0  0  0  0
   -3.0000    1.5000    0.0000 O   0  0  0  0  0  0  0  0  0  0  0  0
   -3.0000   -1.5000    0.0000 O   0  0  0  0  0  0  0  0  0  0  0  0
   -4.5000    0.0000    0.0000 N   0  0  0  0  0  0  0  0  0  0  0  0
   -5.2500    1.2990    0.0000 C   0  0  0  0  0  0  0  0  0  0  0  0
   -6.7500    1.2990    0.0000 C   0  0  0  0  0  0  0  0  0  0  0  0
   -7.5000    0.0000    0.0000 C   0  0  0  0  0  0  0  0  0  0  0  0
   -9.0000    0.0000    0.0000 C   0  0  0  0  0  0  0  0  0  0  0  0
   -9.7500    1.2990    0.0000 C   0  0  0  0  0  0  0  0  0  0  0  0
  -11.2500    1.2990    0.0000 C   0  0  0  0  0  0  0  0  0  0  0  0
  -12.0000   -0.0000    0.0000 C   0  0  0  0  0  0  0  0  0  0  0  0
  -11.2500   -1.2990    0.0000 C   0  0  0  0  0  0  0  0  0  0  0  0
   -9.7500   -1.2990    0.0000 C   0  0  0  0  0  0  0  0  0  0  0  0
   -6.7500   -1.2990    0.0000 C   0  0  0  0  0  0  0  0  0  0  0  0
   -5.2500   -1.2990    0.0000 C   0  0  0  0  0  0  0  0  0  0  0  0
   -0.7500    1.2990    0.0000 C   0  0  0  0  0  0  0  0  0  0  0  0
    0.7500    1.2990    0.0000 C   0  0  0  0  0  0  0  0  0  0  0  0
  1  2  2  0
  2  3  1  0
  2  4  1  0
  4  5  1  0
  5  6  1  0
  6  7  2  0
  6  8  1  0
  8  9  2  0
  9 10  1  0
 10 11  2  0
 11 12  1  0
 12 13  2  0
 12 14  2  0
 12 15  1  0
 15 16  1  0
 16 17  1  0
 17 18  1  0
 18 19  1  0
 19 20  2  0
 20 21  1  0
 21 22  2  0
 22 23  1  0
 23 24  2  0
 18 25  1  0
 25 26  1  0
 11 27  1  0
 27 28  2  0
 28  8  1  0
 26 15  1  0
 24 19  1  0
M  END

$$$$
",5.096910013008056
"CHEMBL5270273","O=C(O)CNC(=O)c1ccc(S(=O)(=O)N2CC=C(c3ccccc3)CC2)cc1","
     RDKit          2D

 28 30  0  0  0  0  0  0  0  0999 V2000
    7.5000   -2.5981    0.0000 O   0  0  0  0  0  0  0  0  0  0  0  0
    6.0000   -2.5981    0.0000 C   0  0  0  0  0  0  0  0  0  0  0  0
    5.2500   -3.8971    0.0000 O   0  0  0  0  0  0  0  0  0  0  0  0
    5.2500   -1.2990    0.0000 C   0  0  0  0  0  0  0  0  0  0  0  0
    3.7500   -1.2990    0.0000 N   0  0  0  0  0  0  0  0  0  0  0  0
    3.0000    0.0000    0.0000 C   0  0  0  0  0  0  0  0  0  0  0  0
    3.7500    1.2990    0.0000 O   0  0  0  0  0  0  0  0  0  0  0  0
    1.5000    0.0000    0.0000 C   0  0  0  0  0  0  0  0  0  0  0  0
    0.7500   -1.2990    0.0000 C   0  0  0  0  0  0  0  0  0  0  0  0
   -0.7500   -1.2990    0.0000 C   0  0  0  0  0  0  0  0  0  0  0  0
   -1.5000    0.0000    0.0000 C   0  0  0  0  0  0  0  0  0  0  0  0
   -3.0000    0.0000    0.0000 S   0  0  0  0  0  0  0  0  0  0  0  0
   -3.0000    1.5000    0.0000 O   0  0  0  0  0  0  0  0  0  0  0  0
   -3.0000   -1.5000    0.0000 O   0  0  0  0  0  0  0  0  0  0  0  0
   -4.5000    0.0000    0.0000 N   0  0  0  0  0  0  0  0  0  0  0  0
   -5.2500    1.2990    0.0000 C   0  0  0  0  0  0  0  0  0  0  0  0
   -6.7500    1.2990    0.0000 C   0  0  0  0  0  0  0  0  0  0  0  0
   -7.5000    0.0000    0.0000 C   0  0  0  0  0  0  0  0  0  0  0  0
   -9.0000    0.0000    0.0000 C   0  0  0  0  0  0  0  0  0  0  0  0
   -9.7500    1.2990    0.0000 C   0  0  0  0  0  0  0  0  0  0  0  0
  -11.2500    1.2990    0.0000 C   0  0  0  0  0  0  0  0  0  0  0  0
  -12.0000   -0.0000    0.0000 C   0  0  0  0  0  0  0  0  0  0  0  0
  -11.2500   -1.2990    0.0000 C   0  0  0  0  0  0  0  0  0  0  0  0
   -9.7500   -1.2990    0.0000 C   0  0  0  0  0  0  0  0  0  0  0  0
   -6.7500   -1.2990    0.0000 C   0  0  0  0  0  0  0  0  0  0  0  0
   -5.2500   -1.2990    0.0000 C   0  0  0  0  0  0  0  0  0  0  0  0
   -0.7500    1.2990    0.0000 C   0  0  0  0  0  0  0  0  0  0  0  0
    0.7500    1.2990    0.0000 C   0  0  0  0  0  0  0  0  0  0  0  0
  1  2  2  0
  2  3  1  0
  2  4  1  0
  4  5  1  0
  5  6  1  0
  6  7  2  0
  6  8  1  0
  8  9  2  0
  9 10  1  0
 10 11  2  0
 11 12  1  0
 12 13  2  0
 12 14  2  0
 12 15  1  0
 15 16  1  0
 16 17  1  0
 17 18  2  0
 18 19  1  0
 19 20  2  0
 20 21  1  0
 21 22  2  0
 22 23  1  0
 23 24  2  0
 18 25  1  0
 25 26  1  0
 11 27  1  0
 27 28  2  0
 28  8  1  0
 26 15  1  0
 24 19  1  0
M  END

$$$$
",4.267606240177032
"CHEMBL5266862","O=C([O-])CNC(=O)c1ccc(S(=O)(=O)N2CCC(c3ccc(Cl)cc3)CC2)cn1.[K+]","
     RDKit          2D

 30 31  0  0  0  0  0  0  0  0999 V2000
    7.5000   -2.5981    0.0000 O   0  0  0  0  0  0  0  0  0  0  0  0
    6.0000   -2.5981    0.0000 C   0  0  0  0  0  0  0  0  0  0  0  0
    5.2500   -3.8971    0.0000 O   0  0  0  0  0  1  0  0  0  0  0  0
    5.2500   -1.2990    0.0000 C   0  0  0  0  0  0  0  0  0  0  0  0
    3.7500   -1.2990    0.0000 N   0  0  0  0  0  0  0  0  0  0  0  0
    3.0000    0.0000    0.0000 C   0  0  0  0  0  0  0  0  0  0  0  0
    3.7500    1.2990    0.0000 O   0  0  0  0  0  0  0  0  0  0  0  0
    1.5000    0.0000    0.0000 C   0  0  0  0  0  0  0  0  0  0  0  0
    0.7500   -1.2990    0.0000 C   0  0  0  0  0  0  0  0  0  0  0  0
   -0.7500   -1.2990    0.0000 C   0  0  0  0  0  0  0  0  0  0  0  0
   -1.5000    0.0000    0.0000 C   0  0  0  0  0  0  0  0  0  0  0  0
   -3.0000    0.0000    0.0000 S   0  0  0  0  0  0  0  0  0  0  0  0
   -3.0000    1.5000    0.0000 O   0  0  0  0  0  0  0  0  0  0  0  0
   -3.0000   -1.5000    0.0000 O   0  0  0  0  0  0  0  0  0  0  0  0
   -4.5000    0.0000    0.0000 N   0  0  0  0  0  0  0  0  0  0  0  0
   -5.2500    1.2990    0.0000 C   0  0  0  0  0  0  0  0  0  0  0  0
   -6.7500    1.2990    0.0000 C   0  0  0  0  0  0  0  0  0  0  0  0
   -7.5000    0.0000    0.0000 C   0  0  0  0  0  0  0  0  0  0  0  0
   -9.0000    0.0000    0.0000 C   0  0  0  0  0  0  0  0  0  0  0  0
   -9.7500    1.2990    0.0000 C   0  0  0  0  0  0  0  0  0  0  0  0
  -11.2500    1.2990    0.0000 C   0  0  0  0  0  0  0  0  0  0  0  0
  -12.0000   -0.0000    0.0000 C   0  0  0  0  0  0  0  0  0  0  0  0
  -13.5000   -0.0000    0.0000 Cl  0  0  0  0  0  0  0  0  0  0  0  0
  -11.2500   -1.2990    0.0000 C   0  0  0  0  0  0  0  0  0  0  0  0
   -9.7500   -1.2990    0.0000 C   0  0  0  0  0  0  0  0  0  0  0  0
   -6.7500   -1.2990    0.0000 C   0  0  0  0  0  0  0  0  0  0  0  0
   -5.2500   -1.2990    0.0000 C   0  0  0  0  0  0  0  0  0  0  0  0
   -0.7500    1.2990    0.0000 C   0  0  0  0  0  0  0  0  0  0  0  0
    0.7500    1.2990    0.0000 N   0  0  0  0  0  0  0  0  0  0  0  0
    0.0000    2.5000    0.0000 K   0  0  0  0  0 15  0  0  0  0  0  0
  1  2  2  0
  2  3  1  0
  2  4  1  0
  4  5  1  0
  5  6  1  0
  6  7  2  0
  6  8  1  0
  8  9  2  0
  9 10  1  0
 10 11  2  0
 11 12  1  0
 12 13  2  0
 12 14  2  0
 12 15  1  0
 15 16  1  0
 16 17  1  0
 17 18  1  0
 18 19  1  0
 19 20  2  0
 20 21  1  0
 21 22  2  0
 22 23  1  0
 22 24  1  0
 24 25  2  0
 18 26  1  0
 26 27  1  0
 11 28  1  0
 28 29  2  0
 29  8  1  0
 27 15  1  0
 25 19  1  0
M  CHG  2   3  -1  30   1
M  END

$$$$
",5.4685210829577455
"CHEMBL5277702","Cc1ccc(C2CCN(S(=O)(=O)c3ccc(C(=O)NCC(=O)O)cc3)CC2)cc1","
     RDKit          2D

 29 31  0  0  0  0  0  0  0  0999 V2000
    3.0000    0.0000    0.0000 C   0  0  0  0  0  0  0  0  0  0  0  0
    1.5000    0.0000    0.0000 C   0  0  0  0  0  0  0  0  0  0  0  0
    0.7500   -1.2990    0.0000 C   0  0  0  0  0  0  0  0  0  0  0  0
   -0.7500   -1.2990    0.0000 C   0  0  0  0  0  0  0  0  0  0  0  0
   -1.5000    0.0000    0.0000 C   0  0  0  0  0  0  0  0  0  0  0  0
   -3.0000    0.0000    0.0000 C   0  0  0  0  0  0  0  0  0  0  0  0
   -3.7500    1.2990    0.0000 C   0  0  0  0  0  0  0  0  0  0  0  0
   -5.2500    1.2990    0.0000 C   0  0  0  0  0  0  0  0  0  0  0  0
   -6.0000    0.0000    0.0000 N   0  0  0  0  0  0  0  0  0  0  0  0
   -7.5000    0.0000    0.0000 S   0  0  0  0  0  0  0  0  0  0  0  0
   -7.5000   -1.5000    0.0000 O   0  0  0  0  0  0  0  0  0  0  0  0
   -7.5000    1.5000    0.0000 O   0  0  0  0  0  0  0  0  0  0  0  0
   -9.0000    0.0000    0.0000 C   0  0  0  0  0  0  0  0  0  0  0  0
   -9.7500    1.2990    0.0000 C   0  0  0  0  0  0  0  0  0  0  0  0
  -11.2500    1.2990    0.0000 C   0  0  0  0  0  0  0  0  0  0  0  0
  -12.0000    0.0000    0.0000 C   0  0  0  0  0  0  0  0  0  0  0  0
  -13.5000    0.0000    0.0000 C   0  0  0  0  0  0  0  0  0  0  0  0
  -14.2500   -1.2990    0.0000 O   0  0  0  0  0  0  0  0  0  0  0  0
  -14.2500    1.2990    0.0000 N   0  0  0  0  0  0  0  0  0  0  0  0
  -15.7500    1.2990    0.0000 C   0  0  0  0  0  0  0  0  0  0  0  0
  -16.5000    2.5981    0.0000 C   0  0  0  0  0  0  0  0  0  0  0  0
  -18.0000    2.5981    0.0000 O   0  0  0  0  0  0  0  0  0  0  0  0
  -15.7500    3.8971    0.0000 O   0  0  0  0  0  0  0  0  0  0  0  0
  -11.2500   -1.2990    0.0000 C   0  0  0  0  0  0  0  0  0  0  0  0
   -9.7500   -1.2990    0.0000 C   0  0  0  0  0  0  0  0  0  0  0  0
   -5.2500   -1.2990    0.0000 C   0  0  0  0  0  0  0  0  0  0  0  0
   -3.7500   -1.2990    0.0000 C   0  0  0  0  0  0  0  0  0  0  0  0
   -0.7500    1.2990    0.0000 C   0  0  0  0  0  0  0  0  0  0  0  0
    0.7500    1.2990    0.0000 C   0  0  0  0  0  0  0  0  0  0  0  0
  1  2  1  0
  2  3  2  0
  3  4  1  0
  4  5  2  0
  5  6  1  0
  6  7  1  0
  7  8  1  0
  8  9  1  0
  9 10  1  0
 10 11  2  0
 10 12  2  0
 10 13  1  0
 13 14  2  0
 14 15  1  0
 15 16  2  0
 16 17  1  0
 17 18  2  0
 17 19  1  0
 19 20  1  0
 20 21  1  0
 21 22  2  0
 21 23  1  0
 16 24  1  0
 24 25  2  0
  9 26  1  0
 26 27  1  0
  5 28  1  0
 28 29  2  0
 29  2  1  0
 27  6  1  0
 25 13  1  0
M  END

$$$$
",4.721246399047172
"CHEMBL5653589","Cc1ccc(C(=O)Nc2cccc(C(F)(F)F)c2)cc1Nc1nc(-c2cccnc2)nc2nn(C)cc12","
     RDKit          2D

 37 41  0  0  0  0  0  0  0  0999 V2000
   -6.4268    0.3631    0.0000 C   0  0  0  0  0  0  0  0  0  0  0  0
   -6.1149    1.8303    0.0000 C   0  0  0  0  0  0  0  0  0  0  0  0
   -7.2296    2.8340    0.0000 C   0  0  0  0  0  0  0  0  0  0  0  0
   -6.9177    4.3013    0.0000 C   0  0  0  0  0  0  0  0  0  0  0  0
   -5.4912    4.7648    0.0000 C   0  0  0  0  0  0  0  0  0  0  0  0
   -5.1793    6.2320    0.0000 C   0  0  0  0  0  0  0  0  0  0  0  0
   -6.2940    7.2357    0.0000 O   0  0  0  0  0  0  0  0  0  0  0  0
   -3.7527    6.6955    0.0000 N   0  0  0  0  0  0  0  0  0  0  0  0
   -3.4408    8.1628    0.0000 C   0  0  0  0  0  0  0  0  0  0  0  0
   -2.0143    8.6263    0.0000 C   0  0  0  0  0  0  0  0  0  0  0  0
   -1.7024   10.0935    0.0000 C   0  0  0  0  0  0  0  0  0  0  0  0
   -2.8171   11.0972    0.0000 C   0  0  0  0  0  0  0  0  0  0  0  0
   -4.2437   10.6337    0.0000 C   0  0  0  0  0  0  0  0  0  0  0  0
   -5.3584   11.6374    0.0000 C   0  0  0  0  0  0  0  0  0  0  0  0
   -6.4731   12.6411    0.0000 F   0  0  0  0  0  0  0  0  0  0  0  0
   -4.3547   12.7521    0.0000 F   0  0  0  0  0  0  0  0  0  0  0  0
   -6.3621   10.5226    0.0000 F   0  0  0  0  0  0  0  0  0  0  0  0
   -4.5556    9.1664    0.0000 C   0  0  0  0  0  0  0  0  0  0  0  0
   -4.3764    3.7611    0.0000 C   0  0  0  0  0  0  0  0  0  0  0  0
   -4.6883    2.2939    0.0000 C   0  0  0  0  0  0  0  0  0  0  0  0
   -3.5736    1.2902    0.0000 N   0  0  0  0  0  0  0  0  0  0  0  0
   -2.1470    1.7537    0.0000 C   0  0  0  0  0  0  0  0  0  0  0  0
   -1.8351    3.2209    0.0000 N   0  0  0  0  0  0  0  0  0  0  0  0
   -0.4086    3.6844    0.0000 C   0  0  0  0  0  0  0  0  0  0  0  0
   -0.0967    5.1517    0.0000 C   0  0  0  0  0  0  0  0  0  0  0  0
    1.3299    5.6152    0.0000 C   0  0  0  0  0  0  0  0  0  0  0  0
    1.6418    7.0824    0.0000 C   0  0  0  0  0  0  0  0  0  0  0  0
    0.5271    8.0861    0.0000 C   0  0  0  0  0  0  0  0  0  0  0  0
   -0.8995    7.6226    0.0000 N   0  0  0  0  0  0  0  0  0  0  0  0
   -1.2114    6.1554    0.0000 C   0  0  0  0  0  0  0  0  0  0  0  0
    0.7062    2.6807    0.0000 N   0  0  0  0  0  0  0  0  0  0  0  0
    0.3943    1.2135    0.0000 C   0  0  0  0  0  0  0  0  0  0  0  0
    1.2760    0.0000    0.0000 N   0  0  0  0  0  0  0  0  0  0  0  0
    0.3943   -1.2135    0.0000 N   0  0  0  0  0  0  0  0  0  0  0  0
    0.8578   -2.6401    0.0000 C   0  0  0  0  0  0  0  0  0  0  0  0
   -1.0323   -0.7500    0.0000 C   0  0  0  0  0  0  0  0  0  0  0  0
   -1.0323    0.7500    0.0000 C   0  0  0  0  0  0  0  0  0  0  0  0
  1  2  1  0
  2  3  2  0
  3  4  1  0
  4  5  2  0
  5  6  1  0
  6  7  2  0
  6  8  1  0
  8  9  1  0
  9 10  2  0
 10 11  1  0
 11 12  2  0
 12 13  1  0
 13 14  1  0
 14 15  1  0
 14 16  1  0
 14 17  1  0
 13 18  2  0
  5 19  1  0
 19 20  2  0
 20 21  1  0
 21 22  1  0
 22 23  2  0
 23 24  1  0
 24 25  1  0
 25 26  2  0
 26 27  1  0
 27 28  2  0
 28 29  1  0
 29 30  2  0
 24 31  2  0
 31 32  1  0
 32 33  2  0
 33 34  1  0
 34 35  1  0
 34 36  1  0
 36 37  2  0
 20  2  1  0
 37 22  1  0
 18  9  1  0
 30 25  1  0
 37 32  1  0
M  END

$$$$
",8.005418918740105
"CHEMBL3752910","Cc1ccc(C(=O)Nc2cccc(C(F)(F)F)c2)cc1Nc1nc(-c2cccnc2)nc2c1cnn2C","
     RDKit          2D

 37 41  0  0  0  0  0  0  0  0999 V2000
   -0.0967    5.1517    0.0000 C   0  0  0  0  0  0  0  0  0  0  0  0
    1.3299    5.6152    0.0000 C   0  0  0  0  0  0  0  0  0  0  0  0
    1.6418    7.0824    0.0000 C   0  0  0  0  0  0  0  0  0  0  0  0
    3.0684    7.5459    0.0000 C   0  0  0  0  0  0  0  0  0  0  0  0
    4.1831    6.5422    0.0000 C   0  0  0  0  0  0  0  0  0  0  0  0
    5.6097    7.0058    0.0000 C   0  0  0  0  0  0  0  0  0  0  0  0
    5.9215    8.4730    0.0000 O   0  0  0  0  0  0  0  0  0  0  0  0
    6.7244    6.0021    0.0000 N   0  0  0  0  0  0  0  0  0  0  0  0
    8.1510    6.4656    0.0000 C   0  0  0  0  0  0  0  0  0  0  0  0
    9.2657    5.4619    0.0000 C   0  0  0  0  0  0  0  0  0  0  0  0
   10.6923    5.9254    0.0000 C   0  0  0  0  0  0  0  0  0  0  0  0
   11.0041    7.3926    0.0000 C   0  0  0  0  0  0  0  0  0  0  0  0
    9.8894    8.3963    0.0000 C   0  0  0  0  0  0  0  0  0  0  0  0
   10.2013    9.8636    0.0000 C   0  0  0  0  0  0  0  0  0  0  0  0
   10.5131   11.3308    0.0000 F   0  0  0  0  0  0  0  0  0  0  0  0
   11.6685    9.5517    0.0000 F   0  0  0  0  0  0  0  0  0  0  0  0
    8.7341   10.1754    0.0000 F   0  0  0  0  0  0  0  0  0  0  0  0
    8.4628    7.9328    0.0000 C   0  0  0  0  0  0  0  0  0  0  0  0
    3.8712    5.0750    0.0000 C   0  0  0  0  0  0  0  0  0  0  0  0
    2.4446    4.6115    0.0000 C   0  0  0  0  0  0  0  0  0  0  0  0
    2.1328    3.1443    0.0000 N   0  0  0  0  0  0  0  0  0  0  0  0
    0.7062    2.6807    0.0000 C   0  0  0  0  0  0  0  0  0  0  0  0
   -0.4086    3.6844    0.0000 N   0  0  0  0  0  0  0  0  0  0  0  0
   -1.8351    3.2209    0.0000 C   0  0  0  0  0  0  0  0  0  0  0  0
   -2.9499    4.2246    0.0000 C   0  0  0  0  0  0  0  0  0  0  0  0
   -2.6380    5.6918    0.0000 C   0  0  0  0  0  0  0  0  0  0  0  0
   -3.7527    6.6955    0.0000 C   0  0  0  0  0  0  0  0  0  0  0  0
   -5.1793    6.2320    0.0000 C   0  0  0  0  0  0  0  0  0  0  0  0
   -5.4912    4.7648    0.0000 N   0  0  0  0  0  0  0  0  0  0  0  0
   -4.3764    3.7611    0.0000 C   0  0  0  0  0  0  0  0  0  0  0  0
   -2.1470    1.7537    0.0000 N   0  0  0  0  0  0  0  0  0  0  0  0
   -1.0323    0.7500    0.0000 C   0  0  0  0  0  0  0  0  0  0  0  0
    0.3943    1.2135    0.0000 C   0  0  0  0  0  0  0  0  0  0  0  0
    1.2760    0.0000    0.0000 C   0  0  0  0  0  0  0  0  0  0  0  0
    0.3943   -1.2135    0.0000 N   0  0  0  0  0  0  0  0  0  0  0  0
   -1.0323   -0.7500    0.0000 N   0  0  0  0  0  0  0  0  0  0  0  0
   -2.2458   -1.6317    0.0000 C   0  0  0  0  0  0  0  0  0  0  0  0
  1  2  1  0
  2  3  2  0
  3  4  1  0
  4  5  2  0
  5  6  1  0
  6  7  2  0
  6  8  1  0
  8  9  1  0
  9 10  2  0
 10 11  1  0
 11 12  2  0
 12 13  1  0
 13 14  1  0
 14 15  1  0
 14 16  1  0
 14 17  1  0
 13 18  2  0
  5 19  1  0
 19 20  2  0
 20 21  1  0
 21 22  1  0
 22 23  2  0
 23 24  1  0
 24 25  1  0
 25 26  2  0
 26 27  1  0
 27 28  2  0
 28 29  1  0
 29 30  2  0
 24 31  2  0
 31 32  1  0
 32 33  2  0
 33 34  1  0
 34 35  2  0
 35 36  1  0
 36 37  1  0
 20  2  1  0
 33 22  1  0
 18  9  1  0
 30 25  1  0
 36 32  1  0
M  END

$$$$
",3.8876632313168384
"CHEMBL4563831","O=C(O)CCc1ncc(-c2ccccc2)o1","
     RDKit          2D

 16 17  0  0  0  0  0  0  0  0999 V2000
   -1.0496   -9.1759    0.0000 O   0  0  0  0  0  0  0  0  0  0  0  0
    0.3207   -8.5658    0.0000 C   0  0  0  0  0  0  0  0  0  0  0  0
    1.5342   -9.4474    0.0000 O   0  0  0  0  0  0  0  0  0  0  0  0
    0.4775   -7.0740    0.0000 C   0  0  0  0  0  0  0  0  0  0  0  0
    1.8478   -6.4639    0.0000 C   0  0  0  0  0  0  0  0  0  0  0  0
    2.0046   -4.9721    0.0000 C   0  0  0  0  0  0  0  0  0  0  0  0
    3.3037   -4.2221    0.0000 N   0  0  0  0  0  0  0  0  0  0  0  0
    2.9918   -2.7549    0.0000 C   0  0  0  0  0  0  0  0  0  0  0  0
    1.5000   -2.5981    0.0000 C   0  0  0  0  0  0  0  0  0  0  0  0
    0.7500   -1.2990    0.0000 C   0  0  0  0  0  0  0  0  0  0  0  0
    1.5000    0.0000    0.0000 C   0  0  0  0  0  0  0  0  0  0  0  0
    0.7500    1.2990    0.0000 C   0  0  0  0  0  0  0  0  0  0  0  0
   -0.7500    1.2990    0.0000 C   0  0  0  0  0  0  0  0  0  0  0  0
   -1.5000    0.0000    0.0000 C   0  0  0  0  0  0  0  0  0  0  0  0
   -0.7500   -1.2990    0.0000 C   0  0  0  0  0  0  0  0  0  0  0  0
    0.8899   -3.9684    0.0000 O   0  0  0  0  0  0  0  0  0  0  0  0
  1  2  2  0
  2  3  1  0
  2  4  1  0
  4  5  1  0
  5  6  1  0
  6  7  2  0
  7  8  1  0
  8  9  2  0
  9 10  1  0
 10 11  2  0
 11 12  1  0
 12 13  2  0
 13 14  1  0
 14 15  2  0
  9 16  1  0
 16  6  1  0
 15 10  1  0
M  END

$$$$
",3.040958607678907
"CHEMBL4577714","CC(C)Cc1ccc(C(=O)CCC(=O)O)cc1","
     RDKit          2D

 17 17  0  0  0  0  0  0  0  0999 V2000
    5.2500   -1.2990    0.0000 C   0  0  0  0  0  0  0  0  0  0  0  0
    3.7500   -1.2990    0.0000 C   0  0  0  0  0  0  0  0  0  0  0  0
    3.0000   -2.5981    0.0000 C   0  0  0  0  0  0  0  0  0  0  0  0
    3.0000    0.0000    0.0000 C   0  0  0  0  0  0  0  0  0  0  0  0
    1.5000    0.0000    0.0000 C   0  0  0  0  0  0  0  0  0  0  0  0
    0.7500   -1.2990    0.0000 C   0  0  0  0  0  0  0  0  0  0  0  0
   -0.7500   -1.2990    0.0000 C   0  0  0  0  0  0  0  0  0  0  0  0
   -1.5000    0.0000    0.0000 C   0  0  0  0  0  0  0  0  0  0  0  0
   -3.0000    0.0000    0.0000 C   0  0  0  0  0  0  0  0  0  0  0  0
   -3.7500   -1.2990    0.0000 O   0  0  0  0  0  0  0  0  0  0  0  0
   -3.7500    1.2990    0.0000 C   0  0  0  0  0  0  0  0  0  0  0  0
   -5.2500    1.2990    0.0000 C   0  0  0  0  0  0  0  0  0  0  0  0
   -6.0000    2.5981    0.0000 C   0  0  0  0  0  0  0  0  0  0  0  0
   -7.5000    2.5981    0.0000 O   0  0  0  0  0  0  0  0  0  0  0  0
   -5.2500    3.8971    0.0000 O   0  0  0  0  0  0  0  0  0  0  0  0
   -0.7500    1.2990    0.0000 C   0  0  0  0  0  0  0  0  0  0  0  0
    0.7500    1.2990    0.0000 C   0  0  0  0  0  0  0  0  0  0  0  0
  1  2  1  0
  2  3  1  0
  2  4  1  0
  4  5  1  0
  5  6  2  0
  6  7  1  0
  7  8  2  0
  8  9  1  0
  9 10  2  0
  9 11  1  0
 11 12  1  0
 12 13  1  0
 13 14  2  0
 13 15  1  0
  8 16  1  0
 16 17  2  0
 17  5  1  0
M  END

$$$$
",3.4089353929735013
"CHEMBL4474814","CC(C)C[C@H](NC(=O)[C@H](CCCNC(=N)N)NC(=O)[C@@H](N)CC(C)C)C(=O)N[C@@H](CCCNC(=N)N)C(=O)NCC(=O)NCC(=O)O","
     RDKit          2D

 47 46  0  0  0  0  0  0  0  0999 V2000
    0.0000    0.0000    0.0000 C   0  0  0  0  0  0  0  0  0  0  0  0
    1.2990    0.7500    0.0000 C   0  0  0  0  0  0  0  0  0  0  0  0
    2.5981   -0.0000    0.0000 C   0  0  0  0  0  0  0  0  0  0  0  0
    1.2990    2.2500    0.0000 C   0  0  0  0  0  0  0  0  0  0  0  0
    2.5981    3.0000    0.0000 C   0  0  0  0  0  0  0  0  0  0  0  0
    3.8971    2.2500    0.0000 N   0  0  0  0  0  0  0  0  0  0  0  0
    5.1962    3.0000    0.0000 C   0  0  0  0  0  0  0  0  0  0  0  0
    5.1962    4.5000    0.0000 O   0  0  0  0  0  0  0  0  0  0  0  0
    6.4952    2.2500    0.0000 C   0  0  0  0  0  0  0  0  0  0  0  0
    7.7942    3.0000    0.0000 C   0  0  0  0  0  0  0  0  0  0  0  0
    9.0933    2.2500    0.0000 C   0  0  0  0  0  0  0  0  0  0  0  0
   10.3923    3.0000    0.0000 C   0  0  0  0  0  0  0  0  0  0  0  0
   11.6913    2.2500    0.0000 N   0  0  0  0  0  0  0  0  0  0  0  0
   12.9904    3.0000    0.0000 C   0  0  0  0  0  0  0  0  0  0  0  0
   12.9904    4.5000    0.0000 N   0  0  0  0  0  0  0  0  0  0  0  0
   14.2894    2.2500    0.0000 N   0  0  0  0  0  0  0  0  0  0  0  0
    6.4952    0.7500    0.0000 N   0  0  0  0  0  0  0  0  0  0  0  0
    7.7942    0.0000    0.0000 C   0  0  0  0  0  0  0  0  0  0  0  0
    9.0933    0.7500    0.0000 O   0  0  0  0  0  0  0  0  0  0  0  0
    7.7942   -1.5000    0.0000 C   0  0  0  0  0  0  0  0  0  0  0  0
    6.4952   -2.2500    0.0000 N   0  0  0  0  0  0  0  0  0  0  0  0
    9.0933   -2.2500    0.0000 C   0  0  0  0  0  0  0  0  0  0  0  0
    9.0933   -3.7500    0.0000 C   0  0  0  0  0  0  0  0  0  0  0  0
   10.3923   -4.5000    0.0000 C   0  0  0  0  0  0  0  0  0  0  0  0
    7.7942   -4.5000    0.0000 C   0  0  0  0  0  0  0  0  0  0  0  0
    2.5981    4.5000    0.0000 C   0  0  0  0  0  0  0  0  0  0  0  0
    1.2990    5.2500    0.0000 O   0  0  0  0  0  0  0  0  0  0  0  0
    3.8971    5.2500    0.0000 N   0  0  0  0  0  0  0  0  0  0  0  0
    3.8971    6.7500    0.0000 C   0  0  0  0  0  0  0  0  0  0  0  0
    5.1962    7.5000    0.0000 C   0  0  0  0  0  0  0  0  0  0  0  0
    5.1962    9.0000    0.0000 C   0  0  0  0  0  0  0  0  0  0  0  0
    6.4952    9.7500    0.0000 C   0  0  0  0  0  0  0  0  0  0  0  0
    6.4952   11.2500    0.0000 N   0  0  0  0  0  0  0  0  0  0  0  0
    7.7942   12.0000    0.0000 C   0  0  0  0  0  0  0  0  0  0  0  0
    9.0933   11.2500    0.0000 N   0  0  0  0  0  0  0  0  0  0  0  0
    7.7942   13.5000    0.0000 N   0  0  0  0  0  0  0  0  0  0  0  0
    2.5981    7.5000    0.0000 C   0  0  0  0  0  0  0  0  0  0  0  0
    1.2990    6.7500    0.0000 O   0  0  0  0  0  0  0  0  0  0  0  0
    2.5981    9.0000    0.0000 N   0  0  0  0  0  0  0  0  0  0  0  0
    1.2990    9.7500    0.0000 C   0  0  0  0  0  0  0  0  0  0  0  0
    1.2990   11.2500    0.0000 C   0  0  0  0  0  0  0  0  0  0  0  0
    2.5981   12.0000    0.0000 O   0  0  0  0  0  0  0  0  0  0  0  0
    0.0000   12.0000    0.0000 N   0  0  0  0  0  0  0  0  0  0  0  0
    0.0000   13.5000    0.0000 C   0  0  0  0  0  0  0  0  0  0  0  0
   -1.2990   14.2500    0.0000 C   0  0  0  0  0  0  0  0  0  0  0  0
   -2.5981   13.5000    0.0000 O   0  0  0  0  0  0  0  0  0  0  0  0
   -1.2990   15.7500    0.0000 O   0  0  0  0  0  0  0  0  0  0  0  0
  1  2  1  0
  2  3  1  0
  2  4  1  0
  5  4  1  1
  5  6  1  0
  6  7  1  0
  7  8  2  0
  7  9  1  0
  9 10  1  6
 10 11  1  0
 11 12  1  0
 12 13  1  0
 13 14  1  0
 14 15  2  0
 14 16  1  0
  9 17  1  0
 17 18  1  0
 18 19  2  0
 18 20  1  0
 20 21  1  6
 20 22  1  0
 22 23  1  0
 23 24  1  0
 23 25  1  0
  5 26  1  0
 26 27  2  0
 26 28  1  0
 28 29  1  0
 29 30  1  6
 30 31  1  0
 31 32  1  0
 32 33  1  0
 33 34  1  0
 34 35  2  0
 34 36  1  0
 29 37  1  0
 37 38  2  0
 37 39  1  0
 39 40  1  0
 40 41  1  0
 41 42  2  0
 41 43  1  0
 43 44  1  0
 44 45  1  0
 45 46  2  0
 45 47  1  0
M  END

$$$$
",4.283996656365201
"CHEMBL2012938","O=C(Cc1ccccc1)Oc1c(OC(=O)Cc2ccccc2)c(-c2ccc(O)cc2)c(O)c(O)c1-c1ccc(O)cc1","
     RDKit          2D

 42 46  0  0  0  0  0  0  0  0999 V2000
    1.7920   -4.9761    0.0000 O   0  0  0  0  0  0  0  0  0  0  0  0
    0.7500   -3.8971    0.0000 C   0  0  0  0  0  0  0  0  0  0  0  0
    1.5000   -2.5981    0.0000 C   0  0  0  0  0  0  0  0  0  0  0  0
    0.7500   -1.2990    0.0000 C   0  0  0  0  0  0  0  0  0  0  0  0
    1.5000    0.0000    0.0000 C   0  0  0  0  0  0  0  0  0  0  0  0
    0.7500    1.2990    0.0000 C   0  0  0  0  0  0  0  0  0  0  0  0
   -0.7500    1.2990    0.0000 C   0  0  0  0  0  0  0  0  0  0  0  0
   -1.5000    0.0000    0.0000 C   0  0  0  0  0  0  0  0  0  0  0  0
   -0.7500   -1.2990    0.0000 C   0  0  0  0  0  0  0  0  0  0  0  0
   -0.7500   -3.8971    0.0000 O   0  0  0  0  0  0  0  0  0  0  0  0
   -1.5000   -5.1962    0.0000 C   0  0  0  0  0  0  0  0  0  0  0  0
   -3.0000   -5.1962    0.0000 C   0  0  0  0  0  0  0  0  0  0  0  0
   -3.7500   -3.8971    0.0000 O   0  0  0  0  0  0  0  0  0  0  0  0
   -5.2500   -3.8971    0.0000 C   0  0  0  0  0  0  0  0  0  0  0  0
   -5.8038   -4.4705    0.0000 O   0  0  0  0  0  0  0  0  0  0  0  0
   -6.0000   -2.5981    0.0000 C   0  0  0  0  0  0  0  0  0  0  0  0
   -7.5000   -2.5981    0.0000 C   0  0  0  0  0  0  0  0  0  0  0  0
   -8.2500   -1.2990    0.0000 C   0  0  0  0  0  0  0  0  0  0  0  0
   -9.7500   -1.2990    0.0000 C   0  0  0  0  0  0  0  0  0  0  0  0
  -10.5000   -2.5981    0.0000 C   0  0  0  0  0  0  0  0  0  0  0  0
   -9.7500   -3.8971    0.0000 C   0  0  0  0  0  0  0  0  0  0  0  0
   -8.2500   -3.8971    0.0000 C   0  0  0  0  0  0  0  0  0  0  0  0
   -3.7500   -6.4952    0.0000 C   0  0  0  0  0  0  0  0  0  0  0  0
   -5.2500   -6.4952    0.0000 C   0  0  0  0  0  0  0  0  0  0  0  0
   -6.0000   -7.7942    0.0000 C   0  0  0  0  0  0  0  0  0  0  0  0
   -7.5000   -7.7942    0.0000 C   0  0  0  0  0  0  0  0  0  0  0  0
   -8.2500   -6.4952    0.0000 C   0  0  0  0  0  0  0  0  0  0  0  0
   -9.7500   -6.4952    0.0000 O   0  0  0  0  0  0  0  0  0  0  0  0
   -7.5000   -5.1962    0.0000 C   0  0  0  0  0  0  0  0  0  0  0  0
   -6.0000   -5.1962    0.0000 C   0  0  0  0  0  0  0  0  0  0  0  0
   -3.0000   -7.7942    0.0000 C   0  0  0  0  0  0  0  0  0  0  0  0
   -3.7500   -9.0933    0.0000 O   0  0  0  0  0  0  0  0  0  0  0  0
   -1.5000   -7.7942    0.0000 C   0  0  0  0  0  0  0  0  0  0  0  0
   -0.7500   -9.0933    0.0000 O   0  0  0  0  0  0  0  0  0  0  0  0
   -0.7500   -6.4952    0.0000 C   0  0  0  0  0  0  0  0  0  0  0  0
    0.7500   -6.4952    0.0000 C   0  0  0  0  0  0  0  0  0  0  0  0
    1.5000   -7.7942    0.0000 C   0  0  0  0  0  0  0  0  0  0  0  0
    3.0000   -7.7942    0.0000 C   0  0  0  0  0  0  0  0  0  0  0  0
    3.7500   -6.4952    0.0000 C   0  0  0  0  0  0  0  0  0  0  0  0
    5.2500   -6.4952    0.0000 O   0  0  0  0  0  0  0  0  0  0  0  0
    3.0000   -5.1962    0.0000 C   0  0  0  0  0  0  0  0  0  0  0  0
    1.5000   -5.1962    0.0000 C   0  0  0  0  0  0  0  0  0  0  0  0
  1  2  2  0
  2  3  1  0
  3  4  1  0
  4  5  2  0
  5  6  1  0
  6  7  2  0
  7  8  1  0
  8  9  2  0
  2 10  1  0
 10 11  1  0
 11 12  2  0
 12 13  1  0
 13 14  1  0
 14 15  2  0
 14 16  1  0
 16 17  1  0
 17 18  2  0
 18 19  1  0
 19 20  2  0
 20 21  1  0
 21 22  2  0
 12 23  1  0
 23 24  1  0
 24 25  2  0
 25 26  1  0
 26 27  2  0
 27 28  1  0
 27 29  1  0
 29 30  2  0
 23 31  2  0
 31 32  1  0
 31 33  1  0
 33 34  1  0
 33 35  2  0
 35 36  1  0
 36 37  2  0
 37 38  1  0
 38 39  2  0
 39 40  1  0
 39 41  1  0
 41 42  2  0
  9  4  1  0
 35 11  1  0
 42 36  1  0
 22 17  1  0
 30 24  1  0
M  END

$$$$
",5.3979400086720375
"CHEMBL4129140","CC(=O)C1=C(O)C(=O)N(CCc2ccc(Cl)c(Cl)c2)C1c1ccc(Br)cc1","
     RDKit          2D

 27 29  0  0  0  0  0  0  0  0999 V2000
    0.4775   -9.6721    0.0000 C   0  0  0  0  0  0  0  0  0  0  0  0
    1.8478   -9.0619    0.0000 C   0  0  0  0  0  0  0  0  0  0  0  0
    3.0613   -9.9436    0.0000 O   0  0  0  0  0  0  0  0  0  0  0  0
    2.0046   -7.5702    0.0000 C   0  0  0  0  0  0  0  0  0  0  0  0
    3.3037   -6.8202    0.0000 C   0  0  0  0  0  0  0  0  0  0  0  0
    4.6740   -7.4303    0.0000 O   0  0  0  0  0  0  0  0  0  0  0  0
    2.9918   -5.3529    0.0000 C   0  0  0  0  0  0  0  0  0  0  0  0
    3.9955   -4.2382    0.0000 O   0  0  0  0  0  0  0  0  0  0  0  0
    1.5000   -5.1962    0.0000 N   0  0  0  0  0  0  0  0  0  0  0  0
    0.7500   -3.8971    0.0000 C   0  0  0  0  0  0  0  0  0  0  0  0
    1.5000   -2.5981    0.0000 C   0  0  0  0  0  0  0  0  0  0  0  0
    0.7500   -1.2990    0.0000 C   0  0  0  0  0  0  0  0  0  0  0  0
    1.5000    0.0000    0.0000 C   0  0  0  0  0  0  0  0  0  0  0  0
    0.7500    1.2990    0.0000 C   0  0  0  0  0  0  0  0  0  0  0  0
   -0.7500    1.2990    0.0000 C   0  0  0  0  0  0  0  0  0  0  0  0
   -1.5000    2.5981    0.0000 Cl  0  0  0  0  0  0  0  0  0  0  0  0
   -1.5000    0.0000    0.0000 C   0  0  0  0  0  0  0  0  0  0  0  0
   -3.0000    0.0000    0.0000 Cl  0  0  0  0  0  0  0  0  0  0  0  0
   -0.7500   -1.2990    0.0000 C   0  0  0  0  0  0  0  0  0  0  0  0
    0.8899   -6.5665    0.0000 C   0  0  0  0  0  0  0  0  0  0  0  0
   -0.5773   -6.8783    0.0000 C   0  0  0  0  0  0  0  0  0  0  0  0
   -1.5810   -5.7636    0.0000 C   0  0  0  0  0  0  0  0  0  0  0  0
   -3.0482   -6.0755    0.0000 C   0  0  0  0  0  0  0  0  0  0  0  0
   -3.5118   -7.5021    0.0000 C   0  0  0  0  0  0  0  0  0  0  0  0
   -4.9790   -7.8139    0.0000 Br  0  0  0  0  0  0  0  0  0  0  0  0
   -2.5081   -8.6168    0.0000 C   0  0  0  0  0  0  0  0  0  0  0  0
   -1.0409   -8.3049    0.0000 C   0  0  0  0  0  0  0  0  0  0  0  0
  1  2  1  0
  2  3  2  0
  2  4  1  0
  4  5  2  0
  5  6  1  0
  5  7  1  0
  7  8  2  0
  7  9  1  0
  9 10  1  0
 10 11  1  0
 11 12  1  0
 12 13  2  0
 13 14  1  0
 14 15  2  0
 15 16  1  0
 15 17  1  0
 17 18  1  0
 17 19  2  0
  9 20  1  0
 20 21  1  0
 21 22  2  0
 22 23  1  0
 23 24  2  0
 24 25  1  0
 24 26  1  0
 26 27  2  0
 20  4  1  0
 27 21  1  0
 19 12  1  0
M  END

$$$$
",3.6989700043360187
"CHEMBL5273043","CC(NC(=O)C1CCCC1)C(=O)Nc1nnc(Cc2ccc([N+](=O)[O-])cc2)s1","
     RDKit          2D

 28 30  0  0  0  0  0  0  0  0999 V2000
   -1.8681  -11.0180    0.0000 C   0  0  0  0  0  0  0  0  0  0  0  0
   -0.6546  -10.1364    0.0000 C   0  0  0  0  0  0  0  0  0  0  0  0
    0.7158  -10.7465    0.0000 N   0  0  0  0  0  0  0  0  0  0  0  0
    0.8726  -12.2383    0.0000 C   0  0  0  0  0  0  0  0  0  0  0  0
   -0.3410  -13.1199    0.0000 O   0  0  0  0  0  0  0  0  0  0  0  0
    2.2429  -12.8484    0.0000 C   0  0  0  0  0  0  0  0  0  0  0  0
    3.5419  -12.0984    0.0000 C   0  0  0  0  0  0  0  0  0  0  0  0
    4.6566  -13.1021    0.0000 C   0  0  0  0  0  0  0  0  0  0  0  0
    4.0465  -14.4724    0.0000 C   0  0  0  0  0  0  0  0  0  0  0  0
    2.5547  -14.3156    0.0000 C   0  0  0  0  0  0  0  0  0  0  0  0
   -0.8113   -8.6446    0.0000 C   0  0  0  0  0  0  0  0  0  0  0  0
   -2.1817   -8.0345    0.0000 O   0  0  0  0  0  0  0  0  0  0  0  0
    0.4022   -7.7629    0.0000 N   0  0  0  0  0  0  0  0  0  0  0  0
    0.2454   -6.2711    0.0000 C   0  0  0  0  0  0  0  0  0  0  0  0
   -1.0537   -5.5211    0.0000 N   0  0  0  0  0  0  0  0  0  0  0  0
   -0.7418   -4.0539    0.0000 N   0  0  0  0  0  0  0  0  0  0  0  0
    0.7500   -3.8971    0.0000 C   0  0  0  0  0  0  0  0  0  0  0  0
    1.5000   -2.5981    0.0000 C   0  0  0  0  0  0  0  0  0  0  0  0
    0.7500   -1.2990    0.0000 C   0  0  0  0  0  0  0  0  0  0  0  0
    1.5000    0.0000    0.0000 C   0  0  0  0  0  0  0  0  0  0  0  0
    0.7500    1.2990    0.0000 C   0  0  0  0  0  0  0  0  0  0  0  0
   -0.7500    1.2990    0.0000 C   0  0  0  0  0  0  0  0  0  0  0  0
   -1.5000    2.5981    0.0000 N   0  0  0  0  0  4  0  0  0  0  0  0
   -0.7500    3.8971    0.0000 O   0  0  0  0  0  0  0  0  0  0  0  0
   -3.0000    2.5981    0.0000 O   0  0  0  0  0  1  0  0  0  0  0  0
   -1.5000    0.0000    0.0000 C   0  0  0  0  0  0  0  0  0  0  0  0
   -0.7500   -1.2990    0.0000 C   0  0  0  0  0  0  0  0  0  0  0  0
    1.3601   -5.2674    0.0000 S   0  0  0  0  0  0  0  0  0  0  0  0
  1  2  1  0
  2  3  1  0
  3  4  1  0
  4  5  2  0
  4  6  1  0
  6  7  1  0
  7  8  1  0
  8  9  1  0
  9 10  1  0
  2 11  1  0
 11 12  2  0
 11 13  1  0
 13 14  1  0
 14 15  2  0
 15 16  1  0
 16 17  2  0
 17 18  1  0
 18 19  1  0
 19 20  2  0
 20 21  1  0
 21 22  2  0
 22 23  1  0
 23 24  2  0
 23 25  1  0
 22 26  1  0
 26 27  2  0
 17 28  1  0
 10  6  1  0
 28 14  1  0
 27 19  1  0
M  CHG  2  23   1  25  -1
M  END

$$$$
",7.301029995663981
"CHEMBL3752910","Cc1ccc(C(=O)Nc2cccc(C(F)(F)F)c2)cc1Nc1nc(-c2cccnc2)nc2c1cnn2C","
     RDKit          2D

 37 41  0  0  0  0  0  0  0  0999 V2000
   -0.0967    5.1517    0.0000 C   0  0  0  0  0  0  0  0  0  0  0  0
    1.3299    5.6152    0.0000 C   0  0  0  0  0  0  0  0  0  0  0  0
    1.6418    7.0824    0.0000 C   0  0  0  0  0  0  0  0  0  0  0  0
    3.0684    7.5459    0.0000 C   0  0  0  0  0  0  0  0  0  0  0  0
    4.1831    6.5422    0.0000 C   0  0  0  0  0  0  0  0  0  0  0  0
    5.6097    7.0058    0.0000 C   0  0  0  0  0  0  0  0  0  0  0  0
    5.9215    8.4730    0.0000 O   0  0  0  0  0  0  0  0  0  0  0  0
    6.7244    6.0021    0.0000 N   0  0  0  0  0  0  0  0  0  0  0  0
    8.1510    6.4656    0.0000 C   0  0  0  0  0  0  0  0  0  0  0  0
    9.2657    5.4619    0.0000 C   0  0  0  0  0  0  0  0  0  0  0  0
   10.6923    5.9254    0.0000 C   0  0  0  0  0  0  0  0  0  0  0  0
   11.0041    7.3926    0.0000 C   0  0  0  0  0  0  0  0  0  0  0  0
    9.8894    8.3963    0.0000 C   0  0  0  0  0  0  0  0  0  0  0  0
   10.2013    9.8636    0.0000 C   0  0  0  0  0  0  0  0  0  0  0  0
   10.5131   11.3308    0.0000 F   0  0  0  0  0  0  0  0  0  0  0  0
   11.6685    9.5517    0.0000 F   0  0  0  0  0  0  0  0  0  0  0  0
    8.7341   10.1754    0.0000 F   0  0  0  0  0  0  0  0  0  0  0  0
    8.4628    7.9328    0.0000 C   0  0  0  0  0  0  0  0  0  0  0  0
    3.8712    5.0750    0.0000 C   0  0  0  0  0  0  0  0  0  0  0  0
    2.4446    4.6115    0.0000 C   0  0  0  0  0  0  0  0  0  0  0  0
    2.1328    3.1443    0.0000 N   0  0  0  0  0  0  0  0  0  0  0  0
    0.7062    2.6807    0.0000 C   0  0  0  0  0  0  0  0  0  0  0  0
   -0.4086    3.6844    0.0000 N   0  0  0  0  0  0  0  0  0  0  0  0
   -1.8351    3.2209    0.0000 C   0  0  0  0  0  0  0  0  0  0  0  0
   -2.9499    4.2246    0.0000 C   0  0  0  0  0  0  0  0  0  0  0  0
   -2.6380    5.6918    0.0000 C   0  0  0  0  0  0  0  0  0  0  0  0
   -3.7527    6.6955    0.0000 C   0  0  0  0  0  0  0  0  0  0  0  0
   -5.1793    6.2320    0.0000 C   0  0  0  0  0  0  0  0  0  0  0  0
   -5.4912    4.7648    0.0000 N   0  0  0  0  0  0  0  0  0  0  0  0
   -4.3764    3.7611    0.0000 C   0  0  0  0  0  0  0  0  0  0  0  0
   -2.1470    1.7537    0.0000 N   0  0  0  0  0  0  0  0  0  0  0  0
   -1.0323    0.7500    0.0000 C   0  0  0  0  0  0  0  0  0  0  0  0
    0.3943    1.2135    0.0000 C   0  0  0  0  0  0  0  0  0  0  0  0
    1.2760    0.0000    0.0000 C   0  0  0  0  0  0  0  0  0  0  0  0
    0.3943   -1.2135    0.0000 N   0  0  0  0  0  0  0  0  0  0  0  0
   -1.0323   -0.7500    0.0000 N   0  0  0  0  0  0  0  0  0  0  0  0
   -2.2458   -1.6317    0.0000 C   0  0  0  0  0  0  0  0  0  0  0  0
  1  2  1  0
  2  3  2  0
  3  4  1  0
  4  5  2  0
  5  6  1  0
  6  7  2  0
  6  8  1  0
  8  9  1  0
  9 10  2  0
 10 11  1  0
 11 12  2  0
 12 13  1  0
 13 14  1  0
 14 15  1  0
 14 16  1  0
 14 17  1  0
 13 18  2  0
  5 19  1  0
 19 20  2  0
 20 21  1  0
 21 22  1  0
 22 23  2  0
 23 24  1  0
 24 25  1  0
 25 26  2  0
 26 27  1  0
 27 28  2  0
 28 29  1  0
 29 30  2  0
 24 31  2  0
 31 32  1  0
 32 33  2  0
 33 34  1  0
 34 35  2  0
 35 36  1  0
 36 37  1  0
 20  2  1  0
 33 22  1  0
 18  9  1  0
 30 25  1  0
 36 32  1  0
M  END

$$$$
",3.8876632313168384
"CHEMBL5286558","O=C(O)CNC(=O)c1ccc(S(=O)(=O)N2CCC(c3ccccc3)CC2)cc1Cl","
     RDKit          2D

 29 31  0  0  0  0  0  0  0  0999 V2000
    7.5000   -2.5981    0.0000 O   0  0  0  0  0  0  0  0  0  0  0  0
    6.0000   -2.5981    0.0000 C   0  0  0  0  0  0  0  0  0  0  0  0
    5.2500   -3.8971    0.0000 O   0  0  0  0  0  0  0  0  0  0  0  0
    5.2500   -1.2990    0.0000 C   0  0  0  0  0  0  0  0  0  0  0  0
    3.7500   -1.2990    0.0000 N   0  0  0  0  0  0  0  0  0  0  0  0
    3.0000    0.0000    0.0000 C   0  0  0  0  0  0  0  0  0  0  0  0
    3.7500    1.2990    0.0000 O   0  0  0  0  0  0  0  0  0  0  0  0
    1.5000    0.0000    0.0000 C   0  0  0  0  0  0  0  0  0  0  0  0
    0.7500   -1.2990    0.0000 C   0  0  0  0  0  0  0  0  0  0  0  0
   -0.7500   -1.2990    0.0000 C   0  0  0  0  0  0  0  0  0  0  0  0
   -1.5000    0.0000    0.0000 C   0  0  0  0  0  0  0  0  0  0  0  0
   -3.0000    0.0000    0.0000 S   0  0  0  0  0  0  0  0  0  0  0  0
   -3.0000    1.5000    0.0000 O   0  0  0  0  0  0  0  0  0  0  0  0
   -3.0000   -1.5000    0.0000 O   0  0  0  0  0  0  0  0  0  0  0  0
   -4.5000    0.0000    0.0000 N   0  0  0  0  0  0  0  0  0  0  0  0
   -5.2500    1.2990    0.0000 C   0  0  0  0  0  0  0  0  0  0  0  0
   -6.7500    1.2990    0.0000 C   0  0  0  0  0  0  0  0  0  0  0  0
   -7.5000    0.0000    0.0000 C   0  0  0  0  0  0  0  0  0  0  0  0
   -9.0000    0.0000    0.0000 C   0  0  0  0  0  0  0  0  0  0  0  0
   -9.7500    1.2990    0.0000 C   0  0  0  0  0  0  0  0  0  0  0  0
  -11.2500    1.2990    0.0000 C   0  0  0  0  0  0  0  0  0  0  0  0
  -12.0000   -0.0000    0.0000 C   0  0  0  0  0  0  0  0  0  0  0  0
  -11.2500   -1.2990    0.0000 C   0  0  0  0  0  0  0  0  0  0  0  0
   -9.7500   -1.2990    0.0000 C   0  0  0  0  0  0  0  0  0  0  0  0
   -6.7500   -1.2990    0.0000 C   0  0  0  0  0  0  0  0  0  0  0  0
   -5.2500   -1.2990    0.0000 C   0  0  0  0  0  0  0  0  0  0  0  0
   -0.7500    1.2990    0.0000 C   0  0  0  0  0  0  0  0  0  0  0  0
    0.7500    1.2990    0.0000 C   0  0  0  0  0  0  0  0  0  0  0  0
    1.5000    2.5981    0.0000 Cl  0  0  0  0  0  0  0  0  0  0  0  0
  1  2  2  0
  2  3  1  0
  2  4  1  0
  4  5  1  0
  5  6  1  0
  6  7  2  0
  6  8  1  0
  8  9  2  0
  9 10  1  0
 10 11  2  0
 11 12  1  0
 12 13  2  0
 12 14  2  0
 12 15  1  0
 15 16  1  0
 16 17  1  0
 17 18  1  0
 18 19  1  0
 19 20  2  0
 20 21  1  0
 21 22  2  0
 22 23  1  0
 23 24  2  0
 18 25  1  0
 25 26  1  0
 11 27  1  0
 27 28  2  0
 28 29  1  0
 28  8  1  0
 26 15  1  0
 24 19  1  0
M  END

$$$$
",3.6777807052660814
"CHEMBL5273898","CN(C)C1CCN(S(=O)(=O)c2ccc(C(=O)NCC(=O)O)cc2)CC1","
     RDKit          2D

 25 26  0  0  0  0  0  0  0  0999 V2000
    3.7500   -1.2990    0.0000 C   0  0  0  0  0  0  0  0  0  0  0  0
    3.0000    0.0000    0.0000 N   0  0  0  0  0  0  0  0  0  0  0  0
    3.7500    1.2990    0.0000 C   0  0  0  0  0  0  0  0  0  0  0  0
    1.5000    0.0000    0.0000 C   0  0  0  0  0  0  0  0  0  0  0  0
    0.7500   -1.2990    0.0000 C   0  0  0  0  0  0  0  0  0  0  0  0
   -0.7500   -1.2990    0.0000 C   0  0  0  0  0  0  0  0  0  0  0  0
   -1.5000    0.0000    0.0000 N   0  0  0  0  0  0  0  0  0  0  0  0
   -3.0000    0.0000    0.0000 S   0  0  0  0  0  0  0  0  0  0  0  0
   -3.0000   -1.5000    0.0000 O   0  0  0  0  0  0  0  0  0  0  0  0
   -3.0000    1.5000    0.0000 O   0  0  0  0  0  0  0  0  0  0  0  0
   -4.5000    0.0000    0.0000 C   0  0  0  0  0  0  0  0  0  0  0  0
   -5.2500    1.2990    0.0000 C   0  0  0  0  0  0  0  0  0  0  0  0
   -6.7500    1.2990    0.0000 C   0  0  0  0  0  0  0  0  0  0  0  0
   -7.5000    0.0000    0.0000 C   0  0  0  0  0  0  0  0  0  0  0  0
   -9.0000    0.0000    0.0000 C   0  0  0  0  0  0  0  0  0  0  0  0
   -9.7500   -1.2990    0.0000 O   0  0  0  0  0  0  0  0  0  0  0  0
   -9.7500    1.2990    0.0000 N   0  0  0  0  0  0  0  0  0  0  0  0
  -11.2500    1.2990    0.0000 C   0  0  0  0  0  0  0  0  0  0  0  0
  -12.0000    2.5981    0.0000 C   0  0  0  0  0  0  0  0  0  0  0  0
  -13.5000    2.5981    0.0000 O   0  0  0  0  0  0  0  0  0  0  0  0
  -11.2500    3.8971    0.0000 O   0  0  0  0  0  0  0  0  0  0  0  0
   -6.7500   -1.2990    0.0000 C   0  0  0  0  0  0  0  0  0  0  0  0
   -5.2500   -1.2990    0.0000 C   0  0  0  0  0  0  0  0  0  0  0  0
   -0.7500    1.2990    0.0000 C   0  0  0  0  0  0  0  0  0  0  0  0
    0.7500    1.2990    0.0000 C   0  0  0  0  0  0  0  0  0  0  0  0
  1  2  1  0
  2  3  1  0
  2  4  1  0
  4  5  1  0
  5  6  1  0
  6  7  1  0
  7  8  1  0
  8  9  2  0
  8 10  2  0
  8 11  1  0
 11 12  2  0
 12 13  1  0
 13 14  2  0
 14 15  1  0
 15 16  2  0
 15 17  1  0
 17 18  1  0
 18 19  1  0
 19 20  2  0
 19 21  1  0
 14 22  1  0
 22 23  2  0
  7 24  1  0
 24 25  1  0
 25  4  1  0
 23 11  1  0
M  END

$$$$
",4.096910013008057
"CHEMBL5278336","O=C(O)CNC(=O)c1ccc(S(=O)(=O)N2CCC(c3ccc(Cl)cc3)CC2)cn1","
     RDKit          2D

 29 31  0  0  0  0  0  0  0  0999 V2000
    7.5000   -2.5981    0.0000 O   0  0  0  0  0  0  0  0  0  0  0  0
    6.0000   -2.5981    0.0000 C   0  0  0  0  0  0  0  0  0  0  0  0
    5.2500   -3.8971    0.0000 O   0  0  0  0  0  0  0  0  0  0  0  0
    5.2500   -1.2990    0.0000 C   0  0  0  0  0  0  0  0  0  0  0  0
    3.7500   -1.2990    0.0000 N   0  0  0  0  0  0  0  0  0  0  0  0
    3.0000    0.0000    0.0000 C   0  0  0  0  0  0  0  0  0  0  0  0
    3.7500    1.2990    0.0000 O   0  0  0  0  0  0  0  0  0  0  0  0
    1.5000    0.0000    0.0000 C   0  0  0  0  0  0  0  0  0  0  0  0
    0.7500   -1.2990    0.0000 C   0  0  0  0  0  0  0  0  0  0  0  0
   -0.7500   -1.2990    0.0000 C   0  0  0  0  0  0  0  0  0  0  0  0
   -1.5000    0.0000    0.0000 C   0  0  0  0  0  0  0  0  0  0  0  0
   -3.0000    0.0000    0.0000 S   0  0  0  0  0  0  0  0  0  0  0  0
   -3.0000    1.5000    0.0000 O   0  0  0  0  0  0  0  0  0  0  0  0
   -3.0000   -1.5000    0.0000 O   0  0  0  0  0  0  0  0  0  0  0  0
   -4.5000    0.0000    0.0000 N   0  0  0  0  0  0  0  0  0  0  0  0
   -5.2500    1.2990    0.0000 C   0  0  0  0  0  0  0  0  0  0  0  0
   -6.7500    1.2990    0.0000 C   0  0  0  0  0  0  0  0  0  0  0  0
   -7.5000    0.0000    0.0000 C   0  0  0  0  0  0  0  0  0  0  0  0
   -9.0000    0.0000    0.0000 C   0  0  0  0  0  0  0  0  0  0  0  0
   -9.7500    1.2990    0.0000 C   0  0  0  0  0  0  0  0  0  0  0  0
  -11.2500    1.2990    0.0000 C   0  0  0  0  0  0  0  0  0  0  0  0
  -12.0000   -0.0000    0.0000 C   0  0  0  0  0  0  0  0  0  0  0  0
  -13.5000   -0.0000    0.0000 Cl  0  0  0  0  0  0  0  0  0  0  0  0
  -11.2500   -1.2990    0.0000 C   0  0  0  0  0  0  0  0  0  0  0  0
   -9.7500   -1.2990    0.0000 C   0  0  0  0  0  0  0  0  0  0  0  0
   -6.7500   -1.2990    0.0000 C   0  0  0  0  0  0  0  0  0  0  0  0
   -5.2500   -1.2990    0.0000 C   0  0  0  0  0  0  0  0  0  0  0  0
   -0.7500    1.2990    0.0000 C   0  0  0  0  0  0  0  0  0  0  0  0
    0.7500    1.2990    0.0000 N   0  0  0  0  0  0  0  0  0  0  0  0
  1  2  2  0
  2  3  1  0
  2  4  1  0
  4  5  1  0
  5  6  1  0
  6  7  2  0
  6  8  1  0
  8  9  2  0
  9 10  1  0
 10 11  2  0
 11 12  1  0
 12 13  2  0
 12 14  2  0
 12 15  1  0
 15 16  1  0
 16 17  1  0
 17 18  1  0
 18 19  1  0
 19 20  2  0
 20 21  1  0
 21 22  2  0
 22 23  1  0
 22 24  1  0
 24 25  2  0
 18 26  1  0
 26 27  1  0
 11 28  1  0
 28 29  2  0
 29  8  1  0
 27 15  1  0
 25 19  1  0
M  END

$$$$
",4.585026652029183
"CHEMBL5290098","O=C(O)CNC(=O)c1ccc(S(=O)(=O)N2CCC(c3ccccc3)CC2)c(F)c1","
     RDKit          2D

 29 31  0  0  0  0  0  0  0  0999 V2000
    7.5000   -2.5981    0.0000 O   0  0  0  0  0  0  0  0  0  0  0  0
    6.0000   -2.5981    0.0000 C   0  0  0  0  0  0  0  0  0  0  0  0
    5.2500   -3.8971    0.0000 O   0  0  0  0  0  0  0  0  0  0  0  0
    5.2500   -1.2990    0.0000 C   0  0  0  0  0  0  0  0  0  0  0  0
    3.7500   -1.2990    0.0000 N   0  0  0  0  0  0  0  0  0  0  0  0
    3.0000    0.0000    0.0000 C   0  0  0  0  0  0  0  0  0  0  0  0
    3.7500    1.2990    0.0000 O   0  0  0  0  0  0  0  0  0  0  0  0
    1.5000    0.0000    0.0000 C   0  0  0  0  0  0  0  0  0  0  0  0
    0.7500   -1.2990    0.0000 C   0  0  0  0  0  0  0  0  0  0  0  0
   -0.7500   -1.2990    0.0000 C   0  0  0  0  0  0  0  0  0  0  0  0
   -1.5000    0.0000    0.0000 C   0  0  0  0  0  0  0  0  0  0  0  0
   -3.0000    0.0000    0.0000 S   0  0  0  0  0  0  0  0  0  0  0  0
   -3.0000    1.5000    0.0000 O   0  0  0  0  0  0  0  0  0  0  0  0
   -3.0000   -1.5000    0.0000 O   0  0  0  0  0  0  0  0  0  0  0  0
   -4.5000    0.0000    0.0000 N   0  0  0  0  0  0  0  0  0  0  0  0
   -5.2500    1.2990    0.0000 C   0  0  0  0  0  0  0  0  0  0  0  0
   -6.7500    1.2990    0.0000 C   0  0  0  0  0  0  0  0  0  0  0  0
   -7.5000    0.0000    0.0000 C   0  0  0  0  0  0  0  0  0  0  0  0
   -9.0000    0.0000    0.0000 C   0  0  0  0  0  0  0  0  0  0  0  0
   -9.7500    1.2990    0.0000 C   0  0  0  0  0  0  0  0  0  0  0  0
  -11.2500    1.2990    0.0000 C   0  0  0  0  0  0  0  0  0  0  0  0
  -12.0000   -0.0000    0.0000 C   0  0  0  0  0  0  0  0  0  0  0  0
  -11.2500   -1.2990    0.0000 C   0  0  0  0  0  0  0  0  0  0  0  0
   -9.7500   -1.2990    0.0000 C   0  0  0  0  0  0  0  0  0  0  0  0
   -6.7500   -1.2990    0.0000 C   0  0  0  0  0  0  0  0  0  0  0  0
   -5.2500   -1.2990    0.0000 C   0  0  0  0  0  0  0  0  0  0  0  0
   -0.7500    1.2990    0.0000 C   0  0  0  0  0  0  0  0  0  0  0  0
   -1.5000    2.5981    0.0000 F   0  0  0  0  0  0  0  0  0  0  0  0
    0.7500    1.2990    0.0000 C   0  0  0  0  0  0  0  0  0  0  0  0
  1  2  2  0
  2  3  1  0
  2  4  1  0
  4  5  1  0
  5  6  1  0
  6  7  2  0
  6  8  1  0
  8  9  2  0
  9 10  1  0
 10 11  2  0
 11 12  1  0
 12 13  2  0
 12 14  2  0
 12 15  1  0
 15 16  1  0
 16 17  1  0
 17 18  1  0
 18 19  1  0
 19 20  2  0
 20 21  1  0
 21 22  2  0
 22 23  1  0
 23 24  2  0
 18 25  1  0
 25 26  1  0
 11 27  1  0
 27 28  1  0
 27 29  2  0
 29  8  1  0
 26 15  1  0
 24 19  1  0
M  END

$$$$
",4.3767507096021
"CHEMBL5271929","O=C(O)CNC(=O)c1ccc(S(=O)(=O)N2CCC(c3ccccc3)CC2)cc1F","
     RDKit          2D

 29 31  0  0  0  0  0  0  0  0999 V2000
    7.5000   -2.5981    0.0000 O   0  0  0  0  0  0  0  0  0  0  0  0
    6.0000   -2.5981    0.0000 C   0  0  0  0  0  0  0  0  0  0  0  0
    5.2500   -3.8971    0.0000 O   0  0  0  0  0  0  0  0  0  0  0  0
    5.2500   -1.2990    0.0000 C   0  0  0  0  0  0  0  0  0  0  0  0
    3.7500   -1.2990    0.0000 N   0  0  0  0  0  0  0  0  0  0  0  0
    3.0000    0.0000    0.0000 C   0  0  0  0  0  0  0  0  0  0  0  0
    3.7500    1.2990    0.0000 O   0  0  0  0  0  0  0  0  0  0  0  0
    1.5000    0.0000    0.0000 C   0  0  0  0  0  0  0  0  0  0  0  0
    0.7500   -1.2990    0.0000 C   0  0  0  0  0  0  0  0  0  0  0  0
   -0.7500   -1.2990    0.0000 C   0  0  0  0  0  0  0  0  0  0  0  0
   -1.5000    0.0000    0.0000 C   0  0  0  0  0  0  0  0  0  0  0  0
   -3.0000    0.0000    0.0000 S   0  0  0  0  0  0  0  0  0  0  0  0
   -3.0000    1.5000    0.0000 O   0  0  0  0  0  0  0  0  0  0  0  0
   -3.0000   -1.5000    0.0000 O   0  0  0  0  0  0  0  0  0  0  0  0
   -4.5000    0.0000    0.0000 N   0  0  0  0  0  0  0  0  0  0  0  0
   -5.2500    1.2990    0.0000 C   0  0  0  0  0  0  0  0  0  0  0  0
   -6.7500    1.2990    0.0000 C   0  0  0  0  0  0  0  0  0  0  0  0
   -7.5000    0.0000    0.0000 C   0  0  0  0  0  0  0  0  0  0  0  0
   -9.0000    0.0000    0.0000 C   0  0  0  0  0  0  0  0  0  0  0  0
   -9.7500    1.2990    0.0000 C   0  0  0  0  0  0  0  0  0  0  0  0
  -11.2500    1.2990    0.0000 C   0  0  0  0  0  0  0  0  0  0  0  0
  -12.0000   -0.0000    0.0000 C   0  0  0  0  0  0  0  0  0  0  0  0
  -11.2500   -1.2990    0.0000 C   0  0  0  0  0  0  0  0  0  0  0  0
   -9.7500   -1.2990    0.0000 C   0  0  0  0  0  0  0  0  0  0  0  0
   -6.7500   -1.2990    0.0000 C   0  0  0  0  0  0  0  0  0  0  0  0
   -5.2500   -1.2990    0.0000 C   0  0  0  0  0  0  0  0  0  0  0  0
   -0.7500    1.2990    0.0000 C   0  0  0  0  0  0  0  0  0  0  0  0
    0.7500    1.2990    0.0000 C   0  0  0  0  0  0  0  0  0  0  0  0
    1.5000    2.5981    0.0000 F   0  0  0  0  0  0  0  0  0  0  0  0
  1  2  2  0
  2  3  1  0
  2  4  1  0
  4  5  1  0
  5  6  1  0
  6  7  2  0
  6  8  1  0
  8  9  2  0
  9 10  1  0
 10 11  2  0
 11 12  1  0
 12 13  2  0
 12 14  2  0
 12 15  1  0
 15 16  1  0
 16 17  1  0
 17 18  1  0
 18 19  1  0
 19 20  2  0
 20 21  1  0
 21 22  2  0
 22 23  1  0
 23 24  2  0
 18 25  1  0
 25 26  1  0
 11 27  1  0
 27 28  2  0
 28 29  1  0
 28  8  1  0
 26 15  1  0
 24 19  1  0
M  END

$$$$
",5.045757490560675
"CHEMBL5279202","O=C(O)CNC(=O)c1csc(S(=O)(=O)N2CCC(c3ccccc3)CC2)c1","
     RDKit          2D

 27 29  0  0  0  0  0  0  0  0999 V2000
   -0.4564  -11.9667    0.0000 O   0  0  0  0  0  0  0  0  0  0  0  0
   -0.2996  -10.4749    0.0000 C   0  0  0  0  0  0  0  0  0  0  0  0
   -1.5131   -9.5932    0.0000 O   0  0  0  0  0  0  0  0  0  0  0  0
    1.0707   -9.8648    0.0000 C   0  0  0  0  0  0  0  0  0  0  0  0
    1.2275   -8.3730    0.0000 N   0  0  0  0  0  0  0  0  0  0  0  0
    2.5978   -7.7629    0.0000 C   0  0  0  0  0  0  0  0  0  0  0  0
    3.8113   -8.6446    0.0000 O   0  0  0  0  0  0  0  0  0  0  0  0
    2.7546   -6.2711    0.0000 C   0  0  0  0  0  0  0  0  0  0  0  0
    4.0537   -5.5211    0.0000 C   0  0  0  0  0  0  0  0  0  0  0  0
    3.7418   -4.0539    0.0000 S   0  0  0  0  0  0  0  0  0  0  0  0
    2.2500   -3.8971    0.0000 C   0  0  0  0  0  0  0  0  0  0  0  0
    1.5000   -2.5981    0.0000 S   0  0  0  0  0  0  0  0  0  0  0  0
    2.7990   -1.8481    0.0000 O   0  0  0  0  0  0  0  0  0  0  0  0
    0.2010   -3.3481    0.0000 O   0  0  0  0  0  0  0  0  0  0  0  0
    0.7500   -1.2990    0.0000 N   0  0  0  0  0  0  0  0  0  0  0  0
    1.5000    0.0000    0.0000 C   0  0  0  0  0  0  0  0  0  0  0  0
    0.7500    1.2990    0.0000 C   0  0  0  0  0  0  0  0  0  0  0  0
   -0.7500    1.2990    0.0000 C   0  0  0  0  0  0  0  0  0  0  0  0
   -1.5000    2.5981    0.0000 C   0  0  0  0  0  0  0  0  0  0  0  0
   -0.7500    3.8971    0.0000 C   0  0  0  0  0  0  0  0  0  0  0  0
   -1.5000    5.1962    0.0000 C   0  0  0  0  0  0  0  0  0  0  0  0
   -3.0000    5.1962    0.0000 C   0  0  0  0  0  0  0  0  0  0  0  0
   -3.7500    3.8971    0.0000 C   0  0  0  0  0  0  0  0  0  0  0  0
   -3.0000    2.5981    0.0000 C   0  0  0  0  0  0  0  0  0  0  0  0
   -1.5000    0.0000    0.0000 C   0  0  0  0  0  0  0  0  0  0  0  0
   -0.7500   -1.2990    0.0000 C   0  0  0  0  0  0  0  0  0  0  0  0
    1.6399   -5.2674    0.0000 C   0  0  0  0  0  0  0  0  0  0  0  0
  1  2  2  0
  2  3  1  0
  2  4  1  0
  4  5  1  0
  5  6  1  0
  6  7  2  0
  6  8  1  0
  8  9  2  0
  9 10  1  0
 10 11  1  0
 11 12  1  0
 12 13  2  0
 12 14  2  0
 12 15  1  0
 15 16  1  0
 16 17  1  0
 17 18  1  0
 18 19  1  0
 19 20  2  0
 20 21  1  0
 21 22  2  0
 22 23  1  0
 23 24  2  0
 18 25  1  0
 25 26  1  0
 11 27  2  0
 27  8  1  0
 26 15  1  0
 24 19  1  0
M  END

$$$$
",4.173925197299174
"CHEMBL5272566","O=C(O)CNC(=O)c1ccc(S(=O)(=O)N2CCC(N3CCCC3)CC2)cc1","
     RDKit          2D

 27 29  0  0  0  0  0  0  0  0999 V2000
    7.5000   -2.5981    0.0000 O   0  0  0  0  0  0  0  0  0  0  0  0
    6.0000   -2.5981    0.0000 C   0  0  0  0  0  0  0  0  0  0  0  0
    5.2500   -3.8971    0.0000 O   0  0  0  0  0  0  0  0  0  0  0  0
    5.2500   -1.2990    0.0000 C   0  0  0  0  0  0  0  0  0  0  0  0
    3.7500   -1.2990    0.0000 N   0  0  0  0  0  0  0  0  0  0  0  0
    3.0000    0.0000    0.0000 C   0  0  0  0  0  0  0  0  0  0  0  0
    3.7500    1.2990    0.0000 O   0  0  0  0  0  0  0  0  0  0  0  0
    1.5000    0.0000    0.0000 C   0  0  0  0  0  0  0  0  0  0  0  0
    0.7500   -1.2990    0.0000 C   0  0  0  0  0  0  0  0  0  0  0  0
   -0.7500   -1.2990    0.0000 C   0  0  0  0  0  0  0  0  0  0  0  0
   -1.5000    0.0000    0.0000 C   0  0  0  0  0  0  0  0  0  0  0  0
   -3.0000    0.0000    0.0000 S   0  0  0  0  0  0  0  0  0  0  0  0
   -3.0000    1.5000    0.0000 O   0  0  0  0  0  0  0  0  0  0  0  0
   -3.0000   -1.5000    0.0000 O   0  0  0  0  0  0  0  0  0  0  0  0
   -4.5000    0.0000    0.0000 N   0  0  0  0  0  0  0  0  0  0  0  0
   -5.2500    1.2990    0.0000 C   0  0  0  0  0  0  0  0  0  0  0  0
   -6.7500    1.2990    0.0000 C   0  0  0  0  0  0  0  0  0  0  0  0
   -7.5000    0.0000    0.0000 C   0  0  0  0  0  0  0  0  0  0  0  0
   -9.0000    0.0000    0.0000 N   0  0  0  0  0  0  0  0  0  0  0  0
   -9.8817   -1.2135    0.0000 C   0  0  0  0  0  0  0  0  0  0  0  0
  -11.3083   -0.7500    0.0000 C   0  0  0  0  0  0  0  0  0  0  0  0
  -11.3083    0.7500    0.0000 C   0  0  0  0  0  0  0  0  0  0  0  0
   -9.8817    1.2135    0.0000 C   0  0  0  0  0  0  0  0  0  0  0  0
   -6.7500   -1.2990    0.0000 C   0  0  0  0  0  0  0  0  0  0  0  0
   -5.2500   -1.2990    0.0000 C   0  0  0  0  0  0  0  0  0  0  0  0
   -0.7500    1.2990    0.0000 C   0  0  0  0  0  0  0  0  0  0  0  0
    0.7500    1.2990    0.0000 C   0  0  0  0  0  0  0  0  0  0  0  0
  1  2  2  0
  2  3  1  0
  2  4  1  0
  4  5  1  0
  5  6  1  0
  6  7  2  0
  6  8  1  0
  8  9  2  0
  9 10  1  0
 10 11  2  0
 11 12  1  0
 12 13  2  0
 12 14  2  0
 12 15  1  0
 15 16  1  0
 16 17  1  0
 17 18  1  0
 18 19  1  0
 19 20  1  0
 20 21  1  0
 21 22  1  0
 22 23  1  0
 18 24  1  0
 24 25  1  0
 11 26  1  0
 26 27  2  0
 27  8  1  0
 25 15  1  0
 23 19  1  0
M  END

$$$$
",4.481486060122113
"CHEMBL5283991","O=C(O)CNC(=O)c1ccc(S(=O)(=O)N2[C@@H]3CC[C@H]2C[C@@H](c2ccccc2)C3)cc1","
     RDKit          2D

 30 33  0  0  0  0  0  0  0  0999 V2000
   -6.6295    9.6337    0.0000 O   0  0  0  0  0  0  0  0  0  0  0  0
   -7.9999    9.0236    0.0000 C   0  0  0  0  0  0  0  0  0  0  0  0
   -9.2134    9.9053    0.0000 O   0  0  0  0  0  0  0  0  0  0  0  0
   -8.1566    7.5319    0.0000 C   0  0  0  0  0  0  0  0  0  0  0  0
   -6.9431    6.6502    0.0000 N   0  0  0  0  0  0  0  0  0  0  0  0
   -7.0999    5.1584    0.0000 C   0  0  0  0  0  0  0  0  0  0  0  0
   -8.4702    4.5483    0.0000 O   0  0  0  0  0  0  0  0  0  0  0  0
   -5.8864    4.2767    0.0000 C   0  0  0  0  0  0  0  0  0  0  0  0
   -4.5161    4.8868    0.0000 C   0  0  0  0  0  0  0  0  0  0  0  0
   -3.3025    4.0051    0.0000 C   0  0  0  0  0  0  0  0  0  0  0  0
   -3.4593    2.5134    0.0000 C   0  0  0  0  0  0  0  0  0  0  0  0
   -2.2458    1.6317    0.0000 S   0  0  0  0  0  0  0  0  0  0  0  0
   -3.1275    0.4182    0.0000 O   0  0  0  0  0  0  0  0  0  0  0  0
   -1.3641    2.8452    0.0000 O   0  0  0  0  0  0  0  0  0  0  0  0
   -1.0323    0.7500    0.0000 N   0  0  0  0  0  0  0  0  0  0  0  0
    0.3943    1.2135    0.0000 C   0  0  0  0  0  0  0  0  0  0  0  0
    1.2760    0.0000    0.0000 C   0  0  0  0  0  0  0  0  0  0  0  0
    0.3943   -1.2135    0.0000 C   0  0  0  0  0  0  0  0  0  0  0  0
   -1.0323   -0.7500    0.0000 C   0  0  0  0  0  0  0  0  0  0  0  0
   -2.3463   -0.0067    0.0000 C   0  0  0  0  0  0  0  0  0  0  0  0
   -2.1895    1.4851    0.0000 C   0  0  0  0  0  0  0  0  0  0  0  0
   -3.4031    2.3668    0.0000 C   0  0  0  0  0  0  0  0  0  0  0  0
   -3.2463    3.8586    0.0000 C   0  0  0  0  0  0  0  0  0  0  0  0
   -4.4598    4.7402    0.0000 C   0  0  0  0  0  0  0  0  0  0  0  0
   -5.8301    4.1301    0.0000 C   0  0  0  0  0  0  0  0  0  0  0  0
   -5.9869    2.6383    0.0000 C   0  0  0  0  0  0  0  0  0  0  0  0
   -4.7734    1.7567    0.0000 C   0  0  0  0  0  0  0  0  0  0  0  0
   -0.8192    2.0952    0.0000 C   0  0  0  0  0  0  0  0  0  0  0  0
   -4.8297    1.9033    0.0000 C   0  0  0  0  0  0  0  0  0  0  0  0
   -6.0432    2.7849    0.0000 C   0  0  0  0  0  0  0  0  0  0  0  0
  1  2  2  0
  2  3  1  0
  2  4  1  0
  4  5  1  0
  5  6  1  0
  6  7  2  0
  6  8  1  0
  8  9  2  0
  9 10  1  0
 10 11  2  0
 11 12  1  0
 12 13  2  0
 12 14  2  0
 12 15  1  0
 15 16  1  0
 16 17  1  1
 17 18  1  0
 19 18  1  1
 19 20  1  0
 20 21  1  0
 21 22  1  1
 22 23  2  0
 23 24  1  0
 24 25  2  0
 25 26  1  0
 26 27  2  0
 21 28  1  0
 11 29  1  0
 29 30  2  0
 30  8  1  0
 19 15  1  0
 27 22  1  0
 28 16  1  0
M  END

$$$$
",4.060480747381382
"CHEMBL4635160","Cc1cc(Cl)cc(-c2ccnc3cc(CN4C(=O)C5C(C4=O)C5(C)C)sc23)c1O[C@@H]1CCNC[C@@H]1C","
     RDKit          2D

 36 41  0  0  0  0  0  0  0  0999 V2000
    5.2500   -3.8971    0.0000 C   0  0  0  0  0  0  0  0  0  0  0  0
    3.7500   -3.8971    0.0000 C   0  0  0  0  0  0  0  0  0  0  0  0
    3.0000   -5.1962    0.0000 C   0  0  0  0  0  0  0  0  0  0  0  0
    1.5000   -5.1962    0.0000 C   0  0  0  0  0  0  0  0  0  0  0  0
    0.7500   -6.4952    0.0000 Cl  0  0  0  0  0  0  0  0  0  0  0  0
    0.7500   -3.8971    0.0000 C   0  0  0  0  0  0  0  0  0  0  0  0
    1.5000   -2.5981    0.0000 C   0  0  0  0  0  0  0  0  0  0  0  0
    0.7500   -1.2990    0.0000 C   0  0  0  0  0  0  0  0  0  0  0  0
    1.5000    0.0000    0.0000 C   0  0  0  0  0  0  0  0  0  0  0  0
    0.7500    1.2990    0.0000 C   0  0  0  0  0  0  0  0  0  0  0  0
   -0.7500    1.2990    0.0000 N   0  0  0  0  0  0  0  0  0  0  0  0
   -1.5000    0.0000    0.0000 C   0  0  0  0  0  0  0  0  0  0  0  0
   -2.9672   -0.3119    0.0000 C   0  0  0  0  0  0  0  0  0  0  0  0
   -3.1240   -1.8037    0.0000 C   0  0  0  0  0  0  0  0  0  0  0  0
   -4.4231   -2.5537    0.0000 C   0  0  0  0  0  0  0  0  0  0  0  0
   -5.7221   -1.8037    0.0000 N   0  0  0  0  0  0  0  0  0  0  0  0
   -5.8789   -0.3119    0.0000 C   0  0  0  0  0  0  0  0  0  0  0  0
   -4.7642    0.6918    0.0000 O   0  0  0  0  0  0  0  0  0  0  0  0
   -7.3461    0.0000    0.0000 C   0  0  0  0  0  0  0  0  0  0  0  0
   -8.0961   -1.2990    0.0000 C   0  0  0  0  0  0  0  0  0  0  0  0
   -7.0924   -2.4138    0.0000 C   0  0  0  0  0  0  0  0  0  0  0  0
   -7.4043   -3.8810    0.0000 O   0  0  0  0  0  0  0  0  0  0  0  0
   -8.8461    0.0000    0.0000 C   0  0  0  0  0  0  0  0  0  0  0  0
  -10.2556   -0.5130    0.0000 C   0  0  0  0  0  0  0  0  0  0  0  0
   -9.1066    1.4772    0.0000 C   0  0  0  0  0  0  0  0  0  0  0  0
   -1.7537   -2.4138    0.0000 S   0  0  0  0  0  0  0  0  0  0  0  0
   -0.7500   -1.2990    0.0000 C   0  0  0  0  0  0  0  0  0  0  0  0
    3.0000   -2.5981    0.0000 C   0  0  0  0  0  0  0  0  0  0  0  0
    3.7500   -1.2990    0.0000 O   0  0  0  0  0  0  0  0  0  0  0  0
    5.2500   -1.2990    0.0000 C   0  0  0  0  0  0  0  0  0  0  0  0
    6.0000   -2.5981    0.0000 C   0  0  0  0  0  0  0  0  0  0  0  0
    7.5000   -2.5981    0.0000 C   0  0  0  0  0  0  0  0  0  0  0  0
    8.2500   -1.2990    0.0000 N   0  0  0  0  0  0  0  0  0  0  0  0
    7.5000    0.0000    0.0000 C   0  0  0  0  0  0  0  0  0  0  0  0
    6.0000    0.0000    0.0000 C   0  0  0  0  0  0  0  0  0  0  0  0
    5.2500    1.2990    0.0000 C   0  0  0  0  0  0  0  0  0  0  0  0
  1  2  1  0
  2  3  2  0
  3  4  1  0
  4  5  1  0
  4  6  2  0
  6  7  1  0
  7  8  1  0
  8  9  2  0
  9 10  1  0
 10 11  2  0
 11 12  1  0
 12 13  1  0
 13 14  2  0
 14 15  1  0
 15 16  1  0
 16 17  1  0
 17 18  2  0
 17 19  1  0
 19 20  1  0
 20 21  1  0
 21 22  2  0
 20 23  1  0
 23 24  1  0
 23 25  1  0
 14 26  1  0
 26 27  1  0
  7 28  2  0
 28 29  1  0
 30 29  1  1
 30 31  1  0
 31 32  1  0
 32 33  1  0
 33 34  1  0
 34 35  1  0
 35 36  1  1
 28  2  1  0
 35 30  1  0
 27  8  1  0
 27 12  2  0
 21 16  1  0
 23 19  1  0
M  END

$$$$
",5
"CHEMBL1450722","O=C(O)CCn1nnc(-c2ccccc2)n1","
     RDKit          2D

 16 17  0  0  0  0  0  0  0  0999 V2000
   -1.0496   -9.1759    0.0000 O   0  0  0  0  0  0  0  0  0  0  0  0
    0.3207   -8.5658    0.0000 C   0  0  0  0  0  0  0  0  0  0  0  0
    1.5342   -9.4474    0.0000 O   0  0  0  0  0  0  0  0  0  0  0  0
    0.4775   -7.0740    0.0000 C   0  0  0  0  0  0  0  0  0  0  0  0
    1.8478   -6.4639    0.0000 C   0  0  0  0  0  0  0  0  0  0  0  0
    2.0046   -4.9721    0.0000 N   0  0  0  0  0  0  0  0  0  0  0  0
    3.3037   -4.2221    0.0000 N   0  0  0  0  0  0  0  0  0  0  0  0
    2.9918   -2.7549    0.0000 N   0  0  0  0  0  0  0  0  0  0  0  0
    1.5000   -2.5981    0.0000 C   0  0  0  0  0  0  0  0  0  0  0  0
    0.7500   -1.2990    0.0000 C   0  0  0  0  0  0  0  0  0  0  0  0
    1.5000    0.0000    0.0000 C   0  0  0  0  0  0  0  0  0  0  0  0
    0.7500    1.2990    0.0000 C   0  0  0  0  0  0  0  0  0  0  0  0
   -0.7500    1.2990    0.0000 C   0  0  0  0  0  0  0  0  0  0  0  0
   -1.5000    0.0000    0.0000 C   0  0  0  0  0  0  0  0  0  0  0  0
   -0.7500   -1.2990    0.0000 C   0  0  0  0  0  0  0  0  0  0  0  0
    0.8899   -3.9684    0.0000 N   0  0  0  0  0  0  0  0  0  0  0  0
  1  2  2  0
  2  3  1  0
  2  4  1  0
  4  5  1  0
  5  6  1  0
  6  7  1  0
  7  8  2  0
  8  9  1  0
  9 10  1  0
 10 11  2  0
 11 12  1  0
 12 13  2  0
 13 14  1  0
 14 15  2  0
  9 16  2  0
 16  6  1  0
 15 10  1  0
M  END

$$$$
",3.2757241303992117
"CHEMBL4465377","O=C(O)CCc1nnc(-c2ccccc2I)o1","
     RDKit          2D

 17 18  0  0  0  0  0  0  0  0999 V2000
   -1.0496   -9.1759    0.0000 O   0  0  0  0  0  0  0  0  0  0  0  0
    0.3207   -8.5658    0.0000 C   0  0  0  0  0  0  0  0  0  0  0  0
    1.5342   -9.4474    0.0000 O   0  0  0  0  0  0  0  0  0  0  0  0
    0.4775   -7.0740    0.0000 C   0  0  0  0  0  0  0  0  0  0  0  0
    1.8478   -6.4639    0.0000 C   0  0  0  0  0  0  0  0  0  0  0  0
    2.0046   -4.9721    0.0000 C   0  0  0  0  0  0  0  0  0  0  0  0
    3.3037   -4.2221    0.0000 N   0  0  0  0  0  0  0  0  0  0  0  0
    2.9918   -2.7549    0.0000 N   0  0  0  0  0  0  0  0  0  0  0  0
    1.5000   -2.5981    0.0000 C   0  0  0  0  0  0  0  0  0  0  0  0
    0.7500   -1.2990    0.0000 C   0  0  0  0  0  0  0  0  0  0  0  0
    1.5000    0.0000    0.0000 C   0  0  0  0  0  0  0  0  0  0  0  0
    0.7500    1.2990    0.0000 C   0  0  0  0  0  0  0  0  0  0  0  0
   -0.7500    1.2990    0.0000 C   0  0  0  0  0  0  0  0  0  0  0  0
   -1.5000    0.0000    0.0000 C   0  0  0  0  0  0  0  0  0  0  0  0
   -0.7500   -1.2990    0.0000 C   0  0  0  0  0  0  0  0  0  0  0  0
   -1.5000   -2.5981    0.0000 I   0  0  0  0  0  0  0  0  0  0  0  0
    0.8899   -3.9684    0.0000 O   0  0  0  0  0  0  0  0  0  0  0  0
  1  2  2  0
  2  3  1  0
  2  4  1  0
  4  5  1  0
  5  6  1  0
  6  7  2  0
  7  8  1  0
  8  9  2  0
  9 10  1  0
 10 11  2  0
 11 12  1  0
 12 13  2  0
 13 14  1  0
 14 15  2  0
 15 16  1  0
  9 17  1  0
 17  6  1  0
 15 10  1  0
M  END

$$$$
",3.5528419686577815
"CHEMBL4435093","COc1ccc(Br)c(-c2nnc(CCC(=O)O)o2)c1","
     RDKit          2D

 19 20  0  0  0  0  0  0  0  0999 V2000
    3.7500   -1.2990    0.0000 C   0  0  0  0  0  0  0  0  0  0  0  0
    3.0000    0.0000    0.0000 O   0  0  0  0  0  0  0  0  0  0  0  0
    1.5000    0.0000    0.0000 C   0  0  0  0  0  0  0  0  0  0  0  0
    0.7500   -1.2990    0.0000 C   0  0  0  0  0  0  0  0  0  0  0  0
   -0.7500   -1.2990    0.0000 C   0  0  0  0  0  0  0  0  0  0  0  0
   -1.5000    0.0000    0.0000 C   0  0  0  0  0  0  0  0  0  0  0  0
   -3.0000    0.0000    0.0000 Br  0  0  0  0  0  0  0  0  0  0  0  0
   -0.7500    1.2990    0.0000 C   0  0  0  0  0  0  0  0  0  0  0  0
   -1.5000    2.5981    0.0000 C   0  0  0  0  0  0  0  0  0  0  0  0
   -2.9918    2.7549    0.0000 N   0  0  0  0  0  0  0  0  0  0  0  0
   -3.3037    4.2221    0.0000 N   0  0  0  0  0  0  0  0  0  0  0  0
   -2.0046    4.9721    0.0000 C   0  0  0  0  0  0  0  0  0  0  0  0
   -1.8478    6.4639    0.0000 C   0  0  0  0  0  0  0  0  0  0  0  0
   -0.4775    7.0740    0.0000 C   0  0  0  0  0  0  0  0  0  0  0  0
   -0.3207    8.5658    0.0000 C   0  0  0  0  0  0  0  0  0  0  0  0
    1.0496    9.1759    0.0000 O   0  0  0  0  0  0  0  0  0  0  0  0
   -1.5342    9.4474    0.0000 O   0  0  0  0  0  0  0  0  0  0  0  0
   -0.8899    3.9684    0.0000 O   0  0  0  0  0  0  0  0  0  0  0  0
    0.7500    1.2990    0.0000 C   0  0  0  0  0  0  0  0  0  0  0  0
  1  2  1  0
  2  3  1  0
  3  4  2  0
  4  5  1  0
  5  6  2  0
  6  7  1  0
  6  8  1  0
  8  9  1  0
  9 10  2  0
 10 11  1  0
 11 12  2  0
 12 13  1  0
 13 14  1  0
 14 15  1  0
 15 16  2  0
 15 17  1  0
 12 18  1  0
  8 19  2  0
 19  3  1  0
 18  9  1  0
M  END

$$$$
",3.568636235841014
"CHEMBL284979","O=C(O)Cn1cnc2ccc(Br)cc2c1=O","
     RDKit          2D

 16 17  0  0  0  0  0  0  0  0999 V2000
   -1.5000   -7.7942    0.0000 O   0  0  0  0  0  0  0  0  0  0  0  0
   -0.7500   -6.4952    0.0000 C   0  0  0  0  0  0  0  0  0  0  0  0
    0.7500   -6.4952    0.0000 O   0  0  0  0  0  0  0  0  0  0  0  0
   -1.5000   -5.1962    0.0000 C   0  0  0  0  0  0  0  0  0  0  0  0
   -0.7500   -3.8971    0.0000 N   0  0  0  0  0  0  0  0  0  0  0  0
    0.7500   -3.8971    0.0000 C   0  0  0  0  0  0  0  0  0  0  0  0
    1.5000   -2.5981    0.0000 N   0  0  0  0  0  0  0  0  0  0  0  0
    0.7500   -1.2990    0.0000 C   0  0  0  0  0  0  0  0  0  0  0  0
    1.5000    0.0000    0.0000 C   0  0  0  0  0  0  0  0  0  0  0  0
    0.7500    1.2990    0.0000 C   0  0  0  0  0  0  0  0  0  0  0  0
   -0.7500    1.2990    0.0000 C   0  0  0  0  0  0  0  0  0  0  0  0
   -1.5000    2.5981    0.0000 Br  0  0  0  0  0  0  0  0  0  0  0  0
   -1.5000    0.0000    0.0000 C   0  0  0  0  0  0  0  0  0  0  0  0
   -0.7500   -1.2990    0.0000 C   0  0  0  0  0  0  0  0  0  0  0  0
   -1.5000   -2.5981    0.0000 C   0  0  0  0  0  0  0  0  0  0  0  0
   -3.0000   -2.5981    0.0000 O   0  0  0  0  0  0  0  0  0  0  0  0
  1  2  2  0
  2  3  1  0
  2  4  1  0
  4  5  1  0
  5  6  1  0
  6  7  2  0
  7  8  1  0
  8  9  2  0
  9 10  1  0
 10 11  2  0
 11 12  1  0
 11 13  1  0
 13 14  2  0
 14 15  1  0
 15 16  2  0
 15  5  1  0
 14  8  1  0
M  END

$$$$
",3.6020599913279634
"CHEMBL5285026","CC(C)C[C@H](NC(=O)C1(C(F)(F)F)CCCCC1)C(=O)Nc1nnc(Cc2ccc(C#N)cc2)s1","
     RDKit          2D

 35 37  0  0  0  0  0  0  0  0999 V2000
    5.7600   -7.2698    0.0000 C   0  0  0  0  0  0  0  0  0  0  0  0
    5.4996   -5.7926    0.0000 C   0  0  0  0  0  0  0  0  0  0  0  0
    6.6486   -4.8284    0.0000 C   0  0  0  0  0  0  0  0  0  0  0  0
    4.0900   -5.2795    0.0000 C   0  0  0  0  0  0  0  0  0  0  0  0
    3.8296   -3.8023    0.0000 C   0  0  0  0  0  0  0  0  0  0  0  0
    2.4200   -3.2893    0.0000 N   0  0  0  0  0  0  0  0  0  0  0  0
    2.1595   -1.8121    0.0000 C   0  0  0  0  0  0  0  0  0  0  0  0
    3.0766   -1.2165    0.0000 O   0  0  0  0  0  0  0  0  0  0  0  0
    0.7500   -1.2990    0.0000 C   0  0  0  0  0  0  0  0  0  0  0  0
    1.5000    0.0000    0.0000 C   0  0  0  0  0  0  0  0  0  0  0  0
    2.2500    1.2990    0.0000 F   0  0  0  0  0  0  0  0  0  0  0  0
    2.5066   -0.4272    0.0000 F   0  0  0  0  0  0  0  0  0  0  0  0
    0.2010    0.7500    0.0000 F   0  0  0  0  0  0  0  0  0  0  0  0
    0.4895   -2.7762    0.0000 C   0  0  0  0  0  0  0  0  0  0  0  0
   -0.9200   -3.2893    0.0000 C   0  0  0  0  0  0  0  0  0  0  0  0
   -2.0691   -2.3251    0.0000 C   0  0  0  0  0  0  0  0  0  0  0  0
   -1.8086   -0.8479    0.0000 C   0  0  0  0  0  0  0  0  0  0  0  0
   -0.3991   -0.3349    0.0000 C   0  0  0  0  0  0  0  0  0  0  0  0
    4.9786   -2.8381    0.0000 C   0  0  0  0  0  0  0  0  0  0  0  0
    4.7181   -1.3609    0.0000 O   0  0  0  0  0  0  0  0  0  0  0  0
    6.3882   -3.3512    0.0000 N   0  0  0  0  0  0  0  0  0  0  0  0
    7.5372   -2.3870    0.0000 C   0  0  0  0  0  0  0  0  0  0  0  0
    7.4326   -0.8906    0.0000 N   0  0  0  0  0  0  0  0  0  0  0  0
    8.8234   -0.3287    0.0000 N   0  0  0  0  0  0  0  0  0  0  0  0
    9.7875   -1.4778    0.0000 C   0  0  0  0  0  0  0  0  0  0  0  0
   11.2839   -1.3732    0.0000 C   0  0  0  0  0  0  0  0  0  0  0  0
   12.1227   -2.6167    0.0000 C   0  0  0  0  0  0  0  0  0  0  0  0
   11.4651   -3.9649    0.0000 C   0  0  0  0  0  0  0  0  0  0  0  0
   12.3039   -5.2085    0.0000 C   0  0  0  0  0  0  0  0  0  0  0  0
   13.8003   -5.1038    0.0000 C   0  0  0  0  0  0  0  0  0  0  0  0
   14.6390   -6.3474    0.0000 C   0  0  0  0  0  0  0  0  0  0  0  0
   15.4778   -7.5909    0.0000 N   0  0  0  0  0  0  0  0  0  0  0  0
   14.4578   -3.7556    0.0000 C   0  0  0  0  0  0  0  0  0  0  0  0
   13.6190   -2.5121    0.0000 C   0  0  0  0  0  0  0  0  0  0  0  0
    8.9927   -2.7499    0.0000 S   0  0  0  0  0  0  0  0  0  0  0  0
  1  2  1  0
  2  3  1  0
  2  4  1  0
  5  4  1  6
  5  6  1  0
  6  7  1  0
  7  8  2  0
  7  9  1  0
  9 10  1  0
 10 11  1  0
 10 12  1  0
 10 13  1  0
  9 14  1  0
 14 15  1  0
 15 16  1  0
 16 17  1  0
 17 18  1  0
  5 19  1  0
 19 20  2  0
 19 21  1  0
 21 22  1  0
 22 23  2  0
 23 24  1  0
 24 25  2  0
 25 26  1  0
 26 27  1  0
 27 28  2  0
 28 29  1  0
 29 30  2  0
 30 31  1  0
 31 32  3  0
 30 33  1  0
 33 34  2  0
 25 35  1  0
 18  9  1  0
 35 22  1  0
 34 27  1  0
M  END

$$$$
",7.823908740944319
"CHEMBL5267700","O=C(O)CNC(=O)c1ccc(S(=O)(=O)N2CCc3ccccc3C2)cc1","
     RDKit          2D

 26 28  0  0  0  0  0  0  0  0999 V2000
   -9.0000  -12.9904    0.0000 O   0  0  0  0  0  0  0  0  0  0  0  0
   -8.2500  -11.6913    0.0000 C   0  0  0  0  0  0  0  0  0  0  0  0
   -9.0000  -10.3923    0.0000 O   0  0  0  0  0  0  0  0  0  0  0  0
   -6.7500  -11.6913    0.0000 C   0  0  0  0  0  0  0  0  0  0  0  0
   -6.0000  -10.3923    0.0000 N   0  0  0  0  0  0  0  0  0  0  0  0
   -4.5000  -10.3923    0.0000 C   0  0  0  0  0  0  0  0  0  0  0  0
   -3.7500  -11.6913    0.0000 O   0  0  0  0  0  0  0  0  0  0  0  0
   -3.7500   -9.0933    0.0000 C   0  0  0  0  0  0  0  0  0  0  0  0
   -4.5000   -7.7942    0.0000 C   0  0  0  0  0  0  0  0  0  0  0  0
   -3.7500   -6.4952    0.0000 C   0  0  0  0  0  0  0  0  0  0  0  0
   -2.2500   -6.4952    0.0000 C   0  0  0  0  0  0  0  0  0  0  0  0
   -1.5000   -5.1962    0.0000 S   0  0  0  0  0  0  0  0  0  0  0  0
   -0.2010   -5.9462    0.0000 O   0  0  0  0  0  0  0  0  0  0  0  0
   -2.7990   -4.4462    0.0000 O   0  0  0  0  0  0  0  0  0  0  0  0
   -0.7500   -3.8971    0.0000 N   0  0  0  0  0  0  0  0  0  0  0  0
    0.7500   -3.8971    0.0000 C   0  0  0  0  0  0  0  0  0  0  0  0
    1.5000   -2.5981    0.0000 C   0  0  0  0  0  0  0  0  0  0  0  0
    0.7500   -1.2990    0.0000 C   0  0  0  0  0  0  0  0  0  0  0  0
    1.5000    0.0000    0.0000 C   0  0  0  0  0  0  0  0  0  0  0  0
    0.7500    1.2990    0.0000 C   0  0  0  0  0  0  0  0  0  0  0  0
   -0.7500    1.2990    0.0000 C   0  0  0  0  0  0  0  0  0  0  0  0
   -1.5000    0.0000    0.0000 C   0  0  0  0  0  0  0  0  0  0  0  0
   -0.7500   -1.2990    0.0000 C   0  0  0  0  0  0  0  0  0  0  0  0
   -1.5000   -2.5981    0.0000 C   0  0  0  0  0  0  0  0  0  0  0  0
   -1.5000   -7.7942    0.0000 C   0  0  0  0  0  0  0  0  0  0  0  0
   -2.2500   -9.0933    0.0000 C   0  0  0  0  0  0  0  0  0  0  0  0
  1  2  2  0
  2  3  1  0
  2  4  1  0
  4  5  1  0
  5  6  1  0
  6  7  2  0
  6  8  1  0
  8  9  2  0
  9 10  1  0
 10 11  2  0
 11 12  1  0
 12 13  2  0
 12 14  2  0
 12 15  1  0
 15 16  1  0
 16 17  1  0
 17 18  1  0
 18 19  2  0
 19 20  1  0
 20 21  2  0
 21 22  1  0
 22 23  2  0
 23 24  1  0
 11 25  1  0
 25 26  2  0
 26  8  1  0
 24 15  1  0
 23 18  1  0
M  END

$$$$
",3.9586073148417755
"CHEMBL5284407","CN1CCC(NS(=O)(=O)c2ccc(C(=O)NCC(=O)O)cc2)CC1","
     RDKit          2D

 24 25  0  0  0  0  0  0  0  0999 V2000
    3.0000    0.0000    0.0000 C   0  0  0  0  0  0  0  0  0  0  0  0
    1.5000    0.0000    0.0000 N   0  0  0  0  0  0  0  0  0  0  0  0
    0.7500   -1.2990    0.0000 C   0  0  0  0  0  0  0  0  0  0  0  0
   -0.7500   -1.2990    0.0000 C   0  0  0  0  0  0  0  0  0  0  0  0
   -1.5000    0.0000    0.0000 C   0  0  0  0  0  0  0  0  0  0  0  0
   -3.0000    0.0000    0.0000 N   0  0  0  0  0  0  0  0  0  0  0  0
   -3.7500    1.2990    0.0000 S   0  0  0  0  0  0  0  0  0  0  0  0
   -2.4510    2.0490    0.0000 O   0  0  0  0  0  0  0  0  0  0  0  0
   -5.0490    0.5490    0.0000 O   0  0  0  0  0  0  0  0  0  0  0  0
   -4.5000    2.5981    0.0000 C   0  0  0  0  0  0  0  0  0  0  0  0
   -3.7500    3.8971    0.0000 C   0  0  0  0  0  0  0  0  0  0  0  0
   -4.5000    5.1962    0.0000 C   0  0  0  0  0  0  0  0  0  0  0  0
   -6.0000    5.1962    0.0000 C   0  0  0  0  0  0  0  0  0  0  0  0
   -6.7500    6.4952    0.0000 C   0  0  0  0  0  0  0  0  0  0  0  0
   -8.2500    6.4952    0.0000 O   0  0  0  0  0  0  0  0  0  0  0  0
   -6.0000    7.7942    0.0000 N   0  0  0  0  0  0  0  0  0  0  0  0
   -6.7500    9.0933    0.0000 C   0  0  0  0  0  0  0  0  0  0  0  0
   -6.0000   10.3923    0.0000 C   0  0  0  0  0  0  0  0  0  0  0  0
   -6.7500   11.6913    0.0000 O   0  0  0  0  0  0  0  0  0  0  0  0
   -4.5000   10.3923    0.0000 O   0  0  0  0  0  0  0  0  0  0  0  0
   -6.7500    3.8971    0.0000 C   0  0  0  0  0  0  0  0  0  0  0  0
   -6.0000    2.5981    0.0000 C   0  0  0  0  0  0  0  0  0  0  0  0
   -0.7500    1.2990    0.0000 C   0  0  0  0  0  0  0  0  0  0  0  0
    0.7500    1.2990    0.0000 C   0  0  0  0  0  0  0  0  0  0  0  0
  1  2  1  0
  2  3  1  0
  3  4  1  0
  4  5  1  0
  5  6  1  0
  6  7  1  0
  7  8  2  0
  7  9  2  0
  7 10  1  0
 10 11  2  0
 11 12  1  0
 12 13  2  0
 13 14  1  0
 14 15  2  0
 14 16  1  0
 16 17  1  0
 17 18  1  0
 18 19  2  0
 18 20  1  0
 13 21  1  0
 21 22  2  0
  5 23  1  0
 23 24  1  0
 24  2  1  0
 22 10  1  0
M  END

$$$$
",3.8239087409443195
"CHEMBL5410606","COc1ccccc1CNC(=O)Cn1c(CCC(=O)O)nc2c(Cl)cccc2c1=O","
     RDKit          2D

 30 32  0  0  0  0  0  0  0  0999 V2000
   -3.0000  -10.3923    0.0000 C   0  0  0  0  0  0  0  0  0  0  0  0
   -3.7500   -9.0933    0.0000 O   0  0  0  0  0  0  0  0  0  0  0  0
   -5.2500   -9.0933    0.0000 C   0  0  0  0  0  0  0  0  0  0  0  0
   -6.0000  -10.3923    0.0000 C   0  0  0  0  0  0  0  0  0  0  0  0
   -7.5000  -10.3923    0.0000 C   0  0  0  0  0  0  0  0  0  0  0  0
   -8.2500   -9.0933    0.0000 C   0  0  0  0  0  0  0  0  0  0  0  0
   -7.5000   -7.7942    0.0000 C   0  0  0  0  0  0  0  0  0  0  0  0
   -6.0000   -7.7942    0.0000 C   0  0  0  0  0  0  0  0  0  0  0  0
   -5.2500   -6.4952    0.0000 C   0  0  0  0  0  0  0  0  0  0  0  0
   -3.7500   -6.4952    0.0000 N   0  0  0  0  0  0  0  0  0  0  0  0
   -3.0000   -5.1962    0.0000 C   0  0  0  0  0  0  0  0  0  0  0  0
   -3.7500   -3.8971    0.0000 O   0  0  0  0  0  0  0  0  0  0  0  0
   -1.5000   -5.1962    0.0000 C   0  0  0  0  0  0  0  0  0  0  0  0
   -0.7500   -3.8971    0.0000 N   0  0  0  0  0  0  0  0  0  0  0  0
    0.7500   -3.8971    0.0000 C   0  0  0  0  0  0  0  0  0  0  0  0
    1.5000   -5.1962    0.0000 C   0  0  0  0  0  0  0  0  0  0  0  0
    0.7500   -6.4952    0.0000 C   0  0  0  0  0  0  0  0  0  0  0  0
    1.5000   -7.7942    0.0000 C   0  0  0  0  0  0  0  0  0  0  0  0
    0.7500   -9.0933    0.0000 O   0  0  0  0  0  0  0  0  0  0  0  0
    3.0000   -7.7942    0.0000 O   0  0  0  0  0  0  0  0  0  0  0  0
    1.5000   -2.5981    0.0000 N   0  0  0  0  0  0  0  0  0  0  0  0
    0.7500   -1.2990    0.0000 C   0  0  0  0  0  0  0  0  0  0  0  0
    1.5000    0.0000    0.0000 C   0  0  0  0  0  0  0  0  0  0  0  0
    3.0000    0.0000    0.0000 Cl  0  0  0  0  0  0  0  0  0  0  0  0
    0.7500    1.2990    0.0000 C   0  0  0  0  0  0  0  0  0  0  0  0
   -0.7500    1.2990    0.0000 C   0  0  0  0  0  0  0  0  0  0  0  0
   -1.5000    0.0000    0.0000 C   0  0  0  0  0  0  0  0  0  0  0  0
   -0.7500   -1.2990    0.0000 C   0  0  0  0  0  0  0  0  0  0  0  0
   -1.5000   -2.5981    0.0000 C   0  0  0  0  0  0  0  0  0  0  0  0
   -3.0000   -2.5981    0.0000 O   0  0  0  0  0  0  0  0  0  0  0  0
  1  2  1  0
  2  3  1  0
  3  4  2  0
  4  5  1  0
  5  6  2  0
  6  7  1  0
  7  8  2  0
  8  9  1  0
  9 10  1  0
 10 11  1  0
 11 12  2  0
 11 13  1  0
 13 14  1  0
 14 15  1  0
 15 16  1  0
 16 17  1  0
 17 18  1  0
 18 19  2  0
 18 20  1  0
 15 21  2  0
 21 22  1  0
 22 23  2  0
 23 24  1  0
 23 25  1  0
 25 26  2  0
 26 27  1  0
 27 28  2  0
 28 29  1  0
 29 30  2  0
  8  3  1  0
 29 14  1  0
 28 22  1  0
M  END

$$$$
",5.096910013008056
"CHEMBL5270844","CC1CN(S(=O)(=O)c2ccc(C(=O)NCC(=O)O)cc2)CCC1c1ccccc1","
     RDKit          2D

 29 31  0  0  0  0  0  0  0  0999 V2000
    3.0000    0.0000    0.0000 C   0  0  0  0  0  0  0  0  0  0  0  0
    1.5000    0.0000    0.0000 C   0  0  0  0  0  0  0  0  0  0  0  0
    0.7500   -1.2990    0.0000 C   0  0  0  0  0  0  0  0  0  0  0  0
   -0.7500   -1.2990    0.0000 N   0  0  0  0  0  0  0  0  0  0  0  0
   -1.5000   -2.5981    0.0000 S   0  0  0  0  0  0  0  0  0  0  0  0
   -0.2010   -3.3481    0.0000 O   0  0  0  0  0  0  0  0  0  0  0  0
   -2.7990   -1.8481    0.0000 O   0  0  0  0  0  0  0  0  0  0  0  0
   -2.2500   -3.8971    0.0000 C   0  0  0  0  0  0  0  0  0  0  0  0
   -3.7500   -3.8971    0.0000 C   0  0  0  0  0  0  0  0  0  0  0  0
   -4.5000   -5.1962    0.0000 C   0  0  0  0  0  0  0  0  0  0  0  0
   -3.7500   -6.4952    0.0000 C   0  0  0  0  0  0  0  0  0  0  0  0
   -4.5000   -7.7942    0.0000 C   0  0  0  0  0  0  0  0  0  0  0  0
   -3.7500   -9.0933    0.0000 O   0  0  0  0  0  0  0  0  0  0  0  0
   -6.0000   -7.7942    0.0000 N   0  0  0  0  0  0  0  0  0  0  0  0
   -6.7500   -9.0933    0.0000 C   0  0  0  0  0  0  0  0  0  0  0  0
   -8.2500   -9.0933    0.0000 C   0  0  0  0  0  0  0  0  0  0  0  0
   -9.0000  -10.3923    0.0000 O   0  0  0  0  0  0  0  0  0  0  0  0
   -9.0000   -7.7942    0.0000 O   0  0  0  0  0  0  0  0  0  0  0  0
   -2.2500   -6.4952    0.0000 C   0  0  0  0  0  0  0  0  0  0  0  0
   -1.5000   -5.1962    0.0000 C   0  0  0  0  0  0  0  0  0  0  0  0
   -1.5000    0.0000    0.0000 C   0  0  0  0  0  0  0  0  0  0  0  0
   -0.7500    1.2990    0.0000 C   0  0  0  0  0  0  0  0  0  0  0  0
    0.7500    1.2990    0.0000 C   0  0  0  0  0  0  0  0  0  0  0  0
    1.5000    2.5981    0.0000 C   0  0  0  0  0  0  0  0  0  0  0  0
    3.0000    2.5981    0.0000 C   0  0  0  0  0  0  0  0  0  0  0  0
    3.7500    3.8971    0.0000 C   0  0  0  0  0  0  0  0  0  0  0  0
    3.0000    5.1962    0.0000 C   0  0  0  0  0  0  0  0  0  0  0  0
    1.5000    5.1962    0.0000 C   0  0  0  0  0  0  0  0  0  0  0  0
    0.7500    3.8971    0.0000 C   0  0  0  0  0  0  0  0  0  0  0  0
  1  2  1  0
  2  3  1  0
  3  4  1  0
  4  5  1  0
  5  6  2  0
  5  7  2  0
  5  8  1  0
  8  9  2  0
  9 10  1  0
 10 11  2  0
 11 12  1  0
 12 13  2  0
 12 14  1  0
 14 15  1  0
 15 16  1  0
 16 17  2  0
 16 18  1  0
 11 19  1  0
 19 20  2  0
  4 21  1  0
 21 22  1  0
 22 23  1  0
 23 24  1  0
 24 25  2  0
 25 26  1  0
 26 27  2  0
 27 28  1  0
 28 29  2  0
 23  2  1  0
 29 24  1  0
 20  8  1  0
M  END

$$$$
",4.045757490560676
"CHEMBL1471153","O=C(O)Cn1cnc2ccccc2c1=O","
     RDKit          2D

 15 16  0  0  0  0  0  0  0  0999 V2000
   -1.5000   -7.7942    0.0000 O   0  0  0  0  0  0  0  0  0  0  0  0
   -0.7500   -6.4952    0.0000 C   0  0  0  0  0  0  0  0  0  0  0  0
    0.7500   -6.4952    0.0000 O   0  0  0  0  0  0  0  0  0  0  0  0
   -1.5000   -5.1962    0.0000 C   0  0  0  0  0  0  0  0  0  0  0  0
   -0.7500   -3.8971    0.0000 N   0  0  0  0  0  0  0  0  0  0  0  0
    0.7500   -3.8971    0.0000 C   0  0  0  0  0  0  0  0  0  0  0  0
    1.5000   -2.5981    0.0000 N   0  0  0  0  0  0  0  0  0  0  0  0
    0.7500   -1.2990    0.0000 C   0  0  0  0  0  0  0  0  0  0  0  0
    1.5000    0.0000    0.0000 C   0  0  0  0  0  0  0  0  0  0  0  0
    0.7500    1.2990    0.0000 C   0  0  0  0  0  0  0  0  0  0  0  0
   -0.7500    1.2990    0.0000 C   0  0  0  0  0  0  0  0  0  0  0  0
   -1.5000    0.0000    0.0000 C   0  0  0  0  0  0  0  0  0  0  0  0
   -0.7500   -1.2990    0.0000 C   0  0  0  0  0  0  0  0  0  0  0  0
   -1.5000   -2.5981    0.0000 C   0  0  0  0  0  0  0  0  0  0  0  0
   -3.0000   -2.5981    0.0000 O   0  0  0  0  0  0  0  0  0  0  0  0
  1  2  2  0
  2  3  1  0
  2  4  1  0
  4  5  1  0
  5  6  1  0
  6  7  2  0
  7  8  1  0
  8  9  2  0
  9 10  1  0
 10 11  2  0
 11 12  1  0
 12 13  2  0
 13 14  1  0
 14 15  2  0
 14  5  1  0
 13  8  1  0
M  END

$$$$
",3.6575773191777943
"CHEMBL4460800","CC(C)(C)c1ccc(C(=O)CCC(=O)O)cc1","
     RDKit          2D

 17 17  0  0  0  0  0  0  0  0999 V2000
    3.0000   -1.5000    0.0000 C   0  0  0  0  0  0  0  0  0  0  0  0
    3.0000    0.0000    0.0000 C   0  0  0  0  0  0  0  0  0  0  0  0
    3.0000    1.5000    0.0000 C   0  0  0  0  0  0  0  0  0  0  0  0
    4.5000    0.0000    0.0000 C   0  0  0  0  0  0  0  0  0  0  0  0
    1.5000    0.0000    0.0000 C   0  0  0  0  0  0  0  0  0  0  0  0
    0.7500   -1.2990    0.0000 C   0  0  0  0  0  0  0  0  0  0  0  0
   -0.7500   -1.2990    0.0000 C   0  0  0  0  0  0  0  0  0  0  0  0
   -1.5000    0.0000    0.0000 C   0  0  0  0  0  0  0  0  0  0  0  0
   -3.0000    0.0000    0.0000 C   0  0  0  0  0  0  0  0  0  0  0  0
   -3.7500   -1.2990    0.0000 O   0  0  0  0  0  0  0  0  0  0  0  0
   -3.7500    1.2990    0.0000 C   0  0  0  0  0  0  0  0  0  0  0  0
   -5.2500    1.2990    0.0000 C   0  0  0  0  0  0  0  0  0  0  0  0
   -6.0000    2.5981    0.0000 C   0  0  0  0  0  0  0  0  0  0  0  0
   -7.5000    2.5981    0.0000 O   0  0  0  0  0  0  0  0  0  0  0  0
   -5.2500    3.8971    0.0000 O   0  0  0  0  0  0  0  0  0  0  0  0
   -0.7500    1.2990    0.0000 C   0  0  0  0  0  0  0  0  0  0  0  0
    0.7500    1.2990    0.0000 C   0  0  0  0  0  0  0  0  0  0  0  0
  1  2  1  0
  2  3  1  0
  2  4  1  0
  2  5  1  0
  5  6  2  0
  6  7  1  0
  7  8  2  0
  8  9  1  0
  9 10  2  0
  9 11  1  0
 11 12  1  0
 12 13  1  0
 13 14  2  0
 13 15  1  0
  8 16  1  0
 16 17  2  0
 17  5  1  0
M  END

$$$$
",3.769551078621727
"CHEMBL4573416","O=C(O)Cn1cc2ccccc2n1","
     RDKit          2D

 13 14  0  0  0  0  0  0  0  0999 V2000
   -1.2990   -7.3573    0.0000 O   0  0  0  0  0  0  0  0  0  0  0  0
   -1.2990   -5.8573    0.0000 C   0  0  0  0  0  0  0  0  0  0  0  0
   -2.5981   -5.1073    0.0000 O   0  0  0  0  0  0  0  0  0  0  0  0
   -0.0000   -5.1073    0.0000 C   0  0  0  0  0  0  0  0  0  0  0  0
   -0.0000   -3.6073    0.0000 N   0  0  0  0  0  0  0  0  0  0  0  0
    1.2135   -2.7256    0.0000 C   0  0  0  0  0  0  0  0  0  0  0  0
    0.7500   -1.2990    0.0000 C   0  0  0  0  0  0  0  0  0  0  0  0
    1.5000    0.0000    0.0000 C   0  0  0  0  0  0  0  0  0  0  0  0
    0.7500    1.2990    0.0000 C   0  0  0  0  0  0  0  0  0  0  0  0
   -0.7500    1.2990    0.0000 C   0  0  0  0  0  0  0  0  0  0  0  0
   -1.5000    0.0000    0.0000 C   0  0  0  0  0  0  0  0  0  0  0  0
   -0.7500   -1.2990    0.0000 C   0  0  0  0  0  0  0  0  0  0  0  0
   -1.2135   -2.7256    0.0000 N   0  0  0  0  0  0  0  0  0  0  0  0
  1  2  2  0
  2  3  1  0
  2  4  1  0
  4  5  1  0
  5  6  1  0
  6  7  2  0
  7  8  1  0
  8  9  2  0
  9 10  1  0
 10 11  2  0
 11 12  1  0
 12 13  2  0
 13  5  1  0
 12  7  1  0
M  END

$$$$
",3.031517051446066
"CHEMBL4589447","O=C(O)CCc1nnc(-c2cc(F)ccc2Br)o1","
     RDKit          2D

 18 19  0  0  0  0  0  0  0  0999 V2000
   -1.0496   -9.1759    0.0000 O   0  0  0  0  0  0  0  0  0  0  0  0
    0.3207   -8.5658    0.0000 C   0  0  0  0  0  0  0  0  0  0  0  0
    1.5342   -9.4474    0.0000 O   0  0  0  0  0  0  0  0  0  0  0  0
    0.4775   -7.0740    0.0000 C   0  0  0  0  0  0  0  0  0  0  0  0
    1.8478   -6.4639    0.0000 C   0  0  0  0  0  0  0  0  0  0  0  0
    2.0046   -4.9721    0.0000 C   0  0  0  0  0  0  0  0  0  0  0  0
    3.3037   -4.2221    0.0000 N   0  0  0  0  0  0  0  0  0  0  0  0
    2.9918   -2.7549    0.0000 N   0  0  0  0  0  0  0  0  0  0  0  0
    1.5000   -2.5981    0.0000 C   0  0  0  0  0  0  0  0  0  0  0  0
    0.7500   -1.2990    0.0000 C   0  0  0  0  0  0  0  0  0  0  0  0
    1.5000    0.0000    0.0000 C   0  0  0  0  0  0  0  0  0  0  0  0
    0.7500    1.2990    0.0000 C   0  0  0  0  0  0  0  0  0  0  0  0
    1.5000    2.5981    0.0000 F   0  0  0  0  0  0  0  0  0  0  0  0
   -0.7500    1.2990    0.0000 C   0  0  0  0  0  0  0  0  0  0  0  0
   -1.5000    0.0000    0.0000 C   0  0  0  0  0  0  0  0  0  0  0  0
   -0.7500   -1.2990    0.0000 C   0  0  0  0  0  0  0  0  0  0  0  0
   -1.5000   -2.5981    0.0000 Br  0  0  0  0  0  0  0  0  0  0  0  0
    0.8899   -3.9684    0.0000 O   0  0  0  0  0  0  0  0  0  0  0  0
  1  2  2  0
  2  3  1  0
  2  4  1  0
  4  5  1  0
  5  6  1  0
  6  7  2  0
  7  8  1  0
  8  9  2  0
  9 10  1  0
 10 11  2  0
 11 12  1  0
 12 13  1  0
 12 14  2  0
 14 15  1  0
 15 16  2  0
 16 17  1  0
  9 18  1  0
 18  6  1  0
 16 10  1  0
M  END

$$$$
",3.366531544420414
"CHEMBL5278336","O=C(O)CNC(=O)c1ccc(S(=O)(=O)N2CCC(c3ccc(Cl)cc3)CC2)cn1","
     RDKit          2D

 29 31  0  0  0  0  0  0  0  0999 V2000
    7.5000   -2.5981    0.0000 O   0  0  0  0  0  0  0  0  0  0  0  0
    6.0000   -2.5981    0.0000 C   0  0  0  0  0  0  0  0  0  0  0  0
    5.2500   -3.8971    0.0000 O   0  0  0  0  0  0  0  0  0  0  0  0
    5.2500   -1.2990    0.0000 C   0  0  0  0  0  0  0  0  0  0  0  0
    3.7500   -1.2990    0.0000 N   0  0  0  0  0  0  0  0  0  0  0  0
    3.0000    0.0000    0.0000 C   0  0  0  0  0  0  0  0  0  0  0  0
    3.7500    1.2990    0.0000 O   0  0  0  0  0  0  0  0  0  0  0  0
    1.5000    0.0000    0.0000 C   0  0  0  0  0  0  0  0  0  0  0  0
    0.7500   -1.2990    0.0000 C   0  0  0  0  0  0  0  0  0  0  0  0
   -0.7500   -1.2990    0.0000 C   0  0  0  0  0  0  0  0  0  0  0  0
   -1.5000    0.0000    0.0000 C   0  0  0  0  0  0  0  0  0  0  0  0
   -3.0000    0.0000    0.0000 S   0  0  0  0  0  0  0  0  0  0  0  0
   -3.0000    1.5000    0.0000 O   0  0  0  0  0  0  0  0  0  0  0  0
   -3.0000   -1.5000    0.0000 O   0  0  0  0  0  0  0  0  0  0  0  0
   -4.5000    0.0000    0.0000 N   0  0  0  0  0  0  0  0  0  0  0  0
   -5.2500    1.2990    0.0000 C   0  0  0  0  0  0  0  0  0  0  0  0
   -6.7500    1.2990    0.0000 C   0  0  0  0  0  0  0  0  0  0  0  0
   -7.5000    0.0000    0.0000 C   0  0  0  0  0  0  0  0  0  0  0  0
   -9.0000    0.0000    0.0000 C   0  0  0  0  0  0  0  0  0  0  0  0
   -9.7500    1.2990    0.0000 C   0  0  0  0  0  0  0  0  0  0  0  0
  -11.2500    1.2990    0.0000 C   0  0  0  0  0  0  0  0  0  0  0  0
  -12.0000   -0.0000    0.0000 C   0  0  0  0  0  0  0  0  0  0  0  0
  -13.5000   -0.0000    0.0000 Cl  0  0  0  0  0  0  0  0  0  0  0  0
  -11.2500   -1.2990    0.0000 C   0  0  0  0  0  0  0  0  0  0  0  0
   -9.7500   -1.2990    0.0000 C   0  0  0  0  0  0  0  0  0  0  0  0
   -6.7500   -1.2990    0.0000 C   0  0  0  0  0  0  0  0  0  0  0  0
   -5.2500   -1.2990    0.0000 C   0  0  0  0  0  0  0  0  0  0  0  0
   -0.7500    1.2990    0.0000 C   0  0  0  0  0  0  0  0  0  0  0  0
    0.7500    1.2990    0.0000 N   0  0  0  0  0  0  0  0  0  0  0  0
  1  2  2  0
  2  3  1  0
  2  4  1  0
  4  5  1  0
  5  6  1  0
  6  7  2  0
  6  8  1  0
  8  9  2  0
  9 10  1  0
 10 11  2  0
 11 12  1  0
 12 13  2  0
 12 14  2  0
 12 15  1  0
 15 16  1  0
 16 17  1  0
 17 18  1  0
 18 19  1  0
 19 20  2  0
 20 21  1  0
 21 22  2  0
 22 23  1  0
 22 24  1  0
 24 25  2  0
 18 26  1  0
 26 27  1  0
 11 28  1  0
 28 29  2  0
 29  8  1  0
 27 15  1  0
 25 19  1  0
M  END

$$$$
",4.337242168318427
"CHEMBL5284285","O=C(O)CNC(=O)c1ccc(S(=O)(=O)N2CCC(c3ccccc3)C2)cc1","
     RDKit          2D

 27 29  0  0  0  0  0  0  0  0999 V2000
    7.5000   -2.5981    0.0000 O   0  0  0  0  0  0  0  0  0  0  0  0
    6.0000   -2.5981    0.0000 C   0  0  0  0  0  0  0  0  0  0  0  0
    5.2500   -3.8971    0.0000 O   0  0  0  0  0  0  0  0  0  0  0  0
    5.2500   -1.2990    0.0000 C   0  0  0  0  0  0  0  0  0  0  0  0
    3.7500   -1.2990    0.0000 N   0  0  0  0  0  0  0  0  0  0  0  0
    3.0000    0.0000    0.0000 C   0  0  0  0  0  0  0  0  0  0  0  0
    3.7500    1.2990    0.0000 O   0  0  0  0  0  0  0  0  0  0  0  0
    1.5000    0.0000    0.0000 C   0  0  0  0  0  0  0  0  0  0  0  0
    0.7500   -1.2990    0.0000 C   0  0  0  0  0  0  0  0  0  0  0  0
   -0.7500   -1.2990    0.0000 C   0  0  0  0  0  0  0  0  0  0  0  0
   -1.5000    0.0000    0.0000 C   0  0  0  0  0  0  0  0  0  0  0  0
   -3.0000    0.0000    0.0000 S   0  0  0  0  0  0  0  0  0  0  0  0
   -3.0000    1.5000    0.0000 O   0  0  0  0  0  0  0  0  0  0  0  0
   -3.0000   -1.5000    0.0000 O   0  0  0  0  0  0  0  0  0  0  0  0
   -4.5000    0.0000    0.0000 N   0  0  0  0  0  0  0  0  0  0  0  0
   -5.3817   -1.2135    0.0000 C   0  0  0  0  0  0  0  0  0  0  0  0
   -6.8083   -0.7500    0.0000 C   0  0  0  0  0  0  0  0  0  0  0  0
   -6.8083    0.7500    0.0000 C   0  0  0  0  0  0  0  0  0  0  0  0
   -8.0218    1.6317    0.0000 C   0  0  0  0  0  0  0  0  0  0  0  0
   -7.8650    3.1235    0.0000 C   0  0  0  0  0  0  0  0  0  0  0  0
   -9.0785    4.0051    0.0000 C   0  0  0  0  0  0  0  0  0  0  0  0
  -10.4488    3.3950    0.0000 C   0  0  0  0  0  0  0  0  0  0  0  0
  -10.6056    1.9033    0.0000 C   0  0  0  0  0  0  0  0  0  0  0  0
   -9.3921    1.0216    0.0000 C   0  0  0  0  0  0  0  0  0  0  0  0
   -5.3817    1.2135    0.0000 C   0  0  0  0  0  0  0  0  0  0  0  0
   -0.7500    1.2990    0.0000 C   0  0  0  0  0  0  0  0  0  0  0  0
    0.7500    1.2990    0.0000 C   0  0  0  0  0  0  0  0  0  0  0  0
  1  2  2  0
  2  3  1  0
  2  4  1  0
  4  5  1  0
  5  6  1  0
  6  7  2  0
  6  8  1  0
  8  9  2  0
  9 10  1  0
 10 11  2  0
 11 12  1  0
 12 13  2  0
 12 14  2  0
 12 15  1  0
 15 16  1  0
 16 17  1  0
 17 18  1  0
 18 19  1  0
 19 20  2  0
 20 21  1  0
 21 22  2  0
 22 23  1  0
 23 24  2  0
 18 25  1  0
 11 26  1  0
 26 27  2  0
 27  8  1  0
 25 15  1  0
 24 19  1  0
M  END

$$$$
",3.886056647693164
"CHEMBL461681","O=C(O)CCC(=O)c1ccccc1","
     RDKit          2D

 13 13  0  0  0  0  0  0  0  0999 V2000
    7.5000   -2.5981    0.0000 O   0  0  0  0  0  0  0  0  0  0  0  0
    6.0000   -2.5981    0.0000 C   0  0  0  0  0  0  0  0  0  0  0  0
    5.2500   -3.8971    0.0000 O   0  0  0  0  0  0  0  0  0  0  0  0
    5.2500   -1.2990    0.0000 C   0  0  0  0  0  0  0  0  0  0  0  0
    3.7500   -1.2990    0.0000 C   0  0  0  0  0  0  0  0  0  0  0  0
    3.0000    0.0000    0.0000 C   0  0  0  0  0  0  0  0  0  0  0  0
    3.7500    1.2990    0.0000 O   0  0  0  0  0  0  0  0  0  0  0  0
    1.5000    0.0000    0.0000 C   0  0  0  0  0  0  0  0  0  0  0  0
    0.7500   -1.2990    0.0000 C   0  0  0  0  0  0  0  0  0  0  0  0
   -0.7500   -1.2990    0.0000 C   0  0  0  0  0  0  0  0  0  0  0  0
   -1.5000    0.0000    0.0000 C   0  0  0  0  0  0  0  0  0  0  0  0
   -0.7500    1.2990    0.0000 C   0  0  0  0  0  0  0  0  0  0  0  0
    0.7500    1.2990    0.0000 C   0  0  0  0  0  0  0  0  0  0  0  0
  1  2  2  0
  2  3  1  0
  2  4  1  0
  4  5  1  0
  5  6  1  0
  6  7  2  0
  6  8  1  0
  8  9  2  0
  9 10  1  0
 10 11  2  0
 11 12  1  0
 12 13  2  0
 13  8  1  0
M  END

$$$$
",3.1674910872937643
"CHEMBL4581803","O=C(O)CCC(=O)c1ccc2c(c1)CCC2","
     RDKit          2D

 16 17  0  0  0  0  0  0  0  0999 V2000
    3.3802    9.0132    0.0000 O   0  0  0  0  0  0  0  0  0  0  0  0
    3.0684    7.5459    0.0000 C   0  0  0  0  0  0  0  0  0  0  0  0
    4.1831    6.5422    0.0000 O   0  0  0  0  0  0  0  0  0  0  0  0
    1.6418    7.0824    0.0000 C   0  0  0  0  0  0  0  0  0  0  0  0
    1.3299    5.6152    0.0000 C   0  0  0  0  0  0  0  0  0  0  0  0
   -0.0967    5.1517    0.0000 C   0  0  0  0  0  0  0  0  0  0  0  0
   -1.2114    6.1554    0.0000 O   0  0  0  0  0  0  0  0  0  0  0  0
   -0.4086    3.6844    0.0000 C   0  0  0  0  0  0  0  0  0  0  0  0
   -1.8351    3.2209    0.0000 C   0  0  0  0  0  0  0  0  0  0  0  0
   -2.1470    1.7537    0.0000 C   0  0  0  0  0  0  0  0  0  0  0  0
   -1.0323    0.7500    0.0000 C   0  0  0  0  0  0  0  0  0  0  0  0
    0.3943    1.2135    0.0000 C   0  0  0  0  0  0  0  0  0  0  0  0
    0.7062    2.6807    0.0000 C   0  0  0  0  0  0  0  0  0  0  0  0
    1.2760    0.0000    0.0000 C   0  0  0  0  0  0  0  0  0  0  0  0
    0.3943   -1.2135    0.0000 C   0  0  0  0  0  0  0  0  0  0  0  0
   -1.0323   -0.7500    0.0000 C   0  0  0  0  0  0  0  0  0  0  0  0
  1  2  2  0
  2  3  1  0
  2  4  1  0
  4  5  1  0
  5  6  1  0
  6  7  2  0
  6  8  1  0
  8  9  2  0
  9 10  1  0
 10 11  2  0
 11 12  1  0
 12 13  2  0
 12 14  1  0
 14 15  1  0
 15 16  1  0
 13  8  1  0
 16 11  1  0
M  END

$$$$
",3.2676062401770327
"CHEMBL4449005","C#CCOC(=O)/C(C)=C(C)C=C[C@](C)(O)[C@H]1CC[C@H]2[C@@H]3[C@@H]4O[C@@H]4[C@@]4(O)CC=CC(=O)[C@]4(C)[C@H]3CC[C@@]21C","
     RDKit          2D

 37 41  0  0  0  0  0  0  0  0999 V2000
    4.5247    5.0180    0.0000 C   0  0  0  0  0  0  0  0  0  0  0  0
    3.0981    5.4815    0.0000 C   0  0  0  0  0  0  0  0  0  0  0  0
    1.6716    5.9451    0.0000 C   0  0  0  0  0  0  0  0  0  0  0  0
    1.3597    7.4123    0.0000 O   0  0  0  0  0  0  0  0  0  0  0  0
   -0.0669    7.8758    0.0000 C   0  0  0  0  0  0  0  0  0  0  0  0
   -1.1816    6.8721    0.0000 O   0  0  0  0  0  0  0  0  0  0  0  0
   -0.3788    9.3430    0.0000 C   0  0  0  0  0  0  0  0  0  0  0  0
    0.7360   10.3467    0.0000 C   0  0  0  0  0  0  0  0  0  0  0  0
   -1.8054    9.8066    0.0000 C   0  0  0  0  0  0  0  0  0  0  0  0
   -2.1172   11.2738    0.0000 C   0  0  0  0  0  0  0  0  0  0  0  0
   -2.9201    8.8029    0.0000 C   0  0  0  0  0  0  0  0  0  0  0  0
   -2.6082    7.3356    0.0000 C   0  0  0  0  0  0  0  0  0  0  0  0
   -3.7229    6.3319    0.0000 C   0  0  0  0  0  0  0  0  0  0  0  0
   -4.8376    5.3282    0.0000 C   0  0  0  0  0  0  0  0  0  0  0  0
   -4.7266    7.4467    0.0000 O   0  0  0  0  0  0  0  0  0  0  0  0
   -2.7192    5.2172    0.0000 C   0  0  0  0  0  0  0  0  0  0  0  0
   -1.2274    5.3740    0.0000 C   0  0  0  0  0  0  0  0  0  0  0  0
   -0.6173    4.0037    0.0000 C   0  0  0  0  0  0  0  0  0  0  0  0
   -1.7321    3.0000    0.0000 C   0  0  0  0  0  0  0  0  0  0  0  0
   -1.7321    1.5000    0.0000 C   0  0  0  0  0  0  0  0  0  0  0  0
   -0.4330    0.7500    0.0000 C   0  0  0  0  0  0  0  0  0  0  0  0
    0.8660    0.0000    0.0000 O   0  0  0  0  0  0  0  0  0  0  0  0
   -0.4330   -0.7500    0.0000 C   0  0  0  0  0  0  0  0  0  0  0  0
   -1.7321   -1.5000    0.0000 C   0  0  0  0  0  0  0  0  0  0  0  0
   -0.4330   -2.2500    0.0000 O   0  0  0  0  0  0  0  0  0  0  0  0
   -1.7321   -3.0000    0.0000 C   0  0  0  0  0  0  0  0  0  0  0  0
   -3.0311   -3.7500    0.0000 C   0  0  0  0  0  0  0  0  0  0  0  0
   -4.3301   -3.0000    0.0000 C   0  0  0  0  0  0  0  0  0  0  0  0
   -4.3301   -1.5000    0.0000 C   0  0  0  0  0  0  0  0  0  0  0  0
   -5.6292   -0.7500    0.0000 O   0  0  0  0  0  0  0  0  0  0  0  0
   -3.0311   -0.7500    0.0000 C   0  0  0  0  0  0  0  0  0  0  0  0
   -4.3301    0.0000    0.0000 C   0  0  0  0  0  0  0  0  0  0  0  0
   -3.0311    0.7500    0.0000 C   0  0  0  0  0  0  0  0  0  0  0  0
   -4.3301    1.5000    0.0000 C   0  0  0  0  0  0  0  0  0  0  0  0
   -4.3301    3.0000    0.0000 C   0  0  0  0  0  0  0  0  0  0  0  0
   -3.0311    3.7500    0.0000 C   0  0  0  0  0  0  0  0  0  0  0  0
   -4.2446    4.6317    0.0000 C   0  0  0  0  0  0  0  0  0  0  0  0
  1  2  3  0
  2  3  1  0
  3  4  1  0
  4  5  1  0
  5  6  2  0
  5  7  1  0
  7  8  1  0
  7  9  2  3
  9 10  1  0
  9 11  1  0
 11 12  2  3
 12 13  1  0
 13 14  1  6
 13 15  1  0
 13 16  1  0
 16 17  1  1
 17 18  1  0
 19 18  1  1
 20 19  1  6
 20 21  1  0
 21 22  1  6
 23 22  1  6
 23 24  1  0
 24 25  1  6
 24 26  1  0
 26 27  1  0
 27 28  2  0
 28 29  1  0
 29 30  2  0
 29 31  1  0
 31 32  1  1
 31 33  1  0
 33 34  1  1
 34 35  1  0
 35 36  1  0
 36 37  1  1
 36 16  1  0
 36 19  1  0
 33 20  1  0
 23 21  1  0
 31 24  1  0
M  END

$$$$
",8.96738123914928
"CHEMBL4534428","CC(C)(C)NS(=O)(=O)c1cccc2c(NC(=O)[C@H](Cc3ccccc3)NC(=O)C3CC3)cccc12","
     RDKit          2D

 35 38  0  0  0  0  0  0  0  0999 V2000
    6.5490    0.5490    0.0000 C   0  0  0  0  0  0  0  0  0  0  0  0
    5.2500    1.2990    0.0000 C   0  0  0  0  0  0  0  0  0  0  0  0
    3.9510    2.0490    0.0000 C   0  0  0  0  0  0  0  0  0  0  0  0
    6.0000    2.5981    0.0000 C   0  0  0  0  0  0  0  0  0  0  0  0
    4.5000    0.0000    0.0000 N   0  0  0  0  0  0  0  0  0  0  0  0
    3.0000    0.0000    0.0000 S   0  0  0  0  0  0  0  0  0  0  0  0
    3.0000   -1.5000    0.0000 O   0  0  0  0  0  0  0  0  0  0  0  0
    3.0000    1.5000    0.0000 O   0  0  0  0  0  0  0  0  0  0  0  0
    1.5000    0.0000    0.0000 C   0  0  0  0  0  0  0  0  0  0  0  0
    0.7500   -1.2990    0.0000 C   0  0  0  0  0  0  0  0  0  0  0  0
   -0.7500   -1.2990    0.0000 C   0  0  0  0  0  0  0  0  0  0  0  0
   -1.5000    0.0000    0.0000 C   0  0  0  0  0  0  0  0  0  0  0  0
   -0.7500    1.2990    0.0000 C   0  0  0  0  0  0  0  0  0  0  0  0
   -1.5000    2.5981    0.0000 C   0  0  0  0  0  0  0  0  0  0  0  0
   -3.0000    2.5981    0.0000 N   0  0  0  0  0  0  0  0  0  0  0  0
   -3.7500    3.8971    0.0000 C   0  0  0  0  0  0  0  0  0  0  0  0
   -3.0000    5.1962    0.0000 O   0  0  0  0  0  0  0  0  0  0  0  0
   -5.2500    3.8971    0.0000 C   0  0  0  0  0  0  0  0  0  0  0  0
   -6.0000    5.1962    0.0000 C   0  0  0  0  0  0  0  0  0  0  0  0
   -7.5000    5.1962    0.0000 C   0  0  0  0  0  0  0  0  0  0  0  0
   -8.2500    6.4952    0.0000 C   0  0  0  0  0  0  0  0  0  0  0  0
   -9.7500    6.4952    0.0000 C   0  0  0  0  0  0  0  0  0  0  0  0
  -10.5000    5.1962    0.0000 C   0  0  0  0  0  0  0  0  0  0  0  0
   -9.7500    3.8971    0.0000 C   0  0  0  0  0  0  0  0  0  0  0  0
   -8.2500    3.8971    0.0000 C   0  0  0  0  0  0  0  0  0  0  0  0
   -6.0000    2.5981    0.0000 N   0  0  0  0  0  0  0  0  0  0  0  0
   -5.2500    1.2990    0.0000 C   0  0  0  0  0  0  0  0  0  0  0  0
   -3.7500    1.2990    0.0000 O   0  0  0  0  0  0  0  0  0  0  0  0
   -6.0000    0.0000    0.0000 C   0  0  0  0  0  0  0  0  0  0  0  0
   -7.2990   -0.7500    0.0000 C   0  0  0  0  0  0  0  0  0  0  0  0
   -6.0000   -1.5000    0.0000 C   0  0  0  0  0  0  0  0  0  0  0  0
   -0.7500    3.8971    0.0000 C   0  0  0  0  0  0  0  0  0  0  0  0
    0.7500    3.8971    0.0000 C   0  0  0  0  0  0  0  0  0  0  0  0
    1.5000    2.5981    0.0000 C   0  0  0  0  0  0  0  0  0  0  0  0
    0.7500    1.2990    0.0000 C   0  0  0  0  0  0  0  0  0  0  0  0
  1  2  1  0
  2  3  1  0
  2  4  1  0
  2  5  1  0
  5  6  1  0
  6  7  2  0
  6  8  2  0
  6  9  1  0
  9 10  2  0
 10 11  1  0
 11 12  2  0
 12 13  1  0
 13 14  2  0
 14 15  1  0
 15 16  1  0
 16 17  2  0
 16 18  1  0
 18 19  1  1
 19 20  1  0
 20 21  2  0
 21 22  1  0
 22 23  2  0
 23 24  1  0
 24 25  2  0
 18 26  1  0
 26 27  1  0
 27 28  2  0
 27 29  1  0
 29 30  1  0
 30 31  1  0
 14 32  1  0
 32 33  2  0
 33 34  1  0
 34 35  2  0
 35  9  1  0
 35 13  1  0
 25 20  1  0
 31 29  1  0
M  END

$$$$
",7.522878745280337
"CHEMBL5266862","O=C([O-])CNC(=O)c1ccc(S(=O)(=O)N2CCC(c3ccc(Cl)cc3)CC2)cn1.[K+]","
     RDKit          2D

 30 31  0  0  0  0  0  0  0  0999 V2000
    7.5000   -2.5981    0.0000 O   0  0  0  0  0  0  0  0  0  0  0  0
    6.0000   -2.5981    0.0000 C   0  0  0  0  0  0  0  0  0  0  0  0
    5.2500   -3.8971    0.0000 O   0  0  0  0  0  1  0  0  0  0  0  0
    5.2500   -1.2990    0.0000 C   0  0  0  0  0  0  0  0  0  0  0  0
    3.7500   -1.2990    0.0000 N   0  0  0  0  0  0  0  0  0  0  0  0
    3.0000    0.0000    0.0000 C   0  0  0  0  0  0  0  0  0  0  0  0
    3.7500    1.2990    0.0000 O   0  0  0  0  0  0  0  0  0  0  0  0
    1.5000    0.0000    0.0000 C   0  0  0  0  0  0  0  0  0  0  0  0
    0.7500   -1.2990    0.0000 C   0  0  0  0  0  0  0  0  0  0  0  0
   -0.7500   -1.2990    0.0000 C   0  0  0  0  0  0  0  0  0  0  0  0
   -1.5000    0.0000    0.0000 C   0  0  0  0  0  0  0  0  0  0  0  0
   -3.0000    0.0000    0.0000 S   0  0  0  0  0  0  0  0  0  0  0  0
   -3.0000    1.5000    0.0000 O   0  0  0  0  0  0  0  0  0  0  0  0
   -3.0000   -1.5000    0.0000 O   0  0  0  0  0  0  0  0  0  0  0  0
   -4.5000    0.0000    0.0000 N   0  0  0  0  0  0  0  0  0  0  0  0
   -5.2500    1.2990    0.0000 C   0  0  0  0  0  0  0  0  0  0  0  0
   -6.7500    1.2990    0.0000 C   0  0  0  0  0  0  0  0  0  0  0  0
   -7.5000    0.0000    0.0000 C   0  0  0  0  0  0  0  0  0  0  0  0
   -9.0000    0.0000    0.0000 C   0  0  0  0  0  0  0  0  0  0  0  0
   -9.7500    1.2990    0.0000 C   0  0  0  0  0  0  0  0  0  0  0  0
  -11.2500    1.2990    0.0000 C   0  0  0  0  0  0  0  0  0  0  0  0
  -12.0000   -0.0000    0.0000 C   0  0  0  0  0  0  0  0  0  0  0  0
  -13.5000   -0.0000    0.0000 Cl  0  0  0  0  0  0  0  0  0  0  0  0
  -11.2500   -1.2990    0.0000 C   0  0  0  0  0  0  0  0  0  0  0  0
   -9.7500   -1.2990    0.0000 C   0  0  0  0  0  0  0  0  0  0  0  0
   -6.7500   -1.2990    0.0000 C   0  0  0  0  0  0  0  0  0  0  0  0
   -5.2500   -1.2990    0.0000 C   0  0  0  0  0  0  0  0  0  0  0  0
   -0.7500    1.2990    0.0000 C   0  0  0  0  0  0  0  0  0  0  0  0
    0.7500    1.2990    0.0000 N   0  0  0  0  0  0  0  0  0  0  0  0
    0.0000    2.5000    0.0000 K   0  0  0  0  0 15  0  0  0  0  0  0
  1  2  2  0
  2  3  1  0
  2  4  1  0
  4  5  1  0
  5  6  1  0
  6  7  2  0
  6  8  1  0
  8  9  2  0
  9 10  1  0
 10 11  2  0
 11 12  1  0
 12 13  2  0
 12 14  2  0
 12 15  1  0
 15 16  1  0
 16 17  1  0
 17 18  1  0
 18 19  1  0
 19 20  2  0
 20 21  1  0
 21 22  2  0
 22 23  1  0
 22 24  1  0
 24 25  2  0
 18 26  1  0
 26 27  1  0
 11 28  1  0
 28 29  2  0
 29  8  1  0
 27 15  1  0
 25 19  1  0
M  CHG  2   3  -1  30   1
M  END

$$$$
",5.508638306165728
"CHEMBL5274579","O=C(O)CNC(=O)c1ccc(S(=O)(=O)N2CCC(c3ccc(Br)cc3)CC2)cc1F","
     RDKit          2D

 30 32  0  0  0  0  0  0  0  0999 V2000
    7.5000   -2.5981    0.0000 O   0  0  0  0  0  0  0  0  0  0  0  0
    6.0000   -2.5981    0.0000 C   0  0  0  0  0  0  0  0  0  0  0  0
    5.2500   -3.8971    0.0000 O   0  0  0  0  0  0  0  0  0  0  0  0
    5.2500   -1.2990    0.0000 C   0  0  0  0  0  0  0  0  0  0  0  0
    3.7500   -1.2990    0.0000 N   0  0  0  0  0  0  0  0  0  0  0  0
    3.0000    0.0000    0.0000 C   0  0  0  0  0  0  0  0  0  0  0  0
    3.7500    1.2990    0.0000 O   0  0  0  0  0  0  0  0  0  0  0  0
    1.5000    0.0000    0.0000 C   0  0  0  0  0  0  0  0  0  0  0  0
    0.7500   -1.2990    0.0000 C   0  0  0  0  0  0  0  0  0  0  0  0
   -0.7500   -1.2990    0.0000 C   0  0  0  0  0  0  0  0  0  0  0  0
   -1.5000    0.0000    0.0000 C   0  0  0  0  0  0  0  0  0  0  0  0
   -3.0000    0.0000    0.0000 S   0  0  0  0  0  0  0  0  0  0  0  0
   -3.0000    1.5000    0.0000 O   0  0  0  0  0  0  0  0  0  0  0  0
   -3.0000   -1.5000    0.0000 O   0  0  0  0  0  0  0  0  0  0  0  0
   -4.5000    0.0000    0.0000 N   0  0  0  0  0  0  0  0  0  0  0  0
   -5.2500    1.2990    0.0000 C   0  0  0  0  0  0  0  0  0  0  0  0
   -6.7500    1.2990    0.0000 C   0  0  0  0  0  0  0  0  0  0  0  0
   -7.5000    0.0000    0.0000 C   0  0  0  0  0  0  0  0  0  0  0  0
   -9.0000    0.0000    0.0000 C   0  0  0  0  0  0  0  0  0  0  0  0
   -9.7500    1.2990    0.0000 C   0  0  0  0  0  0  0  0  0  0  0  0
  -11.2500    1.2990    0.0000 C   0  0  0  0  0  0  0  0  0  0  0  0
  -12.0000   -0.0000    0.0000 C   0  0  0  0  0  0  0  0  0  0  0  0
  -13.5000   -0.0000    0.0000 Br  0  0  0  0  0  0  0  0  0  0  0  0
  -11.2500   -1.2990    0.0000 C   0  0  0  0  0  0  0  0  0  0  0  0
   -9.7500   -1.2990    0.0000 C   0  0  0  0  0  0  0  0  0  0  0  0
   -6.7500   -1.2990    0.0000 C   0  0  0  0  0  0  0  0  0  0  0  0
   -5.2500   -1.2990    0.0000 C   0  0  0  0  0  0  0  0  0  0  0  0
   -0.7500    1.2990    0.0000 C   0  0  0  0  0  0  0  0  0  0  0  0
    0.7500    1.2990    0.0000 C   0  0  0  0  0  0  0  0  0  0  0  0
    1.5000    2.5981    0.0000 F   0  0  0  0  0  0  0  0  0  0  0  0
  1  2  2  0
  2  3  1  0
  2  4  1  0
  4  5  1  0
  5  6  1  0
  6  7  2  0
  6  8  1  0
  8  9  2  0
  9 10  1  0
 10 11  2  0
 11 12  1  0
 12 13  2  0
 12 14  2  0
 12 15  1  0
 15 16  1  0
 16 17  1  0
 17 18  1  0
 18 19  1  0
 19 20  2  0
 20 21  1  0
 21 22  2  0
 22 23  1  0
 22 24  1  0
 24 25  2  0
 18 26  1  0
 26 27  1  0
 11 28  1  0
 28 29  2  0
 29 30  1  0
 29  8  1  0
 27 15  1  0
 25 19  1  0
M  END

$$$$
",4.886056647693164
"CHEMBL1923233","CCC[C@H](NC(=O)/C(C#N)=C/c1cccc(Br)n1)c1ccccc1","
     RDKit          2D

 24 25  0  0  0  0  0  0  0  0999 V2000
    0.7500  -11.6913    0.0000 C   0  0  0  0  0  0  0  0  0  0  0  0
    1.5000  -10.3923    0.0000 C   0  0  0  0  0  0  0  0  0  0  0  0
    0.7500   -9.0933    0.0000 C   0  0  0  0  0  0  0  0  0  0  0  0
    1.5000   -7.7942    0.0000 C   0  0  0  0  0  0  0  0  0  0  0  0
    0.7500   -6.4952    0.0000 N   0  0  0  0  0  0  0  0  0  0  0  0
    1.5000   -5.1962    0.0000 C   0  0  0  0  0  0  0  0  0  0  0  0
    3.0000   -5.1962    0.0000 O   0  0  0  0  0  0  0  0  0  0  0  0
    0.7500   -3.8971    0.0000 C   0  0  0  0  0  0  0  0  0  0  0  0
   -0.7500   -3.8971    0.0000 C   0  0  0  0  0  0  0  0  0  0  0  0
   -2.2500   -3.8971    0.0000 N   0  0  0  0  0  0  0  0  0  0  0  0
    1.5000   -2.5981    0.0000 C   0  0  0  0  0  0  0  0  0  0  0  0
    0.7500   -1.2990    0.0000 C   0  0  0  0  0  0  0  0  0  0  0  0
    1.5000    0.0000    0.0000 C   0  0  0  0  0  0  0  0  0  0  0  0
    0.7500    1.2990    0.0000 C   0  0  0  0  0  0  0  0  0  0  0  0
   -0.7500    1.2990    0.0000 C   0  0  0  0  0  0  0  0  0  0  0  0
   -1.5000    0.0000    0.0000 C   0  0  0  0  0  0  0  0  0  0  0  0
   -3.0000    0.0000    0.0000 Br  0  0  0  0  0  0  0  0  0  0  0  0
   -0.7500   -1.2990    0.0000 N   0  0  0  0  0  0  0  0  0  0  0  0
    3.0000   -7.7942    0.0000 C   0  0  0  0  0  0  0  0  0  0  0  0
    3.7500   -9.0933    0.0000 C   0  0  0  0  0  0  0  0  0  0  0  0
    5.2500   -9.0933    0.0000 C   0  0  0  0  0  0  0  0  0  0  0  0
    6.0000   -7.7942    0.0000 C   0  0  0  0  0  0  0  0  0  0  0  0
    5.2500   -6.4952    0.0000 C   0  0  0  0  0  0  0  0  0  0  0  0
    3.7500   -6.4952    0.0000 C   0  0  0  0  0  0  0  0  0  0  0  0
  1  2  1  0
  2  3  1  0
  4  3  1  6
  4  5  1  0
  5  6  1  0
  6  7  2  0
  6  8  1  0
  8  9  1  0
  9 10  3  0
  8 11  2  0
 11 12  1  0
 12 13  2  0
 13 14  1  0
 14 15  2  0
 15 16  1  0
 16 17  1  0
 16 18  2  0
  4 19  1  0
 19 20  2  0
 20 21  1  0
 21 22  2  0
 22 23  1  0
 23 24  2  0
 18 12  1  0
 24 19  1  0
M  END

$$$$
",5.522878745280338
"CHEMBL4576514","O=C(O)CCc1nnc(-c2cccc(C(F)(F)F)c2)o1","
     RDKit          2D

 20 21  0  0  0  0  0  0  0  0999 V2000
   -1.0496   -9.1759    0.0000 O   0  0  0  0  0  0  0  0  0  0  0  0
    0.3207   -8.5658    0.0000 C   0  0  0  0  0  0  0  0  0  0  0  0
    1.5342   -9.4474    0.0000 O   0  0  0  0  0  0  0  0  0  0  0  0
    0.4775   -7.0740    0.0000 C   0  0  0  0  0  0  0  0  0  0  0  0
    1.8478   -6.4639    0.0000 C   0  0  0  0  0  0  0  0  0  0  0  0
    2.0046   -4.9721    0.0000 C   0  0  0  0  0  0  0  0  0  0  0  0
    3.3037   -4.2221    0.0000 N   0  0  0  0  0  0  0  0  0  0  0  0
    2.9918   -2.7549    0.0000 N   0  0  0  0  0  0  0  0  0  0  0  0
    1.5000   -2.5981    0.0000 C   0  0  0  0  0  0  0  0  0  0  0  0
    0.7500   -1.2990    0.0000 C   0  0  0  0  0  0  0  0  0  0  0  0
    1.5000    0.0000    0.0000 C   0  0  0  0  0  0  0  0  0  0  0  0
    0.7500    1.2990    0.0000 C   0  0  0  0  0  0  0  0  0  0  0  0
   -0.7500    1.2990    0.0000 C   0  0  0  0  0  0  0  0  0  0  0  0
   -1.5000    0.0000    0.0000 C   0  0  0  0  0  0  0  0  0  0  0  0
   -3.0000    0.0000    0.0000 C   0  0  0  0  0  0  0  0  0  0  0  0
   -4.5000    0.0000    0.0000 F   0  0  0  0  0  0  0  0  0  0  0  0
   -3.0000    1.5000    0.0000 F   0  0  0  0  0  0  0  0  0  0  0  0
   -3.0000   -1.5000    0.0000 F   0  0  0  0  0  0  0  0  0  0  0  0
   -0.7500   -1.2990    0.0000 C   0  0  0  0  0  0  0  0  0  0  0  0
    0.8899   -3.9684    0.0000 O   0  0  0  0  0  0  0  0  0  0  0  0
  1  2  2  0
  2  3  1  0
  2  4  1  0
  4  5  1  0
  5  6  1  0
  6  7  2  0
  7  8  1  0
  8  9  2  0
  9 10  1  0
 10 11  2  0
 11 12  1  0
 12 13  2  0
 13 14  1  0
 14 15  1  0
 15 16  1  0
 15 17  1  0
 15 18  1  0
 14 19  2  0
  9 20  1  0
 20  6  1  0
 19 10  1  0
M  END

$$$$
",3.0362121726544453
"CHEMBL5276559","O=C(O)CCC(=O)c1ccc(S(=O)(=O)N2CCC(c3ccc(F)c(F)c3)CC2)cc1","
     RDKit          2D

 30 32  0  0  0  0  0  0  0  0999 V2000
    7.5000   -2.5981    0.0000 O   0  0  0  0  0  0  0  0  0  0  0  0
    6.0000   -2.5981    0.0000 C   0  0  0  0  0  0  0  0  0  0  0  0
    5.2500   -3.8971    0.0000 O   0  0  0  0  0  0  0  0  0  0  0  0
    5.2500   -1.2990    0.0000 C   0  0  0  0  0  0  0  0  0  0  0  0
    3.7500   -1.2990    0.0000 C   0  0  0  0  0  0  0  0  0  0  0  0
    3.0000    0.0000    0.0000 C   0  0  0  0  0  0  0  0  0  0  0  0
    3.7500    1.2990    0.0000 O   0  0  0  0  0  0  0  0  0  0  0  0
    1.5000    0.0000    0.0000 C   0  0  0  0  0  0  0  0  0  0  0  0
    0.7500   -1.2990    0.0000 C   0  0  0  0  0  0  0  0  0  0  0  0
   -0.7500   -1.2990    0.0000 C   0  0  0  0  0  0  0  0  0  0  0  0
   -1.5000    0.0000    0.0000 C   0  0  0  0  0  0  0  0  0  0  0  0
   -3.0000    0.0000    0.0000 S   0  0  0  0  0  0  0  0  0  0  0  0
   -3.0000    1.5000    0.0000 O   0  0  0  0  0  0  0  0  0  0  0  0
   -3.0000   -1.5000    0.0000 O   0  0  0  0  0  0  0  0  0  0  0  0
   -4.5000    0.0000    0.0000 N   0  0  0  0  0  0  0  0  0  0  0  0
   -5.2500    1.2990    0.0000 C   0  0  0  0  0  0  0  0  0  0  0  0
   -6.7500    1.2990    0.0000 C   0  0  0  0  0  0  0  0  0  0  0  0
   -7.5000    0.0000    0.0000 C   0  0  0  0  0  0  0  0  0  0  0  0
   -9.0000    0.0000    0.0000 C   0  0  0  0  0  0  0  0  0  0  0  0
   -9.7500    1.2990    0.0000 C   0  0  0  0  0  0  0  0  0  0  0  0
  -11.2500    1.2990    0.0000 C   0  0  0  0  0  0  0  0  0  0  0  0
  -12.0000   -0.0000    0.0000 C   0  0  0  0  0  0  0  0  0  0  0  0
  -13.5000   -0.0000    0.0000 F   0  0  0  0  0  0  0  0  0  0  0  0
  -11.2500   -1.2990    0.0000 C   0  0  0  0  0  0  0  0  0  0  0  0
  -12.0000   -2.5981    0.0000 F   0  0  0  0  0  0  0  0  0  0  0  0
   -9.7500   -1.2990    0.0000 C   0  0  0  0  0  0  0  0  0  0  0  0
   -6.7500   -1.2990    0.0000 C   0  0  0  0  0  0  0  0  0  0  0  0
   -5.2500   -1.2990    0.0000 C   0  0  0  0  0  0  0  0  0  0  0  0
   -0.7500    1.2990    0.0000 C   0  0  0  0  0  0  0  0  0  0  0  0
    0.7500    1.2990    0.0000 C   0  0  0  0  0  0  0  0  0  0  0  0
  1  2  2  0
  2  3  1  0
  2  4  1  0
  4  5  1  0
  5  6  1  0
  6  7  2  0
  6  8  1  0
  8  9  2  0
  9 10  1  0
 10 11  2  0
 11 12  1  0
 12 13  2  0
 12 14  2  0
 12 15  1  0
 15 16  1  0
 16 17  1  0
 17 18  1  0
 18 19  1  0
 19 20  2  0
 20 21  1  0
 21 22  2  0
 22 23  1  0
 22 24  1  0
 24 25  1  0
 24 26  2  0
 18 27  1  0
 27 28  1  0
 11 29  1  0
 29 30  2  0
 30  8  1  0
 28 15  1  0
 26 19  1  0
M  END

$$$$
",4.920818753952376
"CHEMBL5273690","O=C(O)CNC(=O)c1ccc(S(=O)(=O)N2CCCC(c3ccccc3)CC2)cc1","
     RDKit          2D

 29 31  0  0  0  0  0  0  0  0999 V2000
   10.5909    9.1136    0.0000 O   0  0  0  0  0  0  0  0  0  0  0  0
    9.6556    7.9408    0.0000 C   0  0  0  0  0  0  0  0  0  0  0  0
   10.2037    6.5445    0.0000 O   0  0  0  0  0  0  0  0  0  0  0  0
    8.1724    8.1644    0.0000 C   0  0  0  0  0  0  0  0  0  0  0  0
    7.2372    6.9916    0.0000 N   0  0  0  0  0  0  0  0  0  0  0  0
    5.7539    7.2152    0.0000 C   0  0  0  0  0  0  0  0  0  0  0  0
    5.2059    8.6115    0.0000 O   0  0  0  0  0  0  0  0  0  0  0  0
    4.8187    6.0424    0.0000 C   0  0  0  0  0  0  0  0  0  0  0  0
    5.3667    4.6461    0.0000 C   0  0  0  0  0  0  0  0  0  0  0  0
    4.4315    3.4734    0.0000 C   0  0  0  0  0  0  0  0  0  0  0  0
    2.9482    3.6969    0.0000 C   0  0  0  0  0  0  0  0  0  0  0  0
    2.0130    2.5242    0.0000 S   0  0  0  0  0  0  0  0  0  0  0  0
    0.8402    3.4594    0.0000 O   0  0  0  0  0  0  0  0  0  0  0  0
    3.1857    1.5890    0.0000 O   0  0  0  0  0  0  0  0  0  0  0  0
    1.0777    1.3515    0.0000 N   0  0  0  0  0  0  0  0  0  0  0  0
    1.7286    0.0000    0.0000 C   0  0  0  0  0  0  0  0  0  0  0  0
    1.0777   -1.3515    0.0000 C   0  0  0  0  0  0  0  0  0  0  0  0
   -0.3846   -1.6852    0.0000 C   0  0  0  0  0  0  0  0  0  0  0  0
   -1.5574   -0.7500    0.0000 C   0  0  0  0  0  0  0  0  0  0  0  0
   -2.9088   -1.4008    0.0000 C   0  0  0  0  0  0  0  0  0  0  0  0
   -4.1482   -0.5558    0.0000 C   0  0  0  0  0  0  0  0  0  0  0  0
   -5.4997   -1.2067    0.0000 C   0  0  0  0  0  0  0  0  0  0  0  0
   -5.6118   -2.7025    0.0000 C   0  0  0  0  0  0  0  0  0  0  0  0
   -4.3724   -3.5475    0.0000 C   0  0  0  0  0  0  0  0  0  0  0  0
   -3.0209   -2.8966    0.0000 C   0  0  0  0  0  0  0  0  0  0  0  0
   -1.5574    0.7500    0.0000 C   0  0  0  0  0  0  0  0  0  0  0  0
   -0.3846    1.6852    0.0000 C   0  0  0  0  0  0  0  0  0  0  0  0
    2.4002    5.0933    0.0000 C   0  0  0  0  0  0  0  0  0  0  0  0
    3.3354    6.2660    0.0000 C   0  0  0  0  0  0  0  0  0  0  0  0
  1  2  2  0
  2  3  1  0
  2  4  1  0
  4  5  1  0
  5  6  1  0
  6  7  2  0
  6  8  1  0
  8  9  2  0
  9 10  1  0
 10 11  2  0
 11 12  1  0
 12 13  2  0
 12 14  2  0
 12 15  1  0
 15 16  1  0
 16 17  1  0
 17 18  1  0
 18 19  1  0
 19 20  1  0
 20 21  2  0
 21 22  1  0
 22 23  2  0
 23 24  1  0
 24 25  2  0
 19 26  1  0
 26 27  1  0
 11 28  1  0
 28 29  2  0
 29  8  1  0
 27 15  1  0
 25 20  1  0
M  END

$$$$
",4.026872146400302
"CHEMBL5282155","O=C(O)CNC(=O)c1ccc(S(=O)(=O)N2CCC(C3CCCC3)CC2)cc1","
     RDKit          2D

 27 29  0  0  0  0  0  0  0  0999 V2000
    7.5000   -2.5981    0.0000 O   0  0  0  0  0  0  0  0  0  0  0  0
    6.0000   -2.5981    0.0000 C   0  0  0  0  0  0  0  0  0  0  0  0
    5.2500   -3.8971    0.0000 O   0  0  0  0  0  0  0  0  0  0  0  0
    5.2500   -1.2990    0.0000 C   0  0  0  0  0  0  0  0  0  0  0  0
    3.7500   -1.2990    0.0000 N   0  0  0  0  0  0  0  0  0  0  0  0
    3.0000    0.0000    0.0000 C   0  0  0  0  0  0  0  0  0  0  0  0
    3.7500    1.2990    0.0000 O   0  0  0  0  0  0  0  0  0  0  0  0
    1.5000    0.0000    0.0000 C   0  0  0  0  0  0  0  0  0  0  0  0
    0.7500   -1.2990    0.0000 C   0  0  0  0  0  0  0  0  0  0  0  0
   -0.7500   -1.2990    0.0000 C   0  0  0  0  0  0  0  0  0  0  0  0
   -1.5000    0.0000    0.0000 C   0  0  0  0  0  0  0  0  0  0  0  0
   -3.0000    0.0000    0.0000 S   0  0  0  0  0  0  0  0  0  0  0  0
   -3.0000    1.5000    0.0000 O   0  0  0  0  0  0  0  0  0  0  0  0
   -3.0000   -1.5000    0.0000 O   0  0  0  0  0  0  0  0  0  0  0  0
   -4.5000    0.0000    0.0000 N   0  0  0  0  0  0  0  0  0  0  0  0
   -5.2500    1.2990    0.0000 C   0  0  0  0  0  0  0  0  0  0  0  0
   -6.7500    1.2990    0.0000 C   0  0  0  0  0  0  0  0  0  0  0  0
   -7.5000    0.0000    0.0000 C   0  0  0  0  0  0  0  0  0  0  0  0
   -9.0000    0.0000    0.0000 C   0  0  0  0  0  0  0  0  0  0  0  0
   -9.8817   -1.2135    0.0000 C   0  0  0  0  0  0  0  0  0  0  0  0
  -11.3083   -0.7500    0.0000 C   0  0  0  0  0  0  0  0  0  0  0  0
  -11.3083    0.7500    0.0000 C   0  0  0  0  0  0  0  0  0  0  0  0
   -9.8817    1.2135    0.0000 C   0  0  0  0  0  0  0  0  0  0  0  0
   -6.7500   -1.2990    0.0000 C   0  0  0  0  0  0  0  0  0  0  0  0
   -5.2500   -1.2990    0.0000 C   0  0  0  0  0  0  0  0  0  0  0  0
   -0.7500    1.2990    0.0000 C   0  0  0  0  0  0  0  0  0  0  0  0
    0.7500    1.2990    0.0000 C   0  0  0  0  0  0  0  0  0  0  0  0
  1  2  2  0
  2  3  1  0
  2  4  1  0
  4  5  1  0
  5  6  1  0
  6  7  2  0
  6  8  1  0
  8  9  2  0
  9 10  1  0
 10 11  2  0
 11 12  1  0
 12 13  2  0
 12 14  2  0
 12 15  1  0
 15 16  1  0
 16 17  1  0
 17 18  1  0
 18 19  1  0
 19 20  1  0
 20 21  1  0
 21 22  1  0
 22 23  1  0
 18 24  1  0
 24 25  1  0
 11 26  1  0
 26 27  2  0
 27  8  1  0
 25 15  1  0
 23 19  1  0
M  END

$$$$
",4.420216403383191
"CHEMBL5268053","CN1CCN(C2CCN(S(=O)(=O)c3ccc(C(=O)NCC(=O)O)cc3)CC2)CC1","
     RDKit          2D

 29 31  0  0  0  0  0  0  0  0999 V2000
    3.0000    0.0000    0.0000 C   0  0  0  0  0  0  0  0  0  0  0  0
    1.5000    0.0000    0.0000 N   0  0  0  0  0  0  0  0  0  0  0  0
    0.7500   -1.2990    0.0000 C   0  0  0  0  0  0  0  0  0  0  0  0
   -0.7500   -1.2990    0.0000 C   0  0  0  0  0  0  0  0  0  0  0  0
   -1.5000    0.0000    0.0000 N   0  0  0  0  0  0  0  0  0  0  0  0
   -3.0000    0.0000    0.0000 C   0  0  0  0  0  0  0  0  0  0  0  0
   -3.7500    1.2990    0.0000 C   0  0  0  0  0  0  0  0  0  0  0  0
   -5.2500    1.2990    0.0000 C   0  0  0  0  0  0  0  0  0  0  0  0
   -6.0000    0.0000    0.0000 N   0  0  0  0  0  0  0  0  0  0  0  0
   -7.5000    0.0000    0.0000 S   0  0  0  0  0  0  0  0  0  0  0  0
   -7.5000   -1.5000    0.0000 O   0  0  0  0  0  0  0  0  0  0  0  0
   -7.5000    1.5000    0.0000 O   0  0  0  0  0  0  0  0  0  0  0  0
   -9.0000    0.0000    0.0000 C   0  0  0  0  0  0  0  0  0  0  0  0
   -9.7500    1.2990    0.0000 C   0  0  0  0  0  0  0  0  0  0  0  0
  -11.2500    1.2990    0.0000 C   0  0  0  0  0  0  0  0  0  0  0  0
  -12.0000    0.0000    0.0000 C   0  0  0  0  0  0  0  0  0  0  0  0
  -13.5000    0.0000    0.0000 C   0  0  0  0  0  0  0  0  0  0  0  0
  -14.2500   -1.2990    0.0000 O   0  0  0  0  0  0  0  0  0  0  0  0
  -14.2500    1.2990    0.0000 N   0  0  0  0  0  0  0  0  0  0  0  0
  -15.7500    1.2990    0.0000 C   0  0  0  0  0  0  0  0  0  0  0  0
  -16.5000    2.5981    0.0000 C   0  0  0  0  0  0  0  0  0  0  0  0
  -18.0000    2.5981    0.0000 O   0  0  0  0  0  0  0  0  0  0  0  0
  -15.7500    3.8971    0.0000 O   0  0  0  0  0  0  0  0  0  0  0  0
  -11.2500   -1.2990    0.0000 C   0  0  0  0  0  0  0  0  0  0  0  0
   -9.7500   -1.2990    0.0000 C   0  0  0  0  0  0  0  0  0  0  0  0
   -5.2500   -1.2990    0.0000 C   0  0  0  0  0  0  0  0  0  0  0  0
   -3.7500   -1.2990    0.0000 C   0  0  0  0  0  0  0  0  0  0  0  0
   -0.7500    1.2990    0.0000 C   0  0  0  0  0  0  0  0  0  0  0  0
    0.7500    1.2990    0.0000 C   0  0  0  0  0  0  0  0  0  0  0  0
  1  2  1  0
  2  3  1  0
  3  4  1  0
  4  5  1  0
  5  6  1  0
  6  7  1  0
  7  8  1  0
  8  9  1  0
  9 10  1  0
 10 11  2  0
 10 12  2  0
 10 13  1  0
 13 14  2  0
 14 15  1  0
 15 16  2  0
 16 17  1  0
 17 18  2  0
 17 19  1  0
 19 20  1  0
 20 21  1  0
 21 22  2  0
 21 23  1  0
 16 24  1  0
 24 25  2  0
  9 26  1  0
 26 27  1  0
  5 28  1  0
 28 29  1  0
 29  2  1  0
 27  6  1  0
 25 13  1  0
M  END

$$$$
",4.468521082957745
"CHEMBL5268432","CN1CCC2(CC1)CCN(S(=O)(=O)c1ccc(C(=O)NCC(=O)O)cc1)CC2","
     RDKit          2D

 28 30  0  0  0  0  0  0  0  0999 V2000
    3.0000    0.0000    0.0000 C   0  0  0  0  0  0  0  0  0  0  0  0
    1.5000    0.0000    0.0000 N   0  0  0  0  0  0  0  0  0  0  0  0
    0.7500   -1.2990    0.0000 C   0  0  0  0  0  0  0  0  0  0  0  0
   -0.7500   -1.2990    0.0000 C   0  0  0  0  0  0  0  0  0  0  0  0
   -1.5000    0.0000    0.0000 C   0  0  0  0  0  0  0  0  0  0  0  0
   -0.7500    1.2990    0.0000 C   0  0  0  0  0  0  0  0  0  0  0  0
    0.7500    1.2990    0.0000 C   0  0  0  0  0  0  0  0  0  0  0  0
   -2.2500    1.2990    0.0000 C   0  0  0  0  0  0  0  0  0  0  0  0
   -3.7500    1.2990    0.0000 C   0  0  0  0  0  0  0  0  0  0  0  0
   -4.5000   -0.0000    0.0000 N   0  0  0  0  0  0  0  0  0  0  0  0
   -6.0000   -0.0000    0.0000 S   0  0  0  0  0  0  0  0  0  0  0  0
   -6.0000   -1.5000    0.0000 O   0  0  0  0  0  0  0  0  0  0  0  0
   -6.0000    1.5000    0.0000 O   0  0  0  0  0  0  0  0  0  0  0  0
   -7.5000   -0.0000    0.0000 C   0  0  0  0  0  0  0  0  0  0  0  0
   -8.2500    1.2990    0.0000 C   0  0  0  0  0  0  0  0  0  0  0  0
   -9.7500    1.2990    0.0000 C   0  0  0  0  0  0  0  0  0  0  0  0
  -10.5000   -0.0000    0.0000 C   0  0  0  0  0  0  0  0  0  0  0  0
  -12.0000   -0.0000    0.0000 C   0  0  0  0  0  0  0  0  0  0  0  0
  -12.7500   -1.2990    0.0000 O   0  0  0  0  0  0  0  0  0  0  0  0
  -12.7500    1.2990    0.0000 N   0  0  0  0  0  0  0  0  0  0  0  0
  -14.2500    1.2990    0.0000 C   0  0  0  0  0  0  0  0  0  0  0  0
  -15.0000    2.5981    0.0000 C   0  0  0  0  0  0  0  0  0  0  0  0
  -16.5000    2.5981    0.0000 O   0  0  0  0  0  0  0  0  0  0  0  0
  -14.2500    3.8971    0.0000 O   0  0  0  0  0  0  0  0  0  0  0  0
   -9.7500   -1.2990    0.0000 C   0  0  0  0  0  0  0  0  0  0  0  0
   -8.2500   -1.2990    0.0000 C   0  0  0  0  0  0  0  0  0  0  0  0
   -3.7500   -1.2990    0.0000 C   0  0  0  0  0  0  0  0  0  0  0  0
   -2.2500   -1.2990    0.0000 C   0  0  0  0  0  0  0  0  0  0  0  0
  1  2  1  0
  2  3  1  0
  3  4  1  0
  4  5  1  0
  5  6  1  0
  6  7  1  0
  5  8  1  0
  8  9  1  0
  9 10  1  0
 10 11  1  0
 11 12  2  0
 11 13  2  0
 11 14  1  0
 14 15  2  0
 15 16  1  0
 16 17  2  0
 17 18  1  0
 18 19  2  0
 18 20  1  0
 20 21  1  0
 21 22  1  0
 22 23  2  0
 22 24  1  0
 17 25  1  0
 25 26  2  0
 10 27  1  0
 27 28  1  0
  7  2  1  0
 26 14  1  0
 28  5  1  0
M  END

$$$$
",4.6020599913279625
"CHEMBL5280865","Cc1cc(S(=O)(=O)N2CCC(c3ccccc3)CC2)sc1C(=O)NCC(=O)O","
     RDKit          2D

 28 30  0  0  0  0  0  0  0  0999 V2000
    5.4240   -6.1312    0.0000 C   0  0  0  0  0  0  0  0  0  0  0  0
    4.0537   -5.5211    0.0000 C   0  0  0  0  0  0  0  0  0  0  0  0
    3.7418   -4.0539    0.0000 C   0  0  0  0  0  0  0  0  0  0  0  0
    2.2500   -3.8971    0.0000 C   0  0  0  0  0  0  0  0  0  0  0  0
    1.5000   -2.5981    0.0000 S   0  0  0  0  0  0  0  0  0  0  0  0
    2.7990   -1.8481    0.0000 O   0  0  0  0  0  0  0  0  0  0  0  0
    0.2010   -3.3481    0.0000 O   0  0  0  0  0  0  0  0  0  0  0  0
    0.7500   -1.2990    0.0000 N   0  0  0  0  0  0  0  0  0  0  0  0
    1.5000    0.0000    0.0000 C   0  0  0  0  0  0  0  0  0  0  0  0
    0.7500    1.2990    0.0000 C   0  0  0  0  0  0  0  0  0  0  0  0
   -0.7500    1.2990    0.0000 C   0  0  0  0  0  0  0  0  0  0  0  0
   -1.5000    2.5981    0.0000 C   0  0  0  0  0  0  0  0  0  0  0  0
   -0.7500    3.8971    0.0000 C   0  0  0  0  0  0  0  0  0  0  0  0
   -1.5000    5.1962    0.0000 C   0  0  0  0  0  0  0  0  0  0  0  0
   -3.0000    5.1962    0.0000 C   0  0  0  0  0  0  0  0  0  0  0  0
   -3.7500    3.8971    0.0000 C   0  0  0  0  0  0  0  0  0  0  0  0
   -3.0000    2.5981    0.0000 C   0  0  0  0  0  0  0  0  0  0  0  0
   -1.5000    0.0000    0.0000 C   0  0  0  0  0  0  0  0  0  0  0  0
   -0.7500   -1.2990    0.0000 C   0  0  0  0  0  0  0  0  0  0  0  0
    1.6399   -5.2674    0.0000 S   0  0  0  0  0  0  0  0  0  0  0  0
    2.7546   -6.2711    0.0000 C   0  0  0  0  0  0  0  0  0  0  0  0
    2.5978   -7.7629    0.0000 C   0  0  0  0  0  0  0  0  0  0  0  0
    3.8113   -8.6446    0.0000 O   0  0  0  0  0  0  0  0  0  0  0  0
    1.2275   -8.3730    0.0000 N   0  0  0  0  0  0  0  0  0  0  0  0
    1.0707   -9.8648    0.0000 C   0  0  0  0  0  0  0  0  0  0  0  0
   -0.2996  -10.4749    0.0000 C   0  0  0  0  0  0  0  0  0  0  0  0
   -0.4564  -11.9667    0.0000 O   0  0  0  0  0  0  0  0  0  0  0  0
   -1.5131   -9.5932    0.0000 O   0  0  0  0  0  0  0  0  0  0  0  0
  1  2  1  0
  2  3  1  0
  3  4  2  0
  4  5  1  0
  5  6  2  0
  5  7  2  0
  5  8  1  0
  8  9  1  0
  9 10  1  0
 10 11  1  0
 11 12  1  0
 12 13  2  0
 13 14  1  0
 14 15  2  0
 15 16  1  0
 16 17  2  0
 11 18  1  0
 18 19  1  0
  4 20  1  0
 20 21  1  0
 21 22  1  0
 22 23  2  0
 22 24  1  0
 24 25  1  0
 25 26  1  0
 26 27  2  0
 26 28  1  0
 21  2  2  0
 19  8  1  0
 17 12  1  0
M  END

$$$$
",4.677780705266081
"CHEMBL5278336","O=C(O)CNC(=O)c1ccc(S(=O)(=O)N2CCC(c3ccc(Cl)cc3)CC2)cn1","
     RDKit          2D

 29 31  0  0  0  0  0  0  0  0999 V2000
    7.5000   -2.5981    0.0000 O   0  0  0  0  0  0  0  0  0  0  0  0
    6.0000   -2.5981    0.0000 C   0  0  0  0  0  0  0  0  0  0  0  0
    5.2500   -3.8971    0.0000 O   0  0  0  0  0  0  0  0  0  0  0  0
    5.2500   -1.2990    0.0000 C   0  0  0  0  0  0  0  0  0  0  0  0
    3.7500   -1.2990    0.0000 N   0  0  0  0  0  0  0  0  0  0  0  0
    3.0000    0.0000    0.0000 C   0  0  0  0  0  0  0  0  0  0  0  0
    3.7500    1.2990    0.0000 O   0  0  0  0  0  0  0  0  0  0  0  0
    1.5000    0.0000    0.0000 C   0  0  0  0  0  0  0  0  0  0  0  0
    0.7500   -1.2990    0.0000 C   0  0  0  0  0  0  0  0  0  0  0  0
   -0.7500   -1.2990    0.0000 C   0  0  0  0  0  0  0  0  0  0  0  0
   -1.5000    0.0000    0.0000 C   0  0  0  0  0  0  0  0  0  0  0  0
   -3.0000    0.0000    0.0000 S   0  0  0  0  0  0  0  0  0  0  0  0
   -3.0000    1.5000    0.0000 O   0  0  0  0  0  0  0  0  0  0  0  0
   -3.0000   -1.5000    0.0000 O   0  0  0  0  0  0  0  0  0  0  0  0
   -4.5000    0.0000    0.0000 N   0  0  0  0  0  0  0  0  0  0  0  0
   -5.2500    1.2990    0.0000 C   0  0  0  0  0  0  0  0  0  0  0  0
   -6.7500    1.2990    0.0000 C   0  0  0  0  0  0  0  0  0  0  0  0
   -7.5000    0.0000    0.0000 C   0  0  0  0  0  0  0  0  0  0  0  0
   -9.0000    0.0000    0.0000 C   0  0  0  0  0  0  0  0  0  0  0  0
   -9.7500    1.2990    0.0000 C   0  0  0  0  0  0  0  0  0  0  0  0
  -11.2500    1.2990    0.0000 C   0  0  0  0  0  0  0  0  0  0  0  0
  -12.0000   -0.0000    0.0000 C   0  0  0  0  0  0  0  0  0  0  0  0
  -13.5000   -0.0000    0.0000 Cl  0  0  0  0  0  0  0  0  0  0  0  0
  -11.2500   -1.2990    0.0000 C   0  0  0  0  0  0  0  0  0  0  0  0
   -9.7500   -1.2990    0.0000 C   0  0  0  0  0  0  0  0  0  0  0  0
   -6.7500   -1.2990    0.0000 C   0  0  0  0  0  0  0  0  0  0  0  0
   -5.2500   -1.2990    0.0000 C   0  0  0  0  0  0  0  0  0  0  0  0
   -0.7500    1.2990    0.0000 C   0  0  0  0  0  0  0  0  0  0  0  0
    0.7500    1.2990    0.0000 N   0  0  0  0  0  0  0  0  0  0  0  0
  1  2  2  0
  2  3  1  0
  2  4  1  0
  4  5  1  0
  5  6  1  0
  6  7  2  0
  6  8  1  0
  8  9  2  0
  9 10  1  0
 10 11  2  0
 11 12  1  0
 12 13  2  0
 12 14  2  0
 12 15  1  0
 15 16  1  0
 16 17  1  0
 17 18  1  0
 18 19  1  0
 19 20  2  0
 20 21  1  0
 21 22  2  0
 22 23  1  0
 22 24  1  0
 24 25  2  0
 18 26  1  0
 26 27  1  0
 11 28  1  0
 28 29  2  0
 29  8  1  0
 27 15  1  0
 25 19  1  0
M  END

$$$$
",6.096910013008056
"CHEMBL4529640","CC(CC(=O)c1ccccc1)C(=O)O","
     RDKit          2D

 14 14  0  0  0  0  0  0  0  0999 V2000
    6.0000   -2.5981    0.0000 C   0  0  0  0  0  0  0  0  0  0  0  0
    5.2500   -1.2990    0.0000 C   0  0  0  0  0  0  0  0  0  0  0  0
    3.7500   -1.2990    0.0000 C   0  0  0  0  0  0  0  0  0  0  0  0
    3.0000    0.0000    0.0000 C   0  0  0  0  0  0  0  0  0  0  0  0
    3.7500    1.2990    0.0000 O   0  0  0  0  0  0  0  0  0  0  0  0
    1.5000    0.0000    0.0000 C   0  0  0  0  0  0  0  0  0  0  0  0
    0.7500   -1.2990    0.0000 C   0  0  0  0  0  0  0  0  0  0  0  0
   -0.7500   -1.2990    0.0000 C   0  0  0  0  0  0  0  0  0  0  0  0
   -1.5000    0.0000    0.0000 C   0  0  0  0  0  0  0  0  0  0  0  0
   -0.7500    1.2990    0.0000 C   0  0  0  0  0  0  0  0  0  0  0  0
    0.7500    1.2990    0.0000 C   0  0  0  0  0  0  0  0  0  0  0  0
    6.0000    0.0000    0.0000 C   0  0  0  0  0  0  0  0  0  0  0  0
    7.5000    0.0000    0.0000 O   0  0  0  0  0  0  0  0  0  0  0  0
    5.2500    1.2990    0.0000 O   0  0  0  0  0  0  0  0  0  0  0  0
  1  2  1  0
  2  3  1  0
  3  4  1  0
  4  5  2  0
  4  6  1  0
  6  7  2  0
  7  8  1  0
  8  9  2  0
  9 10  1  0
 10 11  2  0
  2 12  1  0
 12 13  2  0
 12 14  1  0
 11  6  1  0
M  END

$$$$
",3.154901959985744
"CHEMBL4443420","O=C(O)CCC(=O)c1ccc2ccccc2c1","
     RDKit          2D

 17 18  0  0  0  0  0  0  0  0999 V2000
   -6.0000   -7.7942    0.0000 O   0  0  0  0  0  0  0  0  0  0  0  0
   -5.2500   -6.4952    0.0000 C   0  0  0  0  0  0  0  0  0  0  0  0
   -6.0000   -5.1962    0.0000 O   0  0  0  0  0  0  0  0  0  0  0  0
   -3.7500   -6.4952    0.0000 C   0  0  0  0  0  0  0  0  0  0  0  0
   -3.0000   -5.1962    0.0000 C   0  0  0  0  0  0  0  0  0  0  0  0
   -1.5000   -5.1962    0.0000 C   0  0  0  0  0  0  0  0  0  0  0  0
   -0.7500   -6.4952    0.0000 O   0  0  0  0  0  0  0  0  0  0  0  0
   -0.7500   -3.8971    0.0000 C   0  0  0  0  0  0  0  0  0  0  0  0
    0.7500   -3.8971    0.0000 C   0  0  0  0  0  0  0  0  0  0  0  0
    1.5000   -2.5981    0.0000 C   0  0  0  0  0  0  0  0  0  0  0  0
    0.7500   -1.2990    0.0000 C   0  0  0  0  0  0  0  0  0  0  0  0
    1.5000    0.0000    0.0000 C   0  0  0  0  0  0  0  0  0  0  0  0
    0.7500    1.2990    0.0000 C   0  0  0  0  0  0  0  0  0  0  0  0
   -0.7500    1.2990    0.0000 C   0  0  0  0  0  0  0  0  0  0  0  0
   -1.5000    0.0000    0.0000 C   0  0  0  0  0  0  0  0  0  0  0  0
   -0.7500   -1.2990    0.0000 C   0  0  0  0  0  0  0  0  0  0  0  0
   -1.5000   -2.5981    0.0000 C   0  0  0  0  0  0  0  0  0  0  0  0
  1  2  2  0
  2  3  1  0
  2  4  1  0
  4  5  1  0
  5  6  1  0
  6  7  2  0
  6  8  1  0
  8  9  2  0
  9 10  1  0
 10 11  2  0
 11 12  1  0
 12 13  2  0
 13 14  1  0
 14 15  2  0
 15 16  1  0
 16 17  2  0
 17  8  1  0
 16 11  1  0
M  END

$$$$
",3.309803919971487
"CHEMBL4537770","CC(C(=O)O)n1cnc2ccccc2c1=O","
     RDKit          2D

 16 17  0  0  0  0  0  0  0  0999 V2000
   -0.7500   -6.4952    0.0000 C   0  0  0  0  0  0  0  0  0  0  0  0
   -1.5000   -5.1962    0.0000 C   0  0  0  0  0  0  0  0  0  0  0  0
   -3.0000   -5.1962    0.0000 C   0  0  0  0  0  0  0  0  0  0  0  0
   -3.7500   -6.4952    0.0000 O   0  0  0  0  0  0  0  0  0  0  0  0
   -3.7500   -3.8971    0.0000 O   0  0  0  0  0  0  0  0  0  0  0  0
   -0.7500   -3.8971    0.0000 N   0  0  0  0  0  0  0  0  0  0  0  0
    0.7500   -3.8971    0.0000 C   0  0  0  0  0  0  0  0  0  0  0  0
    1.5000   -2.5981    0.0000 N   0  0  0  0  0  0  0  0  0  0  0  0
    0.7500   -1.2990    0.0000 C   0  0  0  0  0  0  0  0  0  0  0  0
    1.5000    0.0000    0.0000 C   0  0  0  0  0  0  0  0  0  0  0  0
    0.7500    1.2990    0.0000 C   0  0  0  0  0  0  0  0  0  0  0  0
   -0.7500    1.2990    0.0000 C   0  0  0  0  0  0  0  0  0  0  0  0
   -1.5000    0.0000    0.0000 C   0  0  0  0  0  0  0  0  0  0  0  0
   -0.7500   -1.2990    0.0000 C   0  0  0  0  0  0  0  0  0  0  0  0
   -1.5000   -2.5981    0.0000 C   0  0  0  0  0  0  0  0  0  0  0  0
   -3.0000   -2.5981    0.0000 O   0  0  0  0  0  0  0  0  0  0  0  0
  1  2  1  0
  2  3  1  0
  3  4  2  0
  3  5  1  0
  2  6  1  0
  6  7  1  0
  7  8  2  0
  8  9  1  0
  9 10  2  0
 10 11  1  0
 11 12  2  0
 12 13  1  0
 13 14  2  0
 14 15  1  0
 15 16  2  0
 15  6  1  0
 14  9  1  0
M  END

$$$$
",4.075720713938119
"CHEMBL4537770","CC(C(=O)O)n1cnc2ccccc2c1=O","
     RDKit          2D

 16 17  0  0  0  0  0  0  0  0999 V2000
   -0.7500   -6.4952    0.0000 C   0  0  0  0  0  0  0  0  0  0  0  0
   -1.5000   -5.1962    0.0000 C   0  0  0  0  0  0  0  0  0  0  0  0
   -3.0000   -5.1962    0.0000 C   0  0  0  0  0  0  0  0  0  0  0  0
   -3.7500   -6.4952    0.0000 O   0  0  0  0  0  0  0  0  0  0  0  0
   -3.7500   -3.8971    0.0000 O   0  0  0  0  0  0  0  0  0  0  0  0
   -0.7500   -3.8971    0.0000 N   0  0  0  0  0  0  0  0  0  0  0  0
    0.7500   -3.8971    0.0000 C   0  0  0  0  0  0  0  0  0  0  0  0
    1.5000   -2.5981    0.0000 N   0  0  0  0  0  0  0  0  0  0  0  0
    0.7500   -1.2990    0.0000 C   0  0  0  0  0  0  0  0  0  0  0  0
    1.5000    0.0000    0.0000 C   0  0  0  0  0  0  0  0  0  0  0  0
    0.7500    1.2990    0.0000 C   0  0  0  0  0  0  0  0  0  0  0  0
   -0.7500    1.2990    0.0000 C   0  0  0  0  0  0  0  0  0  0  0  0
   -1.5000    0.0000    0.0000 C   0  0  0  0  0  0  0  0  0  0  0  0
   -0.7500   -1.2990    0.0000 C   0  0  0  0  0  0  0  0  0  0  0  0
   -1.5000   -2.5981    0.0000 C   0  0  0  0  0  0  0  0  0  0  0  0
   -3.0000   -2.5981    0.0000 O   0  0  0  0  0  0  0  0  0  0  0  0
  1  2  1  0
  2  3  1  0
  3  4  2  0
  3  5  1  0
  2  6  1  0
  6  7  1  0
  7  8  2  0
  8  9  1  0
  9 10  2  0
 10 11  1  0
 11 12  2  0
 12 13  1  0
 13 14  2  0
 14 15  1  0
 15 16  2  0
 15  6  1  0
 14  9  1  0
M  END

$$$$
",4.221848749616357
"CHEMBL2012938","O=C(Cc1ccccc1)Oc1c(OC(=O)Cc2ccccc2)c(-c2ccc(O)cc2)c(O)c(O)c1-c1ccc(O)cc1","
     RDKit          2D

 42 46  0  0  0  0  0  0  0  0999 V2000
    1.7920   -4.9761    0.0000 O   0  0  0  0  0  0  0  0  0  0  0  0
    0.7500   -3.8971    0.0000 C   0  0  0  0  0  0  0  0  0  0  0  0
    1.5000   -2.5981    0.0000 C   0  0  0  0  0  0  0  0  0  0  0  0
    0.7500   -1.2990    0.0000 C   0  0  0  0  0  0  0  0  0  0  0  0
    1.5000    0.0000    0.0000 C   0  0  0  0  0  0  0  0  0  0  0  0
    0.7500    1.2990    0.0000 C   0  0  0  0  0  0  0  0  0  0  0  0
   -0.7500    1.2990    0.0000 C   0  0  0  0  0  0  0  0  0  0  0  0
   -1.5000    0.0000    0.0000 C   0  0  0  0  0  0  0  0  0  0  0  0
   -0.7500   -1.2990    0.0000 C   0  0  0  0  0  0  0  0  0  0  0  0
   -0.7500   -3.8971    0.0000 O   0  0  0  0  0  0  0  0  0  0  0  0
   -1.5000   -5.1962    0.0000 C   0  0  0  0  0  0  0  0  0  0  0  0
   -3.0000   -5.1962    0.0000 C   0  0  0  0  0  0  0  0  0  0  0  0
   -3.7500   -3.8971    0.0000 O   0  0  0  0  0  0  0  0  0  0  0  0
   -5.2500   -3.8971    0.0000 C   0  0  0  0  0  0  0  0  0  0  0  0
   -5.8038   -4.4705    0.0000 O   0  0  0  0  0  0  0  0  0  0  0  0
   -6.0000   -2.5981    0.0000 C   0  0  0  0  0  0  0  0  0  0  0  0
   -7.5000   -2.5981    0.0000 C   0  0  0  0  0  0  0  0  0  0  0  0
   -8.2500   -1.2990    0.0000 C   0  0  0  0  0  0  0  0  0  0  0  0
   -9.7500   -1.2990    0.0000 C   0  0  0  0  0  0  0  0  0  0  0  0
  -10.5000   -2.5981    0.0000 C   0  0  0  0  0  0  0  0  0  0  0  0
   -9.7500   -3.8971    0.0000 C   0  0  0  0  0  0  0  0  0  0  0  0
   -8.2500   -3.8971    0.0000 C   0  0  0  0  0  0  0  0  0  0  0  0
   -3.7500   -6.4952    0.0000 C   0  0  0  0  0  0  0  0  0  0  0  0
   -5.2500   -6.4952    0.0000 C   0  0  0  0  0  0  0  0  0  0  0  0
   -6.0000   -7.7942    0.0000 C   0  0  0  0  0  0  0  0  0  0  0  0
   -7.5000   -7.7942    0.0000 C   0  0  0  0  0  0  0  0  0  0  0  0
   -8.2500   -6.4952    0.0000 C   0  0  0  0  0  0  0  0  0  0  0  0
   -9.7500   -6.4952    0.0000 O   0  0  0  0  0  0  0  0  0  0  0  0
   -7.5000   -5.1962    0.0000 C   0  0  0  0  0  0  0  0  0  0  0  0
   -6.0000   -5.1962    0.0000 C   0  0  0  0  0  0  0  0  0  0  0  0
   -3.0000   -7.7942    0.0000 C   0  0  0  0  0  0  0  0  0  0  0  0
   -3.7500   -9.0933    0.0000 O   0  0  0  0  0  0  0  0  0  0  0  0
   -1.5000   -7.7942    0.0000 C   0  0  0  0  0  0  0  0  0  0  0  0
   -0.7500   -9.0933    0.0000 O   0  0  0  0  0  0  0  0  0  0  0  0
   -0.7500   -6.4952    0.0000 C   0  0  0  0  0  0  0  0  0  0  0  0
    0.7500   -6.4952    0.0000 C   0  0  0  0  0  0  0  0  0  0  0  0
    1.5000   -7.7942    0.0000 C   0  0  0  0  0  0  0  0  0  0  0  0
    3.0000   -7.7942    0.0000 C   0  0  0  0  0  0  0  0  0  0  0  0
    3.7500   -6.4952    0.0000 C   0  0  0  0  0  0  0  0  0  0  0  0
    5.2500   -6.4952    0.0000 O   0  0  0  0  0  0  0  0  0  0  0  0
    3.0000   -5.1962    0.0000 C   0  0  0  0  0  0  0  0  0  0  0  0
    1.5000   -5.1962    0.0000 C   0  0  0  0  0  0  0  0  0  0  0  0
  1  2  2  0
  2  3  1  0
  3  4  1  0
  4  5  2  0
  5  6  1  0
  6  7  2  0
  7  8  1  0
  8  9  2  0
  2 10  1  0
 10 11  1  0
 11 12  2  0
 12 13  1  0
 13 14  1  0
 14 15  2  0
 14 16  1  0
 16 17  1  0
 17 18  2  0
 18 19  1  0
 19 20  2  0
 20 21  1  0
 21 22  2  0
 12 23  1  0
 23 24  1  0
 24 25  2  0
 25 26  1  0
 26 27  2  0
 27 28  1  0
 27 29  1  0
 29 30  2  0
 23 31  2  0
 31 32  1  0
 31 33  1  0
 33 34  1  0
 33 35  2  0
 35 36  1  0
 36 37  2  0
 37 38  1  0
 38 39  2  0
 39 40  1  0
 39 41  1  0
 41 42  2  0
  9  4  1  0
 35 11  1  0
 42 36  1  0
 22 17  1  0
 30 24  1  0
M  END

$$$$
",4.903089986991944
"CHEMBL5279102","CC(C)C[C@@H](NC(=O)C1(C(F)(F)F)CCCCC1)C(=O)Nc1nnc(Cc2ccc(C#N)cc2)s1","
     RDKit          2D

 35 37  0  0  0  0  0  0  0  0999 V2000
    5.7600   -7.2698    0.0000 C   0  0  0  0  0  0  0  0  0  0  0  0
    5.4996   -5.7926    0.0000 C   0  0  0  0  0  0  0  0  0  0  0  0
    6.6486   -4.8284    0.0000 C   0  0  0  0  0  0  0  0  0  0  0  0
    4.0900   -5.2795    0.0000 C   0  0  0  0  0  0  0  0  0  0  0  0
    3.8296   -3.8023    0.0000 C   0  0  0  0  0  0  0  0  0  0  0  0
    2.4200   -3.2893    0.0000 N   0  0  0  0  0  0  0  0  0  0  0  0
    2.1595   -1.8121    0.0000 C   0  0  0  0  0  0  0  0  0  0  0  0
    3.0766   -1.2165    0.0000 O   0  0  0  0  0  0  0  0  0  0  0  0
    0.7500   -1.2990    0.0000 C   0  0  0  0  0  0  0  0  0  0  0  0
    1.5000    0.0000    0.0000 C   0  0  0  0  0  0  0  0  0  0  0  0
    2.2500    1.2990    0.0000 F   0  0  0  0  0  0  0  0  0  0  0  0
    2.5066   -0.4272    0.0000 F   0  0  0  0  0  0  0  0  0  0  0  0
    0.2010    0.7500    0.0000 F   0  0  0  0  0  0  0  0  0  0  0  0
    0.4895   -2.7762    0.0000 C   0  0  0  0  0  0  0  0  0  0  0  0
   -0.9200   -3.2893    0.0000 C   0  0  0  0  0  0  0  0  0  0  0  0
   -2.0691   -2.3251    0.0000 C   0  0  0  0  0  0  0  0  0  0  0  0
   -1.8086   -0.8479    0.0000 C   0  0  0  0  0  0  0  0  0  0  0  0
   -0.3991   -0.3349    0.0000 C   0  0  0  0  0  0  0  0  0  0  0  0
    4.9786   -2.8381    0.0000 C   0  0  0  0  0  0  0  0  0  0  0  0
    4.7181   -1.3609    0.0000 O   0  0  0  0  0  0  0  0  0  0  0  0
    6.3882   -3.3512    0.0000 N   0  0  0  0  0  0  0  0  0  0  0  0
    7.5372   -2.3870    0.0000 C   0  0  0  0  0  0  0  0  0  0  0  0
    7.4326   -0.8906    0.0000 N   0  0  0  0  0  0  0  0  0  0  0  0
    8.8234   -0.3287    0.0000 N   0  0  0  0  0  0  0  0  0  0  0  0
    9.7875   -1.4778    0.0000 C   0  0  0  0  0  0  0  0  0  0  0  0
   11.2839   -1.3732    0.0000 C   0  0  0  0  0  0  0  0  0  0  0  0
   12.1227   -2.6167    0.0000 C   0  0  0  0  0  0  0  0  0  0  0  0
   11.4651   -3.9649    0.0000 C   0  0  0  0  0  0  0  0  0  0  0  0
   12.3039   -5.2085    0.0000 C   0  0  0  0  0  0  0  0  0  0  0  0
   13.8003   -5.1038    0.0000 C   0  0  0  0  0  0  0  0  0  0  0  0
   14.6390   -6.3474    0.0000 C   0  0  0  0  0  0  0  0  0  0  0  0
   15.4778   -7.5909    0.0000 N   0  0  0  0  0  0  0  0  0  0  0  0
   14.4578   -3.7556    0.0000 C   0  0  0  0  0  0  0  0  0  0  0  0
   13.6190   -2.5121    0.0000 C   0  0  0  0  0  0  0  0  0  0  0  0
    8.9927   -2.7499    0.0000 S   0  0  0  0  0  0  0  0  0  0  0  0
  1  2  1  0
  2  3  1  0
  2  4  1  0
  5  4  1  1
  5  6  1  0
  6  7  1  0
  7  8  2  0
  7  9  1  0
  9 10  1  0
 10 11  1  0
 10 12  1  0
 10 13  1  0
  9 14  1  0
 14 15  1  0
 15 16  1  0
 16 17  1  0
 17 18  1  0
  5 19  1  0
 19 20  2  0
 19 21  1  0
 21 22  1  0
 22 23  2  0
 23 24  1  0
 24 25  2  0
 25 26  1  0
 26 27  1  0
 27 28  2  0
 28 29  1  0
 29 30  2  0
 30 31  1  0
 31 32  3  0
 30 33  1  0
 33 34  2  0
 25 35  1  0
 18  9  1  0
 35 22  1  0
 34 27  1  0
M  END

$$$$
",7.823908740944319
"CHEMBL5289065","Cc1cc(C(=O)NCC(=O)O)ccc1S(=O)(=O)N1CCC(c2ccccc2)CC1","
     RDKit          2D

 29 31  0  0  0  0  0  0  0  0999 V2000
    3.0000    0.0000    0.0000 C   0  0  0  0  0  0  0  0  0  0  0  0
    1.5000    0.0000    0.0000 C   0  0  0  0  0  0  0  0  0  0  0  0
    0.7500   -1.2990    0.0000 C   0  0  0  0  0  0  0  0  0  0  0  0
   -0.7500   -1.2990    0.0000 C   0  0  0  0  0  0  0  0  0  0  0  0
   -1.5000   -2.5981    0.0000 C   0  0  0  0  0  0  0  0  0  0  0  0
   -0.7500   -3.8971    0.0000 O   0  0  0  0  0  0  0  0  0  0  0  0
   -3.0000   -2.5981    0.0000 N   0  0  0  0  0  0  0  0  0  0  0  0
   -3.7500   -3.8971    0.0000 C   0  0  0  0  0  0  0  0  0  0  0  0
   -5.2500   -3.8971    0.0000 C   0  0  0  0  0  0  0  0  0  0  0  0
   -6.0000   -5.1962    0.0000 O   0  0  0  0  0  0  0  0  0  0  0  0
   -6.0000   -2.5981    0.0000 O   0  0  0  0  0  0  0  0  0  0  0  0
   -1.5000    0.0000    0.0000 C   0  0  0  0  0  0  0  0  0  0  0  0
   -0.7500    1.2990    0.0000 C   0  0  0  0  0  0  0  0  0  0  0  0
    0.7500    1.2990    0.0000 C   0  0  0  0  0  0  0  0  0  0  0  0
    1.5000    2.5981    0.0000 S   0  0  0  0  0  0  0  0  0  0  0  0
    0.2010    3.3481    0.0000 O   0  0  0  0  0  0  0  0  0  0  0  0
    2.7990    1.8481    0.0000 O   0  0  0  0  0  0  0  0  0  0  0  0
    2.2500    3.8971    0.0000 N   0  0  0  0  0  0  0  0  0  0  0  0
    3.7500    3.8971    0.0000 C   0  0  0  0  0  0  0  0  0  0  0  0
    4.5000    5.1962    0.0000 C   0  0  0  0  0  0  0  0  0  0  0  0
    3.7500    6.4952    0.0000 C   0  0  0  0  0  0  0  0  0  0  0  0
    4.5000    7.7942    0.0000 C   0  0  0  0  0  0  0  0  0  0  0  0
    6.0000    7.7942    0.0000 C   0  0  0  0  0  0  0  0  0  0  0  0
    6.7500    9.0933    0.0000 C   0  0  0  0  0  0  0  0  0  0  0  0
    6.0000   10.3923    0.0000 C   0  0  0  0  0  0  0  0  0  0  0  0
    4.5000   10.3923    0.0000 C   0  0  0  0  0  0  0  0  0  0  0  0
    3.7500    9.0933    0.0000 C   0  0  0  0  0  0  0  0  0  0  0  0
    2.2500    6.4952    0.0000 C   0  0  0  0  0  0  0  0  0  0  0  0
    1.5000    5.1962    0.0000 C   0  0  0  0  0  0  0  0  0  0  0  0
  1  2  1  0
  2  3  2  0
  3  4  1  0
  4  5  1  0
  5  6  2  0
  5  7  1  0
  7  8  1  0
  8  9  1  0
  9 10  2  0
  9 11  1  0
  4 12  2  0
 12 13  1  0
 13 14  2  0
 14 15  1  0
 15 16  2  0
 15 17  2  0
 15 18  1  0
 18 19  1  0
 19 20  1  0
 20 21  1  0
 21 22  1  0
 22 23  2  0
 23 24  1  0
 24 25  2  0
 25 26  1  0
 26 27  2  0
 21 28  1  0
 28 29  1  0
 14  2  1  0
 29 18  1  0
 27 22  1  0
M  END

$$$$
",4.229147988357856
"CHEMBL4537770","CC(C(=O)O)n1cnc2ccccc2c1=O","
     RDKit          2D

 16 17  0  0  0  0  0  0  0  0999 V2000
   -0.7500   -6.4952    0.0000 C   0  0  0  0  0  0  0  0  0  0  0  0
   -1.5000   -5.1962    0.0000 C   0  0  0  0  0  0  0  0  0  0  0  0
   -3.0000   -5.1962    0.0000 C   0  0  0  0  0  0  0  0  0  0  0  0
   -3.7500   -6.4952    0.0000 O   0  0  0  0  0  0  0  0  0  0  0  0
   -3.7500   -3.8971    0.0000 O   0  0  0  0  0  0  0  0  0  0  0  0
   -0.7500   -3.8971    0.0000 N   0  0  0  0  0  0  0  0  0  0  0  0
    0.7500   -3.8971    0.0000 C   0  0  0  0  0  0  0  0  0  0  0  0
    1.5000   -2.5981    0.0000 N   0  0  0  0  0  0  0  0  0  0  0  0
    0.7500   -1.2990    0.0000 C   0  0  0  0  0  0  0  0  0  0  0  0
    1.5000    0.0000    0.0000 C   0  0  0  0  0  0  0  0  0  0  0  0
    0.7500    1.2990    0.0000 C   0  0  0  0  0  0  0  0  0  0  0  0
   -0.7500    1.2990    0.0000 C   0  0  0  0  0  0  0  0  0  0  0  0
   -1.5000    0.0000    0.0000 C   0  0  0  0  0  0  0  0  0  0  0  0
   -0.7500   -1.2990    0.0000 C   0  0  0  0  0  0  0  0  0  0  0  0
   -1.5000   -2.5981    0.0000 C   0  0  0  0  0  0  0  0  0  0  0  0
   -3.0000   -2.5981    0.0000 O   0  0  0  0  0  0  0  0  0  0  0  0
  1  2  1  0
  2  3  1  0
  3  4  2  0
  3  5  1  0
  2  6  1  0
  6  7  1  0
  7  8  2  0
  8  9  1  0
  9 10  2  0
 10 11  1  0
 11 12  2  0
 12 13  1  0
 13 14  2  0
 14 15  1  0
 15 16  2  0
 15  6  1  0
 14  9  1  0
M  END

$$$$
",7.1249387366083
"CHEMBL4529848","CC(C)(C)NS(=O)(=O)c1cccc2c(NC(=O)[C@H](Cc3ccccc3)NC(=O)C3CCCCC3)cccc12","
     RDKit          2D

 38 41  0  0  0  0  0  0  0  0999 V2000
    6.5490    0.5490    0.0000 C   0  0  0  0  0  0  0  0  0  0  0  0
    5.2500    1.2990    0.0000 C   0  0  0  0  0  0  0  0  0  0  0  0
    3.9510    2.0490    0.0000 C   0  0  0  0  0  0  0  0  0  0  0  0
    6.0000    2.5981    0.0000 C   0  0  0  0  0  0  0  0  0  0  0  0
    4.5000    0.0000    0.0000 N   0  0  0  0  0  0  0  0  0  0  0  0
    3.0000    0.0000    0.0000 S   0  0  0  0  0  0  0  0  0  0  0  0
    3.0000   -1.5000    0.0000 O   0  0  0  0  0  0  0  0  0  0  0  0
    3.0000    1.5000    0.0000 O   0  0  0  0  0  0  0  0  0  0  0  0
    1.5000    0.0000    0.0000 C   0  0  0  0  0  0  0  0  0  0  0  0
    0.7500   -1.2990    0.0000 C   0  0  0  0  0  0  0  0  0  0  0  0
   -0.7500   -1.2990    0.0000 C   0  0  0  0  0  0  0  0  0  0  0  0
   -1.5000    0.0000    0.0000 C   0  0  0  0  0  0  0  0  0  0  0  0
   -0.7500    1.2990    0.0000 C   0  0  0  0  0  0  0  0  0  0  0  0
   -1.5000    2.5981    0.0000 C   0  0  0  0  0  0  0  0  0  0  0  0
   -3.0000    2.5981    0.0000 N   0  0  0  0  0  0  0  0  0  0  0  0
   -3.7500    3.8971    0.0000 C   0  0  0  0  0  0  0  0  0  0  0  0
   -3.0000    5.1962    0.0000 O   0  0  0  0  0  0  0  0  0  0  0  0
   -5.2500    3.8971    0.0000 C   0  0  0  0  0  0  0  0  0  0  0  0
   -6.0000    5.1962    0.0000 C   0  0  0  0  0  0  0  0  0  0  0  0
   -7.5000    5.1962    0.0000 C   0  0  0  0  0  0  0  0  0  0  0  0
   -8.2500    6.4952    0.0000 C   0  0  0  0  0  0  0  0  0  0  0  0
   -9.7500    6.4952    0.0000 C   0  0  0  0  0  0  0  0  0  0  0  0
  -10.5000    5.1962    0.0000 C   0  0  0  0  0  0  0  0  0  0  0  0
   -9.7500    3.8971    0.0000 C   0  0  0  0  0  0  0  0  0  0  0  0
   -8.2500    3.8971    0.0000 C   0  0  0  0  0  0  0  0  0  0  0  0
   -6.0000    2.5981    0.0000 N   0  0  0  0  0  0  0  0  0  0  0  0
   -5.2500    1.2990    0.0000 C   0  0  0  0  0  0  0  0  0  0  0  0
   -3.7500    1.2990    0.0000 O   0  0  0  0  0  0  0  0  0  0  0  0
   -6.0000    0.0000    0.0000 C   0  0  0  0  0  0  0  0  0  0  0  0
   -5.2500   -1.2990    0.0000 C   0  0  0  0  0  0  0  0  0  0  0  0
   -6.0000   -2.5981    0.0000 C   0  0  0  0  0  0  0  0  0  0  0  0
   -7.5000   -2.5981    0.0000 C   0  0  0  0  0  0  0  0  0  0  0  0
   -8.2500   -1.2990    0.0000 C   0  0  0  0  0  0  0  0  0  0  0  0
   -7.5000   -0.0000    0.0000 C   0  0  0  0  0  0  0  0  0  0  0  0
   -0.7500    3.8971    0.0000 C   0  0  0  0  0  0  0  0  0  0  0  0
    0.7500    3.8971    0.0000 C   0  0  0  0  0  0  0  0  0  0  0  0
    1.5000    2.5981    0.0000 C   0  0  0  0  0  0  0  0  0  0  0  0
    0.7500    1.2990    0.0000 C   0  0  0  0  0  0  0  0  0  0  0  0
  1  2  1  0
  2  3  1  0
  2  4  1  0
  2  5  1  0
  5  6  1  0
  6  7  2  0
  6  8  2  0
  6  9  1  0
  9 10  2  0
 10 11  1  0
 11 12  2  0
 12 13  1  0
 13 14  2  0
 14 15  1  0
 15 16  1  0
 16 17  2  0
 16 18  1  0
 18 19  1  1
 19 20  1  0
 20 21  2  0
 21 22  1  0
 22 23  2  0
 23 24  1  0
 24 25  2  0
 18 26  1  0
 26 27  1  0
 27 28  2  0
 27 29  1  0
 29 30  1  0
 30 31  1  0
 31 32  1  0
 32 33  1  0
 33 34  1  0
 14 35  1  0
 35 36  2  0
 36 37  1  0
 37 38  2  0
 38  9  1  0
 38 13  1  0
 25 20  1  0
 34 29  1  0
M  END

$$$$
",7.522878745280337
"CHEMBL4532335","O=C(O)Cc1nc2ccccc2o1","
     RDKit          2D

 13 14  0  0  0  0  0  0  0  0999 V2000
   -1.2990   -7.3573    0.0000 O   0  0  0  0  0  0  0  0  0  0  0  0
   -1.2990   -5.8573    0.0000 C   0  0  0  0  0  0  0  0  0  0  0  0
   -2.5981   -5.1073    0.0000 O   0  0  0  0  0  0  0  0  0  0  0  0
   -0.0000   -5.1073    0.0000 C   0  0  0  0  0  0  0  0  0  0  0  0
   -0.0000   -3.6073    0.0000 C   0  0  0  0  0  0  0  0  0  0  0  0
    1.2135   -2.7256    0.0000 N   0  0  0  0  0  0  0  0  0  0  0  0
    0.7500   -1.2990    0.0000 C   0  0  0  0  0  0  0  0  0  0  0  0
    1.5000    0.0000    0.0000 C   0  0  0  0  0  0  0  0  0  0  0  0
    0.7500    1.2990    0.0000 C   0  0  0  0  0  0  0  0  0  0  0  0
   -0.7500    1.2990    0.0000 C   0  0  0  0  0  0  0  0  0  0  0  0
   -1.5000    0.0000    0.0000 C   0  0  0  0  0  0  0  0  0  0  0  0
   -0.7500   -1.2990    0.0000 C   0  0  0  0  0  0  0  0  0  0  0  0
   -1.2135   -2.7256    0.0000 O   0  0  0  0  0  0  0  0  0  0  0  0
  1  2  2  0
  2  3  1  0
  2  4  1  0
  4  5  1  0
  5  6  2  0
  6  7  1  0
  7  8  2  0
  8  9  1  0
  9 10  2  0
 10 11  1  0
 11 12  2  0
 12 13  1  0
 13  5  1  0
 12  7  1  0
M  END

$$$$
",3.1135092748275186
"CHEMBL1410015","Cc1cc(C(=O)CN2CCCC2)c(C)n1-c1ccc(F)cc1","
     RDKit          2D

 22 24  0  0  0  0  0  0  0  0999 V2000
   -0.5773   -4.2803    0.0000 C   0  0  0  0  0  0  0  0  0  0  0  0
    0.8899   -3.9684    0.0000 C   0  0  0  0  0  0  0  0  0  0  0  0
    2.0046   -4.9721    0.0000 C   0  0  0  0  0  0  0  0  0  0  0  0
    3.3037   -4.2221    0.0000 C   0  0  0  0  0  0  0  0  0  0  0  0
    4.6740   -4.8322    0.0000 C   0  0  0  0  0  0  0  0  0  0  0  0
    5.8875   -3.9505    0.0000 O   0  0  0  0  0  0  0  0  0  0  0  0
    4.8308   -6.3240    0.0000 C   0  0  0  0  0  0  0  0  0  0  0  0
    6.2011   -6.9341    0.0000 N   0  0  0  0  0  0  0  0  0  0  0  0
    7.5001   -6.1841    0.0000 C   0  0  0  0  0  0  0  0  0  0  0  0
    8.6148   -7.1878    0.0000 C   0  0  0  0  0  0  0  0  0  0  0  0
    8.0047   -8.5581    0.0000 C   0  0  0  0  0  0  0  0  0  0  0  0
    6.5129   -8.4013    0.0000 C   0  0  0  0  0  0  0  0  0  0  0  0
    2.9918   -2.7549    0.0000 C   0  0  0  0  0  0  0  0  0  0  0  0
    3.9955   -1.6402    0.0000 C   0  0  0  0  0  0  0  0  0  0  0  0
    1.5000   -2.5981    0.0000 N   0  0  0  0  0  0  0  0  0  0  0  0
    0.7500   -1.2990    0.0000 C   0  0  0  0  0  0  0  0  0  0  0  0
    1.5000    0.0000    0.0000 C   0  0  0  0  0  0  0  0  0  0  0  0
    0.7500    1.2990    0.0000 C   0  0  0  0  0  0  0  0  0  0  0  0
   -0.7500    1.2990    0.0000 C   0  0  0  0  0  0  0  0  0  0  0  0
   -1.5000    2.5981    0.0000 F   0  0  0  0  0  0  0  0  0  0  0  0
   -1.5000    0.0000    0.0000 C   0  0  0  0  0  0  0  0  0  0  0  0
   -0.7500   -1.2990    0.0000 C   0  0  0  0  0  0  0  0  0  0  0  0
  1  2  1  0
  2  3  2  0
  3  4  1  0
  4  5  1  0
  5  6  2  0
  5  7  1  0
  7  8  1  0
  8  9  1  0
  9 10  1  0
 10 11  1  0
 11 12  1  0
  4 13  2  0
 13 14  1  0
 13 15  1  0
 15 16  1  0
 16 17  2  0
 17 18  1  0
 18 19  2  0
 19 20  1  0
 19 21  1  0
 21 22  2  0
 15  2  1  0
 22 16  1  0
 12  8  1  0
M  END

$$$$
",3.843450848668219
"CHEMBL5426708","COc1ccccc1CN(C)C(=O)Cn1c(CCC(=O)O)nc2c(Cl)cccc2c1=O","
     RDKit          2D

 31 33  0  0  0  0  0  0  0  0999 V2000
   -0.7500  -11.6913    0.0000 C   0  0  0  0  0  0  0  0  0  0  0  0
   -1.5000  -10.3923    0.0000 O   0  0  0  0  0  0  0  0  0  0  0  0
   -3.0000  -10.3923    0.0000 C   0  0  0  0  0  0  0  0  0  0  0  0
   -3.7500  -11.6913    0.0000 C   0  0  0  0  0  0  0  0  0  0  0  0
   -5.2500  -11.6913    0.0000 C   0  0  0  0  0  0  0  0  0  0  0  0
   -6.0000  -10.3923    0.0000 C   0  0  0  0  0  0  0  0  0  0  0  0
   -5.2500   -9.0933    0.0000 C   0  0  0  0  0  0  0  0  0  0  0  0
   -3.7500   -9.0933    0.0000 C   0  0  0  0  0  0  0  0  0  0  0  0
   -3.0000   -7.7942    0.0000 C   0  0  0  0  0  0  0  0  0  0  0  0
   -3.7500   -6.4952    0.0000 N   0  0  0  0  0  0  0  0  0  0  0  0
   -5.2500   -6.4952    0.0000 C   0  0  0  0  0  0  0  0  0  0  0  0
   -3.0000   -5.1962    0.0000 C   0  0  0  0  0  0  0  0  0  0  0  0
   -3.7500   -3.8971    0.0000 O   0  0  0  0  0  0  0  0  0  0  0  0
   -1.5000   -5.1962    0.0000 C   0  0  0  0  0  0  0  0  0  0  0  0
   -0.7500   -3.8971    0.0000 N   0  0  0  0  0  0  0  0  0  0  0  0
    0.7500   -3.8971    0.0000 C   0  0  0  0  0  0  0  0  0  0  0  0
    1.5000   -5.1962    0.0000 C   0  0  0  0  0  0  0  0  0  0  0  0
    0.7500   -6.4952    0.0000 C   0  0  0  0  0  0  0  0  0  0  0  0
    1.5000   -7.7942    0.0000 C   0  0  0  0  0  0  0  0  0  0  0  0
    0.7500   -9.0933    0.0000 O   0  0  0  0  0  0  0  0  0  0  0  0
    3.0000   -7.7942    0.0000 O   0  0  0  0  0  0  0  0  0  0  0  0
    1.5000   -2.5981    0.0000 N   0  0  0  0  0  0  0  0  0  0  0  0
    0.7500   -1.2990    0.0000 C   0  0  0  0  0  0  0  0  0  0  0  0
    1.5000    0.0000    0.0000 C   0  0  0  0  0  0  0  0  0  0  0  0
    3.0000    0.0000    0.0000 Cl  0  0  0  0  0  0  0  0  0  0  0  0
    0.7500    1.2990    0.0000 C   0  0  0  0  0  0  0  0  0  0  0  0
   -0.7500    1.2990    0.0000 C   0  0  0  0  0  0  0  0  0  0  0  0
   -1.5000    0.0000    0.0000 C   0  0  0  0  0  0  0  0  0  0  0  0
   -0.7500   -1.2990    0.0000 C   0  0  0  0  0  0  0  0  0  0  0  0
   -1.5000   -2.5981    0.0000 C   0  0  0  0  0  0  0  0  0  0  0  0
   -3.0000   -2.5981    0.0000 O   0  0  0  0  0  0  0  0  0  0  0  0
  1  2  1  0
  2  3  1  0
  3  4  2  0
  4  5  1  0
  5  6  2  0
  6  7  1  0
  7  8  2  0
  8  9  1  0
  9 10  1  0
 10 11  1  0
 10 12  1  0
 12 13  2  0
 12 14  1  0
 14 15  1  0
 15 16  1  0
 16 17  1  0
 17 18  1  0
 18 19  1  0
 19 20  2  0
 19 21  1  0
 16 22  2  0
 22 23  1  0
 23 24  2  0
 24 25  1  0
 24 26  1  0
 26 27  2  0
 27 28  1  0
 28 29  2  0
 29 30  1  0
 30 31  2  0
  8  3  1  0
 30 15  1  0
 29 23  1  0
M  END

$$$$
",5.200659450546419
"CHEMBL5282322","O=C(O)CNC(=O)c1ccc(S(=O)(=O)N2CCC(c3ccc(F)c(F)c3)CC2)cc1","
     RDKit          2D

 30 32  0  0  0  0  0  0  0  0999 V2000
    7.5000   -2.5981    0.0000 O   0  0  0  0  0  0  0  0  0  0  0  0
    6.0000   -2.5981    0.0000 C   0  0  0  0  0  0  0  0  0  0  0  0
    5.2500   -3.8971    0.0000 O   0  0  0  0  0  0  0  0  0  0  0  0
    5.2500   -1.2990    0.0000 C   0  0  0  0  0  0  0  0  0  0  0  0
    3.7500   -1.2990    0.0000 N   0  0  0  0  0  0  0  0  0  0  0  0
    3.0000    0.0000    0.0000 C   0  0  0  0  0  0  0  0  0  0  0  0
    3.7500    1.2990    0.0000 O   0  0  0  0  0  0  0  0  0  0  0  0
    1.5000    0.0000    0.0000 C   0  0  0  0  0  0  0  0  0  0  0  0
    0.7500   -1.2990    0.0000 C   0  0  0  0  0  0  0  0  0  0  0  0
   -0.7500   -1.2990    0.0000 C   0  0  0  0  0  0  0  0  0  0  0  0
   -1.5000    0.0000    0.0000 C   0  0  0  0  0  0  0  0  0  0  0  0
   -3.0000    0.0000    0.0000 S   0  0  0  0  0  0  0  0  0  0  0  0
   -3.0000    1.5000    0.0000 O   0  0  0  0  0  0  0  0  0  0  0  0
   -3.0000   -1.5000    0.0000 O   0  0  0  0  0  0  0  0  0  0  0  0
   -4.5000    0.0000    0.0000 N   0  0  0  0  0  0  0  0  0  0  0  0
   -5.2500    1.2990    0.0000 C   0  0  0  0  0  0  0  0  0  0  0  0
   -6.7500    1.2990    0.0000 C   0  0  0  0  0  0  0  0  0  0  0  0
   -7.5000    0.0000    0.0000 C   0  0  0  0  0  0  0  0  0  0  0  0
   -9.0000    0.0000    0.0000 C   0  0  0  0  0  0  0  0  0  0  0  0
   -9.7500    1.2990    0.0000 C   0  0  0  0  0  0  0  0  0  0  0  0
  -11.2500    1.2990    0.0000 C   0  0  0  0  0  0  0  0  0  0  0  0
  -12.0000   -0.0000    0.0000 C   0  0  0  0  0  0  0  0  0  0  0  0
  -13.5000   -0.0000    0.0000 F   0  0  0  0  0  0  0  0  0  0  0  0
  -11.2500   -1.2990    0.0000 C   0  0  0  0  0  0  0  0  0  0  0  0
  -12.0000   -2.5981    0.0000 F   0  0  0  0  0  0  0  0  0  0  0  0
   -9.7500   -1.2990    0.0000 C   0  0  0  0  0  0  0  0  0  0  0  0
   -6.7500   -1.2990    0.0000 C   0  0  0  0  0  0  0  0  0  0  0  0
   -5.2500   -1.2990    0.0000 C   0  0  0  0  0  0  0  0  0  0  0  0
   -0.7500    1.2990    0.0000 C   0  0  0  0  0  0  0  0  0  0  0  0
    0.7500    1.2990    0.0000 C   0  0  0  0  0  0  0  0  0  0  0  0
  1  2  2  0
  2  3  1  0
  2  4  1  0
  4  5  1  0
  5  6  1  0
  6  7  2  0
  6  8  1  0
  8  9  2  0
  9 10  1  0
 10 11  2  0
 11 12  1  0
 12 13  2  0
 12 14  2  0
 12 15  1  0
 15 16  1  0
 16 17  1  0
 17 18  1  0
 18 19  1  0
 19 20  2  0
 20 21  1  0
 21 22  2  0
 22 23  1  0
 22 24  1  0
 24 25  1  0
 24 26  2  0
 18 27  1  0
 27 28  1  0
 11 29  1  0
 29 30  2  0
 30  8  1  0
 28 15  1  0
 26 19  1  0
M  END

$$$$
",4.508638306165728
"CHEMBL5290299","O=C(O)CNC(=O)c1ccc(S(=O)(=O)N2CCC(Oc3ccccc3)CC2)cc1","
     RDKit          2D

 29 31  0  0  0  0  0  0  0  0999 V2000
    7.5000   -2.5981    0.0000 O   0  0  0  0  0  0  0  0  0  0  0  0
    6.0000   -2.5981    0.0000 C   0  0  0  0  0  0  0  0  0  0  0  0
    5.2500   -3.8971    0.0000 O   0  0  0  0  0  0  0  0  0  0  0  0
    5.2500   -1.2990    0.0000 C   0  0  0  0  0  0  0  0  0  0  0  0
    3.7500   -1.2990    0.0000 N   0  0  0  0  0  0  0  0  0  0  0  0
    3.0000    0.0000    0.0000 C   0  0  0  0  0  0  0  0  0  0  0  0
    3.7500    1.2990    0.0000 O   0  0  0  0  0  0  0  0  0  0  0  0
    1.5000    0.0000    0.0000 C   0  0  0  0  0  0  0  0  0  0  0  0
    0.7500   -1.2990    0.0000 C   0  0  0  0  0  0  0  0  0  0  0  0
   -0.7500   -1.2990    0.0000 C   0  0  0  0  0  0  0  0  0  0  0  0
   -1.5000    0.0000    0.0000 C   0  0  0  0  0  0  0  0  0  0  0  0
   -3.0000    0.0000    0.0000 S   0  0  0  0  0  0  0  0  0  0  0  0
   -3.0000    1.5000    0.0000 O   0  0  0  0  0  0  0  0  0  0  0  0
   -3.0000   -1.5000    0.0000 O   0  0  0  0  0  0  0  0  0  0  0  0
   -4.5000    0.0000    0.0000 N   0  0  0  0  0  0  0  0  0  0  0  0
   -5.2500    1.2990    0.0000 C   0  0  0  0  0  0  0  0  0  0  0  0
   -6.7500    1.2990    0.0000 C   0  0  0  0  0  0  0  0  0  0  0  0
   -7.5000    0.0000    0.0000 C   0  0  0  0  0  0  0  0  0  0  0  0
   -9.0000    0.0000    0.0000 O   0  0  0  0  0  0  0  0  0  0  0  0
   -9.7500    1.2990    0.0000 C   0  0  0  0  0  0  0  0  0  0  0  0
   -9.0000    2.5981    0.0000 C   0  0  0  0  0  0  0  0  0  0  0  0
   -9.7500    3.8971    0.0000 C   0  0  0  0  0  0  0  0  0  0  0  0
  -11.2500    3.8971    0.0000 C   0  0  0  0  0  0  0  0  0  0  0  0
  -12.0000    2.5981    0.0000 C   0  0  0  0  0  0  0  0  0  0  0  0
  -11.2500    1.2990    0.0000 C   0  0  0  0  0  0  0  0  0  0  0  0
   -6.7500   -1.2990    0.0000 C   0  0  0  0  0  0  0  0  0  0  0  0
   -5.2500   -1.2990    0.0000 C   0  0  0  0  0  0  0  0  0  0  0  0
   -0.7500    1.2990    0.0000 C   0  0  0  0  0  0  0  0  0  0  0  0
    0.7500    1.2990    0.0000 C   0  0  0  0  0  0  0  0  0  0  0  0
  1  2  2  0
  2  3  1  0
  2  4  1  0
  4  5  1  0
  5  6  1  0
  6  7  2  0
  6  8  1  0
  8  9  2  0
  9 10  1  0
 10 11  2  0
 11 12  1  0
 12 13  2  0
 12 14  2  0
 12 15  1  0
 15 16  1  0
 16 17  1  0
 17 18  1  0
 18 19  1  0
 19 20  1  0
 20 21  2  0
 21 22  1  0
 22 23  2  0
 23 24  1  0
 24 25  2  0
 18 26  1  0
 26 27  1  0
 11 28  1  0
 28 29  2  0
 29  8  1  0
 27 15  1  0
 25 20  1  0
M  END

$$$$
",4.214670164989233
"CHEMBL5266727","COc1ccc(C2CCN(S(=O)(=O)c3ccc(C(=O)NCC(=O)O)cc3)CC2)cc1","
     RDKit          2D

 30 32  0  0  0  0  0  0  0  0999 V2000
    3.7500   -1.2990    0.0000 C   0  0  0  0  0  0  0  0  0  0  0  0
    3.0000    0.0000    0.0000 O   0  0  0  0  0  0  0  0  0  0  0  0
    1.5000    0.0000    0.0000 C   0  0  0  0  0  0  0  0  0  0  0  0
    0.7500   -1.2990    0.0000 C   0  0  0  0  0  0  0  0  0  0  0  0
   -0.7500   -1.2990    0.0000 C   0  0  0  0  0  0  0  0  0  0  0  0
   -1.5000    0.0000    0.0000 C   0  0  0  0  0  0  0  0  0  0  0  0
   -3.0000    0.0000    0.0000 C   0  0  0  0  0  0  0  0  0  0  0  0
   -3.7500    1.2990    0.0000 C   0  0  0  0  0  0  0  0  0  0  0  0
   -5.2500    1.2990    0.0000 C   0  0  0  0  0  0  0  0  0  0  0  0
   -6.0000    0.0000    0.0000 N   0  0  0  0  0  0  0  0  0  0  0  0
   -7.5000    0.0000    0.0000 S   0  0  0  0  0  0  0  0  0  0  0  0
   -7.5000   -1.5000    0.0000 O   0  0  0  0  0  0  0  0  0  0  0  0
   -7.5000    1.5000    0.0000 O   0  0  0  0  0  0  0  0  0  0  0  0
   -9.0000    0.0000    0.0000 C   0  0  0  0  0  0  0  0  0  0  0  0
   -9.7500    1.2990    0.0000 C   0  0  0  0  0  0  0  0  0  0  0  0
  -11.2500    1.2990    0.0000 C   0  0  0  0  0  0  0  0  0  0  0  0
  -12.0000    0.0000    0.0000 C   0  0  0  0  0  0  0  0  0  0  0  0
  -13.5000    0.0000    0.0000 C   0  0  0  0  0  0  0  0  0  0  0  0
  -14.2500   -1.2990    0.0000 O   0  0  0  0  0  0  0  0  0  0  0  0
  -14.2500    1.2990    0.0000 N   0  0  0  0  0  0  0  0  0  0  0  0
  -15.7500    1.2990    0.0000 C   0  0  0  0  0  0  0  0  0  0  0  0
  -16.5000    2.5981    0.0000 C   0  0  0  0  0  0  0  0  0  0  0  0
  -18.0000    2.5981    0.0000 O   0  0  0  0  0  0  0  0  0  0  0  0
  -15.7500    3.8971    0.0000 O   0  0  0  0  0  0  0  0  0  0  0  0
  -11.2500   -1.2990    0.0000 C   0  0  0  0  0  0  0  0  0  0  0  0
   -9.7500   -1.2990    0.0000 C   0  0  0  0  0  0  0  0  0  0  0  0
   -5.2500   -1.2990    0.0000 C   0  0  0  0  0  0  0  0  0  0  0  0
   -3.7500   -1.2990    0.0000 C   0  0  0  0  0  0  0  0  0  0  0  0
   -0.7500    1.2990    0.0000 C   0  0  0  0  0  0  0  0  0  0  0  0
    0.7500    1.2990    0.0000 C   0  0  0  0  0  0  0  0  0  0  0  0
  1  2  1  0
  2  3  1  0
  3  4  2  0
  4  5  1  0
  5  6  2  0
  6  7  1  0
  7  8  1  0
  8  9  1  0
  9 10  1  0
 10 11  1  0
 11 12  2  0
 11 13  2  0
 11 14  1  0
 14 15  2  0
 15 16  1  0
 16 17  2  0
 17 18  1  0
 18 19  2  0
 18 20  1  0
 20 21  1  0
 21 22  1  0
 22 23  2  0
 22 24  1  0
 17 25  1  0
 25 26  2  0
 10 27  1  0
 27 28  1  0
  6 29  1  0
 29 30  2  0
 30  3  1  0
 28  7  1  0
 26 14  1  0
M  END

$$$$
",4.397940008672038
"CHEMBL5281654","O=C(O)CNC(=O)c1ccc(S(=O)(=O)N2CCC(c3ccc(Cl)cc3)CC2)cc1","
     RDKit          2D

 29 31  0  0  0  0  0  0  0  0999 V2000
    7.5000   -2.5981    0.0000 O   0  0  0  0  0  0  0  0  0  0  0  0
    6.0000   -2.5981    0.0000 C   0  0  0  0  0  0  0  0  0  0  0  0
    5.2500   -3.8971    0.0000 O   0  0  0  0  0  0  0  0  0  0  0  0
    5.2500   -1.2990    0.0000 C   0  0  0  0  0  0  0  0  0  0  0  0
    3.7500   -1.2990    0.0000 N   0  0  0  0  0  0  0  0  0  0  0  0
    3.0000    0.0000    0.0000 C   0  0  0  0  0  0  0  0  0  0  0  0
    3.7500    1.2990    0.0000 O   0  0  0  0  0  0  0  0  0  0  0  0
    1.5000    0.0000    0.0000 C   0  0  0  0  0  0  0  0  0  0  0  0
    0.7500   -1.2990    0.0000 C   0  0  0  0  0  0  0  0  0  0  0  0
   -0.7500   -1.2990    0.0000 C   0  0  0  0  0  0  0  0  0  0  0  0
   -1.5000    0.0000    0.0000 C   0  0  0  0  0  0  0  0  0  0  0  0
   -3.0000    0.0000    0.0000 S   0  0  0  0  0  0  0  0  0  0  0  0
   -3.0000    1.5000    0.0000 O   0  0  0  0  0  0  0  0  0  0  0  0
   -3.0000   -1.5000    0.0000 O   0  0  0  0  0  0  0  0  0  0  0  0
   -4.5000    0.0000    0.0000 N   0  0  0  0  0  0  0  0  0  0  0  0
   -5.2500    1.2990    0.0000 C   0  0  0  0  0  0  0  0  0  0  0  0
   -6.7500    1.2990    0.0000 C   0  0  0  0  0  0  0  0  0  0  0  0
   -7.5000    0.0000    0.0000 C   0  0  0  0  0  0  0  0  0  0  0  0
   -9.0000    0.0000    0.0000 C   0  0  0  0  0  0  0  0  0  0  0  0
   -9.7500    1.2990    0.0000 C   0  0  0  0  0  0  0  0  0  0  0  0
  -11.2500    1.2990    0.0000 C   0  0  0  0  0  0  0  0  0  0  0  0
  -12.0000   -0.0000    0.0000 C   0  0  0  0  0  0  0  0  0  0  0  0
  -13.5000   -0.0000    0.0000 Cl  0  0  0  0  0  0  0  0  0  0  0  0
  -11.2500   -1.2990    0.0000 C   0  0  0  0  0  0  0  0  0  0  0  0
   -9.7500   -1.2990    0.0000 C   0  0  0  0  0  0  0  0  0  0  0  0
   -6.7500   -1.2990    0.0000 C   0  0  0  0  0  0  0  0  0  0  0  0
   -5.2500   -1.2990    0.0000 C   0  0  0  0  0  0  0  0  0  0  0  0
   -0.7500    1.2990    0.0000 C   0  0  0  0  0  0  0  0  0  0  0  0
    0.7500    1.2990    0.0000 C   0  0  0  0  0  0  0  0  0  0  0  0
  1  2  2  0
  2  3  1  0
  2  4  1  0
  4  5  1  0
  5  6  1  0
  6  7  2  0
  6  8  1  0
  8  9  2  0
  9 10  1  0
 10 11  2  0
 11 12  1  0
 12 13  2  0
 12 14  2  0
 12 15  1  0
 15 16  1  0
 16 17  1  0
 17 18  1  0
 18 19  1  0
 19 20  2  0
 20 21  1  0
 21 22  2  0
 22 23  1  0
 22 24  1  0
 24 25  2  0
 18 26  1  0
 26 27  1  0
 11 28  1  0
 28 29  2  0
 29  8  1  0
 27 15  1  0
 25 19  1  0
M  END

$$$$
",4.677780705266081
"CHEMBL5278336","O=C(O)CNC(=O)c1ccc(S(=O)(=O)N2CCC(c3ccc(Cl)cc3)CC2)cn1","
     RDKit          2D

 29 31  0  0  0  0  0  0  0  0999 V2000
    7.5000   -2.5981    0.0000 O   0  0  0  0  0  0  0  0  0  0  0  0
    6.0000   -2.5981    0.0000 C   0  0  0  0  0  0  0  0  0  0  0  0
    5.2500   -3.8971    0.0000 O   0  0  0  0  0  0  0  0  0  0  0  0
    5.2500   -1.2990    0.0000 C   0  0  0  0  0  0  0  0  0  0  0  0
    3.7500   -1.2990    0.0000 N   0  0  0  0  0  0  0  0  0  0  0  0
    3.0000    0.0000    0.0000 C   0  0  0  0  0  0  0  0  0  0  0  0
    3.7500    1.2990    0.0000 O   0  0  0  0  0  0  0  0  0  0  0  0
    1.5000    0.0000    0.0000 C   0  0  0  0  0  0  0  0  0  0  0  0
    0.7500   -1.2990    0.0000 C   0  0  0  0  0  0  0  0  0  0  0  0
   -0.7500   -1.2990    0.0000 C   0  0  0  0  0  0  0  0  0  0  0  0
   -1.5000    0.0000    0.0000 C   0  0  0  0  0  0  0  0  0  0  0  0
   -3.0000    0.0000    0.0000 S   0  0  0  0  0  0  0  0  0  0  0  0
   -3.0000    1.5000    0.0000 O   0  0  0  0  0  0  0  0  0  0  0  0
   -3.0000   -1.5000    0.0000 O   0  0  0  0  0  0  0  0  0  0  0  0
   -4.5000    0.0000    0.0000 N   0  0  0  0  0  0  0  0  0  0  0  0
   -5.2500    1.2990    0.0000 C   0  0  0  0  0  0  0  0  0  0  0  0
   -6.7500    1.2990    0.0000 C   0  0  0  0  0  0  0  0  0  0  0  0
   -7.5000    0.0000    0.0000 C   0  0  0  0  0  0  0  0  0  0  0  0
   -9.0000    0.0000    0.0000 C   0  0  0  0  0  0  0  0  0  0  0  0
   -9.7500    1.2990    0.0000 C   0  0  0  0  0  0  0  0  0  0  0  0
  -11.2500    1.2990    0.0000 C   0  0  0  0  0  0  0  0  0  0  0  0
  -12.0000   -0.0000    0.0000 C   0  0  0  0  0  0  0  0  0  0  0  0
  -13.5000   -0.0000    0.0000 Cl  0  0  0  0  0  0  0  0  0  0  0  0
  -11.2500   -1.2990    0.0000 C   0  0  0  0  0  0  0  0  0  0  0  0
   -9.7500   -1.2990    0.0000 C   0  0  0  0  0  0  0  0  0  0  0  0
   -6.7500   -1.2990    0.0000 C   0  0  0  0  0  0  0  0  0  0  0  0
   -5.2500   -1.2990    0.0000 C   0  0  0  0  0  0  0  0  0  0  0  0
   -0.7500    1.2990    0.0000 C   0  0  0  0  0  0  0  0  0  0  0  0
    0.7500    1.2990    0.0000 N   0  0  0  0  0  0  0  0  0  0  0  0
  1  2  2  0
  2  3  1  0
  2  4  1  0
  4  5  1  0
  5  6  1  0
  6  7  2  0
  6  8  1  0
  8  9  2  0
  9 10  1  0
 10 11  2  0
 11 12  1  0
 12 13  2  0
 12 14  2  0
 12 15  1  0
 15 16  1  0
 16 17  1  0
 17 18  1  0
 18 19  1  0
 19 20  2  0
 20 21  1  0
 21 22  2  0
 22 23  1  0
 22 24  1  0
 24 25  2  0
 18 26  1  0
 26 27  1  0
 11 28  1  0
 28 29  2  0
 29  8  1  0
 27 15  1  0
 25 19  1  0
M  END

$$$$
",5.096910013008056
"CHEMBL4303622","N#CSc1cc(SC#N)c(N)nc1N","
     RDKit          2D

 14 14  0  0  0  0  0  0  0  0999 V2000
    4.5000   -2.5981    0.0000 N   0  0  0  0  0  0  0  0  0  0  0  0
    3.7500   -1.2990    0.0000 C   0  0  0  0  0  0  0  0  0  0  0  0
    3.0000    0.0000    0.0000 S   0  0  0  0  0  0  0  0  0  0  0  0
    1.5000    0.0000    0.0000 C   0  0  0  0  0  0  0  0  0  0  0  0
    0.7500   -1.2990    0.0000 C   0  0  0  0  0  0  0  0  0  0  0  0
   -0.7500   -1.2990    0.0000 C   0  0  0  0  0  0  0  0  0  0  0  0
   -1.5000   -2.5981    0.0000 S   0  0  0  0  0  0  0  0  0  0  0  0
   -3.0000   -2.5981    0.0000 C   0  0  0  0  0  0  0  0  0  0  0  0
   -4.5000   -2.5981    0.0000 N   0  0  0  0  0  0  0  0  0  0  0  0
   -1.5000    0.0000    0.0000 C   0  0  0  0  0  0  0  0  0  0  0  0
   -3.0000    0.0000    0.0000 N   0  0  0  0  0  0  0  0  0  0  0  0
   -0.7500    1.2990    0.0000 N   0  0  0  0  0  0  0  0  0  0  0  0
    0.7500    1.2990    0.0000 C   0  0  0  0  0  0  0  0  0  0  0  0
    1.5000    2.5981    0.0000 N   0  0  0  0  0  0  0  0  0  0  0  0
  1  2  3  0
  2  3  1  0
  3  4  1  0
  4  5  2  0
  5  6  1  0
  6  7  1  0
  7  8  1  0
  8  9  3  0
  6 10  2  0
 10 11  1  0
 10 12  1  0
 12 13  2  0
 13 14  1  0
 13  4  1  0
M  END

$$$$
",5.0655015487564325
"CHEMBL1923233","CCC[C@H](NC(=O)/C(C#N)=C/c1cccc(Br)n1)c1ccccc1","
     RDKit          2D

 24 25  0  0  0  0  0  0  0  0999 V2000
    0.7500  -11.6913    0.0000 C   0  0  0  0  0  0  0  0  0  0  0  0
    1.5000  -10.3923    0.0000 C   0  0  0  0  0  0  0  0  0  0  0  0
    0.7500   -9.0933    0.0000 C   0  0  0  0  0  0  0  0  0  0  0  0
    1.5000   -7.7942    0.0000 C   0  0  0  0  0  0  0  0  0  0  0  0
    0.7500   -6.4952    0.0000 N   0  0  0  0  0  0  0  0  0  0  0  0
    1.5000   -5.1962    0.0000 C   0  0  0  0  0  0  0  0  0  0  0  0
    3.0000   -5.1962    0.0000 O   0  0  0  0  0  0  0  0  0  0  0  0
    0.7500   -3.8971    0.0000 C   0  0  0  0  0  0  0  0  0  0  0  0
   -0.7500   -3.8971    0.0000 C   0  0  0  0  0  0  0  0  0  0  0  0
   -2.2500   -3.8971    0.0000 N   0  0  0  0  0  0  0  0  0  0  0  0
    1.5000   -2.5981    0.0000 C   0  0  0  0  0  0  0  0  0  0  0  0
    0.7500   -1.2990    0.0000 C   0  0  0  0  0  0  0  0  0  0  0  0
    1.5000    0.0000    0.0000 C   0  0  0  0  0  0  0  0  0  0  0  0
    0.7500    1.2990    0.0000 C   0  0  0  0  0  0  0  0  0  0  0  0
   -0.7500    1.2990    0.0000 C   0  0  0  0  0  0  0  0  0  0  0  0
   -1.5000    0.0000    0.0000 C   0  0  0  0  0  0  0  0  0  0  0  0
   -3.0000    0.0000    0.0000 Br  0  0  0  0  0  0  0  0  0  0  0  0
   -0.7500   -1.2990    0.0000 N   0  0  0  0  0  0  0  0  0  0  0  0
    3.0000   -7.7942    0.0000 C   0  0  0  0  0  0  0  0  0  0  0  0
    3.7500   -9.0933    0.0000 C   0  0  0  0  0  0  0  0  0  0  0  0
    5.2500   -9.0933    0.0000 C   0  0  0  0  0  0  0  0  0  0  0  0
    6.0000   -7.7942    0.0000 C   0  0  0  0  0  0  0  0  0  0  0  0
    5.2500   -6.4952    0.0000 C   0  0  0  0  0  0  0  0  0  0  0  0
    3.7500   -6.4952    0.0000 C   0  0  0  0  0  0  0  0  0  0  0  0
  1  2  1  0
  2  3  1  0
  4  3  1  6
  4  5  1  0
  5  6  1  0
  6  7  2  0
  6  8  1  0
  8  9  1  0
  9 10  3  0
  8 11  2  0
 11 12  1  0
 12 13  2  0
 13 14  1  0
 14 15  2  0
 15 16  1  0
 16 17  1  0
 16 18  2  0
  4 19  1  0
 19 20  2  0
 20 21  1  0
 21 22  2  0
 22 23  1  0
 23 24  2  0
 18 12  1  0
 24 19  1  0
M  END

$$$$
",7.301029995663981
"CHEMBL5285026","CC(C)C[C@H](NC(=O)C1(C(F)(F)F)CCCCC1)C(=O)Nc1nnc(Cc2ccc(C#N)cc2)s1","
     RDKit          2D

 35 37  0  0  0  0  0  0  0  0999 V2000
    5.7600   -7.2698    0.0000 C   0  0  0  0  0  0  0  0  0  0  0  0
    5.4996   -5.7926    0.0000 C   0  0  0  0  0  0  0  0  0  0  0  0
    6.6486   -4.8284    0.0000 C   0  0  0  0  0  0  0  0  0  0  0  0
    4.0900   -5.2795    0.0000 C   0  0  0  0  0  0  0  0  0  0  0  0
    3.8296   -3.8023    0.0000 C   0  0  0  0  0  0  0  0  0  0  0  0
    2.4200   -3.2893    0.0000 N   0  0  0  0  0  0  0  0  0  0  0  0
    2.1595   -1.8121    0.0000 C   0  0  0  0  0  0  0  0  0  0  0  0
    3.0766   -1.2165    0.0000 O   0  0  0  0  0  0  0  0  0  0  0  0
    0.7500   -1.2990    0.0000 C   0  0  0  0  0  0  0  0  0  0  0  0
    1.5000    0.0000    0.0000 C   0  0  0  0  0  0  0  0  0  0  0  0
    2.2500    1.2990    0.0000 F   0  0  0  0  0  0  0  0  0  0  0  0
    2.5066   -0.4272    0.0000 F   0  0  0  0  0  0  0  0  0  0  0  0
    0.2010    0.7500    0.0000 F   0  0  0  0  0  0  0  0  0  0  0  0
    0.4895   -2.7762    0.0000 C   0  0  0  0  0  0  0  0  0  0  0  0
   -0.9200   -3.2893    0.0000 C   0  0  0  0  0  0  0  0  0  0  0  0
   -2.0691   -2.3251    0.0000 C   0  0  0  0  0  0  0  0  0  0  0  0
   -1.8086   -0.8479    0.0000 C   0  0  0  0  0  0  0  0  0  0  0  0
   -0.3991   -0.3349    0.0000 C   0  0  0  0  0  0  0  0  0  0  0  0
    4.9786   -2.8381    0.0000 C   0  0  0  0  0  0  0  0  0  0  0  0
    4.7181   -1.3609    0.0000 O   0  0  0  0  0  0  0  0  0  0  0  0
    6.3882   -3.3512    0.0000 N   0  0  0  0  0  0  0  0  0  0  0  0
    7.5372   -2.3870    0.0000 C   0  0  0  0  0  0  0  0  0  0  0  0
    7.4326   -0.8906    0.0000 N   0  0  0  0  0  0  0  0  0  0  0  0
    8.8234   -0.3287    0.0000 N   0  0  0  0  0  0  0  0  0  0  0  0
    9.7875   -1.4778    0.0000 C   0  0  0  0  0  0  0  0  0  0  0  0
   11.2839   -1.3732    0.0000 C   0  0  0  0  0  0  0  0  0  0  0  0
   12.1227   -2.6167    0.0000 C   0  0  0  0  0  0  0  0  0  0  0  0
   11.4651   -3.9649    0.0000 C   0  0  0  0  0  0  0  0  0  0  0  0
   12.3039   -5.2085    0.0000 C   0  0  0  0  0  0  0  0  0  0  0  0
   13.8003   -5.1038    0.0000 C   0  0  0  0  0  0  0  0  0  0  0  0
   14.6390   -6.3474    0.0000 C   0  0  0  0  0  0  0  0  0  0  0  0
   15.4778   -7.5909    0.0000 N   0  0  0  0  0  0  0  0  0  0  0  0
   14.4578   -3.7556    0.0000 C   0  0  0  0  0  0  0  0  0  0  0  0
   13.6190   -2.5121    0.0000 C   0  0  0  0  0  0  0  0  0  0  0  0
    8.9927   -2.7499    0.0000 S   0  0  0  0  0  0  0  0  0  0  0  0
  1  2  1  0
  2  3  1  0
  2  4  1  0
  5  4  1  6
  5  6  1  0
  6  7  1  0
  7  8  2  0
  7  9  1  0
  9 10  1  0
 10 11  1  0
 10 12  1  0
 10 13  1  0
  9 14  1  0
 14 15  1  0
 15 16  1  0
 16 17  1  0
 17 18  1  0
  5 19  1  0
 19 20  2  0
 19 21  1  0
 21 22  1  0
 22 23  2  0
 23 24  1  0
 24 25  2  0
 25 26  1  0
 26 27  1  0
 27 28  2  0
 28 29  1  0
 29 30  2  0
 30 31  1  0
 31 32  3  0
 30 33  1  0
 33 34  2  0
 25 35  1  0
 18  9  1  0
 35 22  1  0
 34 27  1  0
M  END

$$$$
",7.823908740944319
"CHEMBL5266658","O=C(O)CNC(=O)c1ccc(S(=O)(=O)N2CCC(c3ccccc3)CC2)cc1","
     RDKit          2D

 28 30  0  0  0  0  0  0  0  0999 V2000
    7.5000   -2.5981    0.0000 O   0  0  0  0  0  0  0  0  0  0  0  0
    6.0000   -2.5981    0.0000 C   0  0  0  0  0  0  0  0  0  0  0  0
    5.2500   -3.8971    0.0000 O   0  0  0  0  0  0  0  0  0  0  0  0
    5.2500   -1.2990    0.0000 C   0  0  0  0  0  0  0  0  0  0  0  0
    3.7500   -1.2990    0.0000 N   0  0  0  0  0  0  0  0  0  0  0  0
    3.0000    0.0000    0.0000 C   0  0  0  0  0  0  0  0  0  0  0  0
    3.7500    1.2990    0.0000 O   0  0  0  0  0  0  0  0  0  0  0  0
    1.5000    0.0000    0.0000 C   0  0  0  0  0  0  0  0  0  0  0  0
    0.7500   -1.2990    0.0000 C   0  0  0  0  0  0  0  0  0  0  0  0
   -0.7500   -1.2990    0.0000 C   0  0  0  0  0  0  0  0  0  0  0  0
   -1.5000    0.0000    0.0000 C   0  0  0  0  0  0  0  0  0  0  0  0
   -3.0000    0.0000    0.0000 S   0  0  0  0  0  0  0  0  0  0  0  0
   -3.0000    1.5000    0.0000 O   0  0  0  0  0  0  0  0  0  0  0  0
   -3.0000   -1.5000    0.0000 O   0  0  0  0  0  0  0  0  0  0  0  0
   -4.5000    0.0000    0.0000 N   0  0  0  0  0  0  0  0  0  0  0  0
   -5.2500    1.2990    0.0000 C   0  0  0  0  0  0  0  0  0  0  0  0
   -6.7500    1.2990    0.0000 C   0  0  0  0  0  0  0  0  0  0  0  0
   -7.5000    0.0000    0.0000 C   0  0  0  0  0  0  0  0  0  0  0  0
   -9.0000    0.0000    0.0000 C   0  0  0  0  0  0  0  0  0  0  0  0
   -9.7500    1.2990    0.0000 C   0  0  0  0  0  0  0  0  0  0  0  0
  -11.2500    1.2990    0.0000 C   0  0  0  0  0  0  0  0  0  0  0  0
  -12.0000   -0.0000    0.0000 C   0  0  0  0  0  0  0  0  0  0  0  0
  -11.2500   -1.2990    0.0000 C   0  0  0  0  0  0  0  0  0  0  0  0
   -9.7500   -1.2990    0.0000 C   0  0  0  0  0  0  0  0  0  0  0  0
   -6.7500   -1.2990    0.0000 C   0  0  0  0  0  0  0  0  0  0  0  0
   -5.2500   -1.2990    0.0000 C   0  0  0  0  0  0  0  0  0  0  0  0
   -0.7500    1.2990    0.0000 C   0  0  0  0  0  0  0  0  0  0  0  0
    0.7500    1.2990    0.0000 C   0  0  0  0  0  0  0  0  0  0  0  0
  1  2  2  0
  2  3  1  0
  2  4  1  0
  4  5  1  0
  5  6  1  0
  6  7  2  0
  6  8  1  0
  8  9  2  0
  9 10  1  0
 10 11  2  0
 11 12  1  0
 12 13  2  0
 12 14  2  0
 12 15  1  0
 15 16  1  0
 16 17  1  0
 17 18  1  0
 18 19  1  0
 19 20  2  0
 20 21  1  0
 21 22  2  0
 22 23  1  0
 23 24  2  0
 18 25  1  0
 25 26  1  0
 11 27  1  0
 27 28  2  0
 28  8  1  0
 26 15  1  0
 24 19  1  0
M  END

$$$$
",4.468521082957745
"CHEMBL5282333","O=C(O)CNC(=O)c1ccc(S(=O)(=O)N2CCN(c3ccccc3)CC2)cc1","
     RDKit          2D

 28 30  0  0  0  0  0  0  0  0999 V2000
    7.5000   -2.5981    0.0000 O   0  0  0  0  0  0  0  0  0  0  0  0
    6.0000   -2.5981    0.0000 C   0  0  0  0  0  0  0  0  0  0  0  0
    5.2500   -3.8971    0.0000 O   0  0  0  0  0  0  0  0  0  0  0  0
    5.2500   -1.2990    0.0000 C   0  0  0  0  0  0  0  0  0  0  0  0
    3.7500   -1.2990    0.0000 N   0  0  0  0  0  0  0  0  0  0  0  0
    3.0000    0.0000    0.0000 C   0  0  0  0  0  0  0  0  0  0  0  0
    3.7500    1.2990    0.0000 O   0  0  0  0  0  0  0  0  0  0  0  0
    1.5000    0.0000    0.0000 C   0  0  0  0  0  0  0  0  0  0  0  0
    0.7500   -1.2990    0.0000 C   0  0  0  0  0  0  0  0  0  0  0  0
   -0.7500   -1.2990    0.0000 C   0  0  0  0  0  0  0  0  0  0  0  0
   -1.5000    0.0000    0.0000 C   0  0  0  0  0  0  0  0  0  0  0  0
   -3.0000    0.0000    0.0000 S   0  0  0  0  0  0  0  0  0  0  0  0
   -3.0000    1.5000    0.0000 O   0  0  0  0  0  0  0  0  0  0  0  0
   -3.0000   -1.5000    0.0000 O   0  0  0  0  0  0  0  0  0  0  0  0
   -4.5000    0.0000    0.0000 N   0  0  0  0  0  0  0  0  0  0  0  0
   -5.2500    1.2990    0.0000 C   0  0  0  0  0  0  0  0  0  0  0  0
   -6.7500    1.2990    0.0000 C   0  0  0  0  0  0  0  0  0  0  0  0
   -7.5000    0.0000    0.0000 N   0  0  0  0  0  0  0  0  0  0  0  0
   -9.0000    0.0000    0.0000 C   0  0  0  0  0  0  0  0  0  0  0  0
   -9.7500    1.2990    0.0000 C   0  0  0  0  0  0  0  0  0  0  0  0
  -11.2500    1.2990    0.0000 C   0  0  0  0  0  0  0  0  0  0  0  0
  -12.0000   -0.0000    0.0000 C   0  0  0  0  0  0  0  0  0  0  0  0
  -11.2500   -1.2990    0.0000 C   0  0  0  0  0  0  0  0  0  0  0  0
   -9.7500   -1.2990    0.0000 C   0  0  0  0  0  0  0  0  0  0  0  0
   -6.7500   -1.2990    0.0000 C   0  0  0  0  0  0  0  0  0  0  0  0
   -5.2500   -1.2990    0.0000 C   0  0  0  0  0  0  0  0  0  0  0  0
   -0.7500    1.2990    0.0000 C   0  0  0  0  0  0  0  0  0  0  0  0
    0.7500    1.2990    0.0000 C   0  0  0  0  0  0  0  0  0  0  0  0
  1  2  2  0
  2  3  1  0
  2  4  1  0
  4  5  1  0
  5  6  1  0
  6  7  2  0
  6  8  1  0
  8  9  2  0
  9 10  1  0
 10 11  2  0
 11 12  1  0
 12 13  2  0
 12 14  2  0
 12 15  1  0
 15 16  1  0
 16 17  1  0
 17 18  1  0
 18 19  1  0
 19 20  2  0
 20 21  1  0
 21 22  2  0
 22 23  1  0
 23 24  2  0
 18 25  1  0
 25 26  1  0
 11 27  1  0
 27 28  2  0
 28  8  1  0
 26 15  1  0
 24 19  1  0
M  END

$$$$
",3.8239087409443195
"CHEMBL5266393","Cc1cccc(C2CCN(S(=O)(=O)c3ccc(C(=O)NCC(=O)O)cc3)CC2)c1","
     RDKit          2D

 29 31  0  0  0  0  0  0  0  0999 V2000
    3.0000    0.0000    0.0000 C   0  0  0  0  0  0  0  0  0  0  0  0
    1.5000    0.0000    0.0000 C   0  0  0  0  0  0  0  0  0  0  0  0
    0.7500   -1.2990    0.0000 C   0  0  0  0  0  0  0  0  0  0  0  0
   -0.7500   -1.2990    0.0000 C   0  0  0  0  0  0  0  0  0  0  0  0
   -1.5000    0.0000    0.0000 C   0  0  0  0  0  0  0  0  0  0  0  0
   -0.7500    1.2990    0.0000 C   0  0  0  0  0  0  0  0  0  0  0  0
   -1.5000    2.5981    0.0000 C   0  0  0  0  0  0  0  0  0  0  0  0
   -0.7500    3.8971    0.0000 C   0  0  0  0  0  0  0  0  0  0  0  0
   -1.5000    5.1962    0.0000 C   0  0  0  0  0  0  0  0  0  0  0  0
   -3.0000    5.1962    0.0000 N   0  0  0  0  0  0  0  0  0  0  0  0
   -3.7500    6.4952    0.0000 S   0  0  0  0  0  0  0  0  0  0  0  0
   -5.0490    5.7452    0.0000 O   0  0  0  0  0  0  0  0  0  0  0  0
   -2.4510    7.2452    0.0000 O   0  0  0  0  0  0  0  0  0  0  0  0
   -4.5000    7.7942    0.0000 C   0  0  0  0  0  0  0  0  0  0  0  0
   -3.7500    9.0933    0.0000 C   0  0  0  0  0  0  0  0  0  0  0  0
   -4.5000   10.3923    0.0000 C   0  0  0  0  0  0  0  0  0  0  0  0
   -6.0000   10.3923    0.0000 C   0  0  0  0  0  0  0  0  0  0  0  0
   -6.7500   11.6913    0.0000 C   0  0  0  0  0  0  0  0  0  0  0  0
   -8.2500   11.6913    0.0000 O   0  0  0  0  0  0  0  0  0  0  0  0
   -6.0000   12.9904    0.0000 N   0  0  0  0  0  0  0  0  0  0  0  0
   -6.7500   14.2894    0.0000 C   0  0  0  0  0  0  0  0  0  0  0  0
   -6.0000   15.5885    0.0000 C   0  0  0  0  0  0  0  0  0  0  0  0
   -6.7500   16.8875    0.0000 O   0  0  0  0  0  0  0  0  0  0  0  0
   -4.5000   15.5885    0.0000 O   0  0  0  0  0  0  0  0  0  0  0  0
   -6.7500    9.0933    0.0000 C   0  0  0  0  0  0  0  0  0  0  0  0
   -6.0000    7.7942    0.0000 C   0  0  0  0  0  0  0  0  0  0  0  0
   -3.7500    3.8971    0.0000 C   0  0  0  0  0  0  0  0  0  0  0  0
   -3.0000    2.5981    0.0000 C   0  0  0  0  0  0  0  0  0  0  0  0
    0.7500    1.2990    0.0000 C   0  0  0  0  0  0  0  0  0  0  0  0
  1  2  1  0
  2  3  2  0
  3  4  1  0
  4  5  2  0
  5  6  1  0
  6  7  1  0
  7  8  1  0
  8  9  1  0
  9 10  1  0
 10 11  1  0
 11 12  2  0
 11 13  2  0
 11 14  1  0
 14 15  2  0
 15 16  1  0
 16 17  2  0
 17 18  1  0
 18 19  2  0
 18 20  1  0
 20 21  1  0
 21 22  1  0
 22 23  2  0
 22 24  1  0
 17 25  1  0
 25 26  2  0
 10 27  1  0
 27 28  1  0
  6 29  2  0
 29  2  1  0
 28  7  1  0
 26 14  1  0
M  END

$$$$
",4.744727494896694
"CHEMBL5270943","O=C(O)CNC(=O)c1ccc(S(=O)(=O)N2CCC(c3ccccc3)CC2)cn1","
     RDKit          2D

 28 30  0  0  0  0  0  0  0  0999 V2000
    7.5000   -2.5981    0.0000 O   0  0  0  0  0  0  0  0  0  0  0  0
    6.0000   -2.5981    0.0000 C   0  0  0  0  0  0  0  0  0  0  0  0
    5.2500   -3.8971    0.0000 O   0  0  0  0  0  0  0  0  0  0  0  0
    5.2500   -1.2990    0.0000 C   0  0  0  0  0  0  0  0  0  0  0  0
    3.7500   -1.2990    0.0000 N   0  0  0  0  0  0  0  0  0  0  0  0
    3.0000    0.0000    0.0000 C   0  0  0  0  0  0  0  0  0  0  0  0
    3.7500    1.2990    0.0000 O   0  0  0  0  0  0  0  0  0  0  0  0
    1.5000    0.0000    0.0000 C   0  0  0  0  0  0  0  0  0  0  0  0
    0.7500   -1.2990    0.0000 C   0  0  0  0  0  0  0  0  0  0  0  0
   -0.7500   -1.2990    0.0000 C   0  0  0  0  0  0  0  0  0  0  0  0
   -1.5000    0.0000    0.0000 C   0  0  0  0  0  0  0  0  0  0  0  0
   -3.0000    0.0000    0.0000 S   0  0  0  0  0  0  0  0  0  0  0  0
   -3.0000    1.5000    0.0000 O   0  0  0  0  0  0  0  0  0  0  0  0
   -3.0000   -1.5000    0.0000 O   0  0  0  0  0  0  0  0  0  0  0  0
   -4.5000    0.0000    0.0000 N   0  0  0  0  0  0  0  0  0  0  0  0
   -5.2500    1.2990    0.0000 C   0  0  0  0  0  0  0  0  0  0  0  0
   -6.7500    1.2990    0.0000 C   0  0  0  0  0  0  0  0  0  0  0  0
   -7.5000    0.0000    0.0000 C   0  0  0  0  0  0  0  0  0  0  0  0
   -9.0000    0.0000    0.0000 C   0  0  0  0  0  0  0  0  0  0  0  0
   -9.7500    1.2990    0.0000 C   0  0  0  0  0  0  0  0  0  0  0  0
  -11.2500    1.2990    0.0000 C   0  0  0  0  0  0  0  0  0  0  0  0
  -12.0000   -0.0000    0.0000 C   0  0  0  0  0  0  0  0  0  0  0  0
  -11.2500   -1.2990    0.0000 C   0  0  0  0  0  0  0  0  0  0  0  0
   -9.7500   -1.2990    0.0000 C   0  0  0  0  0  0  0  0  0  0  0  0
   -6.7500   -1.2990    0.0000 C   0  0  0  0  0  0  0  0  0  0  0  0
   -5.2500   -1.2990    0.0000 C   0  0  0  0  0  0  0  0  0  0  0  0
   -0.7500    1.2990    0.0000 C   0  0  0  0  0  0  0  0  0  0  0  0
    0.7500    1.2990    0.0000 N   0  0  0  0  0  0  0  0  0  0  0  0
  1  2  2  0
  2  3  1  0
  2  4  1  0
  4  5  1  0
  5  6  1  0
  6  7  2  0
  6  8  1  0
  8  9  2  0
  9 10  1  0
 10 11  2  0
 11 12  1  0
 12 13  2  0
 12 14  2  0
 12 15  1  0
 15 16  1  0
 16 17  1  0
 17 18  1  0
 18 19  1  0
 19 20  2  0
 20 21  1  0
 21 22  2  0
 22 23  1  0
 23 24  2  0
 18 25  1  0
 25 26  1  0
 11 27  1  0
 27 28  2  0
 28  8  1  0
 26 15  1  0
 24 19  1  0
M  END

$$$$
",5.154901959985743
"CHEMBL5273795","O=C(O)CNC(=O)c1ccc(S(=O)(=O)N2CCC(c3ccccc3)CC2)s1","
     RDKit          2D

 27 29  0  0  0  0  0  0  0  0999 V2000
   -0.4564  -11.9667    0.0000 O   0  0  0  0  0  0  0  0  0  0  0  0
   -0.2996  -10.4749    0.0000 C   0  0  0  0  0  0  0  0  0  0  0  0
   -1.5131   -9.5932    0.0000 O   0  0  0  0  0  0  0  0  0  0  0  0
    1.0707   -9.8648    0.0000 C   0  0  0  0  0  0  0  0  0  0  0  0
    1.2275   -8.3730    0.0000 N   0  0  0  0  0  0  0  0  0  0  0  0
    2.5978   -7.7629    0.0000 C   0  0  0  0  0  0  0  0  0  0  0  0
    3.8113   -8.6446    0.0000 O   0  0  0  0  0  0  0  0  0  0  0  0
    2.7546   -6.2711    0.0000 C   0  0  0  0  0  0  0  0  0  0  0  0
    4.0537   -5.5211    0.0000 C   0  0  0  0  0  0  0  0  0  0  0  0
    3.7418   -4.0539    0.0000 C   0  0  0  0  0  0  0  0  0  0  0  0
    2.2500   -3.8971    0.0000 C   0  0  0  0  0  0  0  0  0  0  0  0
    1.5000   -2.5981    0.0000 S   0  0  0  0  0  0  0  0  0  0  0  0
    2.7990   -1.8481    0.0000 O   0  0  0  0  0  0  0  0  0  0  0  0
    0.2010   -3.3481    0.0000 O   0  0  0  0  0  0  0  0  0  0  0  0
    0.7500   -1.2990    0.0000 N   0  0  0  0  0  0  0  0  0  0  0  0
    1.5000    0.0000    0.0000 C   0  0  0  0  0  0  0  0  0  0  0  0
    0.7500    1.2990    0.0000 C   0  0  0  0  0  0  0  0  0  0  0  0
   -0.7500    1.2990    0.0000 C   0  0  0  0  0  0  0  0  0  0  0  0
   -1.5000    2.5981    0.0000 C   0  0  0  0  0  0  0  0  0  0  0  0
   -0.7500    3.8971    0.0000 C   0  0  0  0  0  0  0  0  0  0  0  0
   -1.5000    5.1962    0.0000 C   0  0  0  0  0  0  0  0  0  0  0  0
   -3.0000    5.1962    0.0000 C   0  0  0  0  0  0  0  0  0  0  0  0
   -3.7500    3.8971    0.0000 C   0  0  0  0  0  0  0  0  0  0  0  0
   -3.0000    2.5981    0.0000 C   0  0  0  0  0  0  0  0  0  0  0  0
   -1.5000    0.0000    0.0000 C   0  0  0  0  0  0  0  0  0  0  0  0
   -0.7500   -1.2990    0.0000 C   0  0  0  0  0  0  0  0  0  0  0  0
    1.6399   -5.2674    0.0000 S   0  0  0  0  0  0  0  0  0  0  0  0
  1  2  2  0
  2  3  1  0
  2  4  1  0
  4  5  1  0
  5  6  1  0
  6  7  2  0
  6  8  1  0
  8  9  2  0
  9 10  1  0
 10 11  2  0
 11 12  1  0
 12 13  2  0
 12 14  2  0
 12 15  1  0
 15 16  1  0
 16 17  1  0
 17 18  1  0
 18 19  1  0
 19 20  2  0
 20 21  1  0
 21 22  2  0
 22 23  1  0
 23 24  2  0
 18 25  1  0
 25 26  1  0
 11 27  1  0
 27  8  1  0
 26 15  1  0
 24 19  1  0
M  END

$$$$
",4.657577319177794
"CHEMBL5278336","O=C(O)CNC(=O)c1ccc(S(=O)(=O)N2CCC(c3ccc(Cl)cc3)CC2)cn1","
     RDKit          2D

 29 31  0  0  0  0  0  0  0  0999 V2000
    7.5000   -2.5981    0.0000 O   0  0  0  0  0  0  0  0  0  0  0  0
    6.0000   -2.5981    0.0000 C   0  0  0  0  0  0  0  0  0  0  0  0
    5.2500   -3.8971    0.0000 O   0  0  0  0  0  0  0  0  0  0  0  0
    5.2500   -1.2990    0.0000 C   0  0  0  0  0  0  0  0  0  0  0  0
    3.7500   -1.2990    0.0000 N   0  0  0  0  0  0  0  0  0  0  0  0
    3.0000    0.0000    0.0000 C   0  0  0  0  0  0  0  0  0  0  0  0
    3.7500    1.2990    0.0000 O   0  0  0  0  0  0  0  0  0  0  0  0
    1.5000    0.0000    0.0000 C   0  0  0  0  0  0  0  0  0  0  0  0
    0.7500   -1.2990    0.0000 C   0  0  0  0  0  0  0  0  0  0  0  0
   -0.7500   -1.2990    0.0000 C   0  0  0  0  0  0  0  0  0  0  0  0
   -1.5000    0.0000    0.0000 C   0  0  0  0  0  0  0  0  0  0  0  0
   -3.0000    0.0000    0.0000 S   0  0  0  0  0  0  0  0  0  0  0  0
   -3.0000    1.5000    0.0000 O   0  0  0  0  0  0  0  0  0  0  0  0
   -3.0000   -1.5000    0.0000 O   0  0  0  0  0  0  0  0  0  0  0  0
   -4.5000    0.0000    0.0000 N   0  0  0  0  0  0  0  0  0  0  0  0
   -5.2500    1.2990    0.0000 C   0  0  0  0  0  0  0  0  0  0  0  0
   -6.7500    1.2990    0.0000 C   0  0  0  0  0  0  0  0  0  0  0  0
   -7.5000    0.0000    0.0000 C   0  0  0  0  0  0  0  0  0  0  0  0
   -9.0000    0.0000    0.0000 C   0  0  0  0  0  0  0  0  0  0  0  0
   -9.7500    1.2990    0.0000 C   0  0  0  0  0  0  0  0  0  0  0  0
  -11.2500    1.2990    0.0000 C   0  0  0  0  0  0  0  0  0  0  0  0
  -12.0000   -0.0000    0.0000 C   0  0  0  0  0  0  0  0  0  0  0  0
  -13.5000   -0.0000    0.0000 Cl  0  0  0  0  0  0  0  0  0  0  0  0
  -11.2500   -1.2990    0.0000 C   0  0  0  0  0  0  0  0  0  0  0  0
   -9.7500   -1.2990    0.0000 C   0  0  0  0  0  0  0  0  0  0  0  0
   -6.7500   -1.2990    0.0000 C   0  0  0  0  0  0  0  0  0  0  0  0
   -5.2500   -1.2990    0.0000 C   0  0  0  0  0  0  0  0  0  0  0  0
   -0.7500    1.2990    0.0000 C   0  0  0  0  0  0  0  0  0  0  0  0
    0.7500    1.2990    0.0000 N   0  0  0  0  0  0  0  0  0  0  0  0
  1  2  2  0
  2  3  1  0
  2  4  1  0
  4  5  1  0
  5  6  1  0
  6  7  2  0
  6  8  1  0
  8  9  2  0
  9 10  1  0
 10 11  2  0
 11 12  1  0
 12 13  2  0
 12 14  2  0
 12 15  1  0
 15 16  1  0
 16 17  1  0
 17 18  1  0
 18 19  1  0
 19 20  2  0
 20 21  1  0
 21 22  2  0
 22 23  1  0
 22 24  1  0
 24 25  2  0
 18 26  1  0
 26 27  1  0
 11 28  1  0
 28 29  2  0
 29  8  1  0
 27 15  1  0
 25 19  1  0
M  END

$$$$
",5.154901959985743
"CHEMBL1493046","Cc1cc(C(=O)CN2CCCCC2)c(C)n1-c1ccc(F)cc1","
     RDKit          2D

 23 25  0  0  0  0  0  0  0  0999 V2000
    4.6740   -7.4303    0.0000 C   0  0  0  0  0  0  0  0  0  0  0  0
    3.3037   -6.8202    0.0000 C   0  0  0  0  0  0  0  0  0  0  0  0
    2.9918   -5.3529    0.0000 C   0  0  0  0  0  0  0  0  0  0  0  0
    1.5000   -5.1962    0.0000 C   0  0  0  0  0  0  0  0  0  0  0  0
    0.7500   -3.8971    0.0000 C   0  0  0  0  0  0  0  0  0  0  0  0
   -0.7500   -3.8971    0.0000 O   0  0  0  0  0  0  0  0  0  0  0  0
    1.5000   -2.5981    0.0000 C   0  0  0  0  0  0  0  0  0  0  0  0
    0.7500   -1.2990    0.0000 N   0  0  0  0  0  0  0  0  0  0  0  0
    1.5000    0.0000    0.0000 C   0  0  0  0  0  0  0  0  0  0  0  0
    0.7500    1.2990    0.0000 C   0  0  0  0  0  0  0  0  0  0  0  0
   -0.7500    1.2990    0.0000 C   0  0  0  0  0  0  0  0  0  0  0  0
   -1.5000    0.0000    0.0000 C   0  0  0  0  0  0  0  0  0  0  0  0
   -0.7500   -1.2990    0.0000 C   0  0  0  0  0  0  0  0  0  0  0  0
    0.8899   -6.5665    0.0000 C   0  0  0  0  0  0  0  0  0  0  0  0
   -0.5773   -6.8783    0.0000 C   0  0  0  0  0  0  0  0  0  0  0  0
    2.0046   -7.5702    0.0000 N   0  0  0  0  0  0  0  0  0  0  0  0
    1.8478   -9.0619    0.0000 C   0  0  0  0  0  0  0  0  0  0  0  0
    0.4775   -9.6721    0.0000 C   0  0  0  0  0  0  0  0  0  0  0  0
    0.3207  -11.1638    0.0000 C   0  0  0  0  0  0  0  0  0  0  0  0
    1.5342  -12.0455    0.0000 C   0  0  0  0  0  0  0  0  0  0  0  0
    1.3774  -13.5373    0.0000 F   0  0  0  0  0  0  0  0  0  0  0  0
    2.9046  -11.4354    0.0000 C   0  0  0  0  0  0  0  0  0  0  0  0
    3.0613   -9.9436    0.0000 C   0  0  0  0  0  0  0  0  0  0  0  0
  1  2  1  0
  2  3  2  0
  3  4  1  0
  4  5  1  0
  5  6  2  0
  5  7  1  0
  7  8  1  0
  8  9  1  0
  9 10  1  0
 10 11  1  0
 11 12  1  0
 12 13  1  0
  4 14  2  0
 14 15  1  0
 14 16  1  0
 16 17  1  0
 17 18  2  0
 18 19  1  0
 19 20  2  0
 20 21  1  0
 20 22  1  0
 22 23  2  0
 16  2  1  0
 23 17  1  0
 13  8  1  0
M  END

$$$$
",4.5355104525660295
"CHEMBL5269641","O=C(O)CNC(=O)c1ccc(S(=O)(=O)N2CC(c3ccccc3)C2)cc1","
     RDKit          2D

 26 28  0  0  0  0  0  0  0  0999 V2000
    7.5000   -2.5981    0.0000 O   0  0  0  0  0  0  0  0  0  0  0  0
    6.0000   -2.5981    0.0000 C   0  0  0  0  0  0  0  0  0  0  0  0
    5.2500   -3.8971    0.0000 O   0  0  0  0  0  0  0  0  0  0  0  0
    5.2500   -1.2990    0.0000 C   0  0  0  0  0  0  0  0  0  0  0  0
    3.7500   -1.2990    0.0000 N   0  0  0  0  0  0  0  0  0  0  0  0
    3.0000    0.0000    0.0000 C   0  0  0  0  0  0  0  0  0  0  0  0
    3.7500    1.2990    0.0000 O   0  0  0  0  0  0  0  0  0  0  0  0
    1.5000    0.0000    0.0000 C   0  0  0  0  0  0  0  0  0  0  0  0
    0.7500   -1.2990    0.0000 C   0  0  0  0  0  0  0  0  0  0  0  0
   -0.7500   -1.2990    0.0000 C   0  0  0  0  0  0  0  0  0  0  0  0
   -1.5000    0.0000    0.0000 C   0  0  0  0  0  0  0  0  0  0  0  0
   -3.0000    0.0000    0.0000 S   0  0  0  0  0  0  0  0  0  0  0  0
   -3.0000    1.5000    0.0000 O   0  0  0  0  0  0  0  0  0  0  0  0
   -3.0000   -1.5000    0.0000 O   0  0  0  0  0  0  0  0  0  0  0  0
   -4.5000    0.0000    0.0000 N   0  0  0  0  0  0  0  0  0  0  0  0
   -5.5607    1.0607    0.0000 C   0  0  0  0  0  0  0  0  0  0  0  0
   -6.6213   -0.0000    0.0000 C   0  0  0  0  0  0  0  0  0  0  0  0
   -8.1213    0.0000    0.0000 C   0  0  0  0  0  0  0  0  0  0  0  0
   -8.8713    1.2990    0.0000 C   0  0  0  0  0  0  0  0  0  0  0  0
  -10.3713    1.2990    0.0000 C   0  0  0  0  0  0  0  0  0  0  0  0
  -11.1213    0.0000    0.0000 C   0  0  0  0  0  0  0  0  0  0  0  0
  -10.3713   -1.2990    0.0000 C   0  0  0  0  0  0  0  0  0  0  0  0
   -8.8713   -1.2990    0.0000 C   0  0  0  0  0  0  0  0  0  0  0  0
   -5.5607   -1.0607    0.0000 C   0  0  0  0  0  0  0  0  0  0  0  0
   -0.7500    1.2990    0.0000 C   0  0  0  0  0  0  0  0  0  0  0  0
    0.7500    1.2990    0.0000 C   0  0  0  0  0  0  0  0  0  0  0  0
  1  2  2  0
  2  3  1  0
  2  4  1  0
  4  5  1  0
  5  6  1  0
  6  7  2  0
  6  8  1  0
  8  9  2  0
  9 10  1  0
 10 11  2  0
 11 12  1  0
 12 13  2  0
 12 14  2  0
 12 15  1  0
 15 16  1  0
 16 17  1  0
 17 18  1  0
 18 19  2  0
 19 20  1  0
 20 21  2  0
 21 22  1  0
 22 23  2  0
 17 24  1  0
 11 25  1  0
 25 26  2  0
 26  8  1  0
 24 15  1  0
 23 18  1  0
M  END

$$$$
",3.568636235841014
"CHEMBL5267510","O=C(O)CNC(=O)c1ccc(S(=O)(=O)N2CCC(c3ccc(Cl)cc3)CC2)cc1F","
     RDKit          2D

 30 32  0  0  0  0  0  0  0  0999 V2000
    7.5000   -2.5981    0.0000 O   0  0  0  0  0  0  0  0  0  0  0  0
    6.0000   -2.5981    0.0000 C   0  0  0  0  0  0  0  0  0  0  0  0
    5.2500   -3.8971    0.0000 O   0  0  0  0  0  0  0  0  0  0  0  0
    5.2500   -1.2990    0.0000 C   0  0  0  0  0  0  0  0  0  0  0  0
    3.7500   -1.2990    0.0000 N   0  0  0  0  0  0  0  0  0  0  0  0
    3.0000    0.0000    0.0000 C   0  0  0  0  0  0  0  0  0  0  0  0
    3.7500    1.2990    0.0000 O   0  0  0  0  0  0  0  0  0  0  0  0
    1.5000    0.0000    0.0000 C   0  0  0  0  0  0  0  0  0  0  0  0
    0.7500   -1.2990    0.0000 C   0  0  0  0  0  0  0  0  0  0  0  0
   -0.7500   -1.2990    0.0000 C   0  0  0  0  0  0  0  0  0  0  0  0
   -1.5000    0.0000    0.0000 C   0  0  0  0  0  0  0  0  0  0  0  0
   -3.0000    0.0000    0.0000 S   0  0  0  0  0  0  0  0  0  0  0  0
   -3.0000    1.5000    0.0000 O   0  0  0  0  0  0  0  0  0  0  0  0
   -3.0000   -1.5000    0.0000 O   0  0  0  0  0  0  0  0  0  0  0  0
   -4.5000    0.0000    0.0000 N   0  0  0  0  0  0  0  0  0  0  0  0
   -5.2500    1.2990    0.0000 C   0  0  0  0  0  0  0  0  0  0  0  0
   -6.7500    1.2990    0.0000 C   0  0  0  0  0  0  0  0  0  0  0  0
   -7.5000    0.0000    0.0000 C   0  0  0  0  0  0  0  0  0  0  0  0
   -9.0000    0.0000    0.0000 C   0  0  0  0  0  0  0  0  0  0  0  0
   -9.7500    1.2990    0.0000 C   0  0  0  0  0  0  0  0  0  0  0  0
  -11.2500    1.2990    0.0000 C   0  0  0  0  0  0  0  0  0  0  0  0
  -12.0000   -0.0000    0.0000 C   0  0  0  0  0  0  0  0  0  0  0  0
  -13.5000   -0.0000    0.0000 Cl  0  0  0  0  0  0  0  0  0  0  0  0
  -11.2500   -1.2990    0.0000 C   0  0  0  0  0  0  0  0  0  0  0  0
   -9.7500   -1.2990    0.0000 C   0  0  0  0  0  0  0  0  0  0  0  0
   -6.7500   -1.2990    0.0000 C   0  0  0  0  0  0  0  0  0  0  0  0
   -5.2500   -1.2990    0.0000 C   0  0  0  0  0  0  0  0  0  0  0  0
   -0.7500    1.2990    0.0000 C   0  0  0  0  0  0  0  0  0  0  0  0
    0.7500    1.2990    0.0000 C   0  0  0  0  0  0  0  0  0  0  0  0
    1.5000    2.5981    0.0000 F   0  0  0  0  0  0  0  0  0  0  0  0
  1  2  2  0
  2  3  1  0
  2  4  1  0
  4  5  1  0
  5  6  1  0
  6  7  2  0
  6  8  1  0
  8  9  2  0
  9 10  1  0
 10 11  2  0
 11 12  1  0
 12 13  2  0
 12 14  2  0
 12 15  1  0
 15 16  1  0
 16 17  1  0
 17 18  1  0
 18 19  1  0
 19 20  2  0
 20 21  1  0
 21 22  2  0
 22 23  1  0
 22 24  1  0
 24 25  2  0
 18 26  1  0
 26 27  1  0
 11 28  1  0
 28 29  2  0
 29 30  1  0
 29  8  1  0
 27 15  1  0
 25 19  1  0
M  END

$$$$
",5.154901959985743
"CHEMBL4218728","COc1cc2ncn(CC(=O)O)c(=O)c2cc1OC","
     RDKit          2D

 19 20  0  0  0  0  0  0  0  0999 V2000
    3.7500   -1.2990    0.0000 C   0  0  0  0  0  0  0  0  0  0  0  0
    3.0000    0.0000    0.0000 O   0  0  0  0  0  0  0  0  0  0  0  0
    1.5000    0.0000    0.0000 C   0  0  0  0  0  0  0  0  0  0  0  0
    0.7500   -1.2990    0.0000 C   0  0  0  0  0  0  0  0  0  0  0  0
   -0.7500   -1.2990    0.0000 C   0  0  0  0  0  0  0  0  0  0  0  0
   -1.5000   -2.5981    0.0000 N   0  0  0  0  0  0  0  0  0  0  0  0
   -3.0000   -2.5981    0.0000 C   0  0  0  0  0  0  0  0  0  0  0  0
   -3.7500   -1.2990    0.0000 N   0  0  0  0  0  0  0  0  0  0  0  0
   -5.2500   -1.2990    0.0000 C   0  0  0  0  0  0  0  0  0  0  0  0
   -6.0000   -2.5981    0.0000 C   0  0  0  0  0  0  0  0  0  0  0  0
   -7.5000   -2.5981    0.0000 O   0  0  0  0  0  0  0  0  0  0  0  0
   -5.2500   -3.8971    0.0000 O   0  0  0  0  0  0  0  0  0  0  0  0
   -3.0000    0.0000    0.0000 C   0  0  0  0  0  0  0  0  0  0  0  0
   -3.7500    1.2990    0.0000 O   0  0  0  0  0  0  0  0  0  0  0  0
   -1.5000    0.0000    0.0000 C   0  0  0  0  0  0  0  0  0  0  0  0
   -0.7500    1.2990    0.0000 C   0  0  0  0  0  0  0  0  0  0  0  0
    0.7500    1.2990    0.0000 C   0  0  0  0  0  0  0  0  0  0  0  0
    1.5000    2.5981    0.0000 O   0  0  0  0  0  0  0  0  0  0  0  0
    0.7500    3.8971    0.0000 C   0  0  0  0  0  0  0  0  0  0  0  0
  1  2  1  0
  2  3  1  0
  3  4  2  0
  4  5  1  0
  5  6  1  0
  6  7  2  0
  7  8  1  0
  8  9  1  0
  9 10  1  0
 10 11  2  0
 10 12  1  0
  8 13  1  0
 13 14  2  0
 13 15  1  0
 15 16  1  0
 16 17  2  0
 17 18  1  0
 18 19  1  0
 17  3  1  0
 15  5  2  0
M  END

$$$$
",3.9586073148417755
"CHEMBL5275351","O=C(O)CNC(=O)c1ccc(S(=O)(=O)N2Cc3ccccc3C2)cc1","
     RDKit          2D

 25 27  0  0  0  0  0  0  0  0999 V2000
   -2.5981  -15.6073    0.0000 O   0  0  0  0  0  0  0  0  0  0  0  0
   -2.5981  -14.1073    0.0000 C   0  0  0  0  0  0  0  0  0  0  0  0
   -3.8971  -13.3573    0.0000 O   0  0  0  0  0  0  0  0  0  0  0  0
   -1.2990  -13.3573    0.0000 C   0  0  0  0  0  0  0  0  0  0  0  0
   -1.2990  -11.8573    0.0000 N   0  0  0  0  0  0  0  0  0  0  0  0
    0.0000  -11.1073    0.0000 C   0  0  0  0  0  0  0  0  0  0  0  0
    1.2990  -11.8573    0.0000 O   0  0  0  0  0  0  0  0  0  0  0  0
    0.0000   -9.6073    0.0000 C   0  0  0  0  0  0  0  0  0  0  0  0
   -1.2990   -8.8573    0.0000 C   0  0  0  0  0  0  0  0  0  0  0  0
   -1.2990   -7.3573    0.0000 C   0  0  0  0  0  0  0  0  0  0  0  0
    0.0000   -6.6073    0.0000 C   0  0  0  0  0  0  0  0  0  0  0  0
    0.0000   -5.1073    0.0000 S   0  0  0  0  0  0  0  0  0  0  0  0
    1.5000   -5.1073    0.0000 O   0  0  0  0  0  0  0  0  0  0  0  0
   -1.5000   -5.1073    0.0000 O   0  0  0  0  0  0  0  0  0  0  0  0
    0.0000   -3.6073    0.0000 N   0  0  0  0  0  0  0  0  0  0  0  0
    1.2135   -2.7256    0.0000 C   0  0  0  0  0  0  0  0  0  0  0  0
    0.7500   -1.2990    0.0000 C   0  0  0  0  0  0  0  0  0  0  0  0
    1.5000    0.0000    0.0000 C   0  0  0  0  0  0  0  0  0  0  0  0
    0.7500    1.2990    0.0000 C   0  0  0  0  0  0  0  0  0  0  0  0
   -0.7500    1.2990    0.0000 C   0  0  0  0  0  0  0  0  0  0  0  0
   -1.5000    0.0000    0.0000 C   0  0  0  0  0  0  0  0  0  0  0  0
   -0.7500   -1.2990    0.0000 C   0  0  0  0  0  0  0  0  0  0  0  0
   -1.2135   -2.7256    0.0000 C   0  0  0  0  0  0  0  0  0  0  0  0
    1.2990   -7.3573    0.0000 C   0  0  0  0  0  0  0  0  0  0  0  0
    1.2990   -8.8573    0.0000 C   0  0  0  0  0  0  0  0  0  0  0  0
  1  2  2  0
  2  3  1  0
  2  4  1  0
  4  5  1  0
  5  6  1  0
  6  7  2  0
  6  8  1  0
  8  9  2  0
  9 10  1  0
 10 11  2  0
 11 12  1  0
 12 13  2  0
 12 14  2  0
 12 15  1  0
 15 16  1  0
 16 17  1  0
 17 18  2  0
 18 19  1  0
 19 20  2  0
 20 21  1  0
 21 22  2  0
 22 23  1  0
 11 24  1  0
 24 25  2  0
 25  8  1  0
 23 15  1  0
 22 17  1  0
M  END

$$$$
",3.769551078621727
"CHEMBL5267112","O=C(O)CCC(=O)c1ccc(S(=O)(=O)N2CCC(N3CCCC3)CC2)cc1","
     RDKit          2D

 27 29  0  0  0  0  0  0  0  0999 V2000
    7.5000   -2.5981    0.0000 O   0  0  0  0  0  0  0  0  0  0  0  0
    6.0000   -2.5981    0.0000 C   0  0  0  0  0  0  0  0  0  0  0  0
    5.2500   -3.8971    0.0000 O   0  0  0  0  0  0  0  0  0  0  0  0
    5.2500   -1.2990    0.0000 C   0  0  0  0  0  0  0  0  0  0  0  0
    3.7500   -1.2990    0.0000 C   0  0  0  0  0  0  0  0  0  0  0  0
    3.0000    0.0000    0.0000 C   0  0  0  0  0  0  0  0  0  0  0  0
    3.7500    1.2990    0.0000 O   0  0  0  0  0  0  0  0  0  0  0  0
    1.5000    0.0000    0.0000 C   0  0  0  0  0  0  0  0  0  0  0  0
    0.7500   -1.2990    0.0000 C   0  0  0  0  0  0  0  0  0  0  0  0
   -0.7500   -1.2990    0.0000 C   0  0  0  0  0  0  0  0  0  0  0  0
   -1.5000    0.0000    0.0000 C   0  0  0  0  0  0  0  0  0  0  0  0
   -3.0000    0.0000    0.0000 S   0  0  0  0  0  0  0  0  0  0  0  0
   -3.0000    1.5000    0.0000 O   0  0  0  0  0  0  0  0  0  0  0  0
   -3.0000   -1.5000    0.0000 O   0  0  0  0  0  0  0  0  0  0  0  0
   -4.5000    0.0000    0.0000 N   0  0  0  0  0  0  0  0  0  0  0  0
   -5.2500    1.2990    0.0000 C   0  0  0  0  0  0  0  0  0  0  0  0
   -6.7500    1.2990    0.0000 C   0  0  0  0  0  0  0  0  0  0  0  0
   -7.5000    0.0000    0.0000 C   0  0  0  0  0  0  0  0  0  0  0  0
   -9.0000    0.0000    0.0000 N   0  0  0  0  0  0  0  0  0  0  0  0
   -9.8817   -1.2135    0.0000 C   0  0  0  0  0  0  0  0  0  0  0  0
  -11.3083   -0.7500    0.0000 C   0  0  0  0  0  0  0  0  0  0  0  0
  -11.3083    0.7500    0.0000 C   0  0  0  0  0  0  0  0  0  0  0  0
   -9.8817    1.2135    0.0000 C   0  0  0  0  0  0  0  0  0  0  0  0
   -6.7500   -1.2990    0.0000 C   0  0  0  0  0  0  0  0  0  0  0  0
   -5.2500   -1.2990    0.0000 C   0  0  0  0  0  0  0  0  0  0  0  0
   -0.7500    1.2990    0.0000 C   0  0  0  0  0  0  0  0  0  0  0  0
    0.7500    1.2990    0.0000 C   0  0  0  0  0  0  0  0  0  0  0  0
  1  2  2  0
  2  3  1  0
  2  4  1  0
  4  5  1  0
  5  6  1  0
  6  7  2  0
  6  8  1  0
  8  9  2  0
  9 10  1  0
 10 11  2  0
 11 12  1  0
 12 13  2  0
 12 14  2  0
 12 15  1  0
 15 16  1  0
 16 17  1  0
 17 18  1  0
 18 19  1  0
 19 20  1  0
 20 21  1  0
 21 22  1  0
 22 23  1  0
 18 24  1  0
 24 25  1  0
 11 26  1  0
 26 27  2  0
 27  8  1  0
 25 15  1  0
 23 19  1  0
M  END

$$$$
",5.045757490560675
"CHEMBL5282742","O=C(O)CNC(=O)c1cc(S(=O)(=O)N2CCC(c3ccccc3)CC2)cs1","
     RDKit          2D

 27 29  0  0  0  0  0  0  0  0999 V2000
    8.4782  -10.3350    0.0000 O   0  0  0  0  0  0  0  0  0  0  0  0
    7.1079   -9.7249    0.0000 C   0  0  0  0  0  0  0  0  0  0  0  0
    5.8943  -10.6066    0.0000 O   0  0  0  0  0  0  0  0  0  0  0  0
    6.9511   -8.2331    0.0000 C   0  0  0  0  0  0  0  0  0  0  0  0
    5.5808   -7.6230    0.0000 N   0  0  0  0  0  0  0  0  0  0  0  0
    5.4240   -6.1312    0.0000 C   0  0  0  0  0  0  0  0  0  0  0  0
    6.6375   -5.2496    0.0000 O   0  0  0  0  0  0  0  0  0  0  0  0
    4.0537   -5.5211    0.0000 C   0  0  0  0  0  0  0  0  0  0  0  0
    3.7418   -4.0539    0.0000 C   0  0  0  0  0  0  0  0  0  0  0  0
    2.2500   -3.8971    0.0000 C   0  0  0  0  0  0  0  0  0  0  0  0
    1.5000   -2.5981    0.0000 S   0  0  0  0  0  0  0  0  0  0  0  0
    2.7990   -1.8481    0.0000 O   0  0  0  0  0  0  0  0  0  0  0  0
    0.2010   -3.3481    0.0000 O   0  0  0  0  0  0  0  0  0  0  0  0
    0.7500   -1.2990    0.0000 N   0  0  0  0  0  0  0  0  0  0  0  0
    1.5000    0.0000    0.0000 C   0  0  0  0  0  0  0  0  0  0  0  0
    0.7500    1.2990    0.0000 C   0  0  0  0  0  0  0  0  0  0  0  0
   -0.7500    1.2990    0.0000 C   0  0  0  0  0  0  0  0  0  0  0  0
   -1.5000    2.5981    0.0000 C   0  0  0  0  0  0  0  0  0  0  0  0
   -0.7500    3.8971    0.0000 C   0  0  0  0  0  0  0  0  0  0  0  0
   -1.5000    5.1962    0.0000 C   0  0  0  0  0  0  0  0  0  0  0  0
   -3.0000    5.1962    0.0000 C   0  0  0  0  0  0  0  0  0  0  0  0
   -3.7500    3.8971    0.0000 C   0  0  0  0  0  0  0  0  0  0  0  0
   -3.0000    2.5981    0.0000 C   0  0  0  0  0  0  0  0  0  0  0  0
   -1.5000    0.0000    0.0000 C   0  0  0  0  0  0  0  0  0  0  0  0
   -0.7500   -1.2990    0.0000 C   0  0  0  0  0  0  0  0  0  0  0  0
    1.6399   -5.2674    0.0000 C   0  0  0  0  0  0  0  0  0  0  0  0
    2.7546   -6.2711    0.0000 S   0  0  0  0  0  0  0  0  0  0  0  0
  1  2  2  0
  2  3  1  0
  2  4  1  0
  4  5  1  0
  5  6  1  0
  6  7  2  0
  6  8  1  0
  8  9  2  0
  9 10  1  0
 10 11  1  0
 11 12  2  0
 11 13  2  0
 11 14  1  0
 14 15  1  0
 15 16  1  0
 16 17  1  0
 17 18  1  0
 18 19  2  0
 19 20  1  0
 20 21  2  0
 21 22  1  0
 22 23  2  0
 17 24  1  0
 24 25  1  0
 10 26  2  0
 26 27  1  0
 27  8  1  0
 25 14  1  0
 23 18  1  0
M  END

$$$$
",4.214670164989233
"CHEMBL5285781","CC1CC(c2ccccc2)CCN1S(=O)(=O)c1ccc(C(=O)NCC(=O)O)cc1","
     RDKit          2D

 29 31  0  0  0  0  0  0  0  0999 V2000
    3.0000    0.0000    0.0000 C   0  0  0  0  0  0  0  0  0  0  0  0
    1.5000    0.0000    0.0000 C   0  0  0  0  0  0  0  0  0  0  0  0
    0.7500   -1.2990    0.0000 C   0  0  0  0  0  0  0  0  0  0  0  0
   -0.7500   -1.2990    0.0000 C   0  0  0  0  0  0  0  0  0  0  0  0
   -1.5000   -2.5981    0.0000 C   0  0  0  0  0  0  0  0  0  0  0  0
   -3.0000   -2.5981    0.0000 C   0  0  0  0  0  0  0  0  0  0  0  0
   -3.7500   -3.8971    0.0000 C   0  0  0  0  0  0  0  0  0  0  0  0
   -3.0000   -5.1962    0.0000 C   0  0  0  0  0  0  0  0  0  0  0  0
   -1.5000   -5.1962    0.0000 C   0  0  0  0  0  0  0  0  0  0  0  0
   -0.7500   -3.8971    0.0000 C   0  0  0  0  0  0  0  0  0  0  0  0
   -1.5000    0.0000    0.0000 C   0  0  0  0  0  0  0  0  0  0  0  0
   -0.7500    1.2990    0.0000 C   0  0  0  0  0  0  0  0  0  0  0  0
    0.7500    1.2990    0.0000 N   0  0  0  0  0  0  0  0  0  0  0  0
    1.5000    2.5981    0.0000 S   0  0  0  0  0  0  0  0  0  0  0  0
    2.7990    1.8481    0.0000 O   0  0  0  0  0  0  0  0  0  0  0  0
    0.2010    3.3481    0.0000 O   0  0  0  0  0  0  0  0  0  0  0  0
    2.2500    3.8971    0.0000 C   0  0  0  0  0  0  0  0  0  0  0  0
    3.7500    3.8971    0.0000 C   0  0  0  0  0  0  0  0  0  0  0  0
    4.5000    5.1962    0.0000 C   0  0  0  0  0  0  0  0  0  0  0  0
    3.7500    6.4952    0.0000 C   0  0  0  0  0  0  0  0  0  0  0  0
    4.5000    7.7942    0.0000 C   0  0  0  0  0  0  0  0  0  0  0  0
    3.7500    9.0933    0.0000 O   0  0  0  0  0  0  0  0  0  0  0  0
    6.0000    7.7942    0.0000 N   0  0  0  0  0  0  0  0  0  0  0  0
    6.7500    9.0933    0.0000 C   0  0  0  0  0  0  0  0  0  0  0  0
    8.2500    9.0933    0.0000 C   0  0  0  0  0  0  0  0  0  0  0  0
    9.0000   10.3923    0.0000 O   0  0  0  0  0  0  0  0  0  0  0  0
    9.0000    7.7942    0.0000 O   0  0  0  0  0  0  0  0  0  0  0  0
    2.2500    6.4952    0.0000 C   0  0  0  0  0  0  0  0  0  0  0  0
    1.5000    5.1962    0.0000 C   0  0  0  0  0  0  0  0  0  0  0  0
  1  2  1  0
  2  3  1  0
  3  4  1  0
  4  5  1  0
  5  6  2  0
  6  7  1  0
  7  8  2  0
  8  9  1  0
  9 10  2  0
  4 11  1  0
 11 12  1  0
 12 13  1  0
 13 14  1  0
 14 15  2  0
 14 16  2  0
 14 17  1  0
 17 18  2  0
 18 19  1  0
 19 20  2  0
 20 21  1  0
 21 22  2  0
 21 23  1  0
 23 24  1  0
 24 25  1  0
 25 26  2  0
 25 27  1  0
 20 28  1  0
 28 29  2  0
 13  2  1  0
 29 17  1  0
 10  5  1  0
M  END

$$$$
",4.036212172654445
"CHEMBL5274321","O=C(O)CNC(=O)c1ccc(S(=O)(=O)N2CCC3(CC2)OCc2ccccc23)cc1","
     RDKit          2D

 30 33  0  0  0  0  0  0  0  0999 V2000
    4.5000  -12.9904    0.0000 O   0  0  0  0  0  0  0  0  0  0  0  0
    3.7500  -11.6913    0.0000 C   0  0  0  0  0  0  0  0  0  0  0  0
    2.2500  -11.6913    0.0000 O   0  0  0  0  0  0  0  0  0  0  0  0
    4.5000  -10.3923    0.0000 C   0  0  0  0  0  0  0  0  0  0  0  0
    3.7500   -9.0933    0.0000 N   0  0  0  0  0  0  0  0  0  0  0  0
    4.5000   -7.7942    0.0000 C   0  0  0  0  0  0  0  0  0  0  0  0
    6.0000   -7.7942    0.0000 O   0  0  0  0  0  0  0  0  0  0  0  0
    3.7500   -6.4952    0.0000 C   0  0  0  0  0  0  0  0  0  0  0  0
    2.2500   -6.4952    0.0000 C   0  0  0  0  0  0  0  0  0  0  0  0
    1.5000   -5.1962    0.0000 C   0  0  0  0  0  0  0  0  0  0  0  0
    2.2500   -3.8971    0.0000 C   0  0  0  0  0  0  0  0  0  0  0  0
    1.5000   -2.5981    0.0000 S   0  0  0  0  0  0  0  0  0  0  0  0
    2.7990   -1.8481    0.0000 O   0  0  0  0  0  0  0  0  0  0  0  0
    0.2010   -3.3481    0.0000 O   0  0  0  0  0  0  0  0  0  0  0  0
    0.7500   -1.2990    0.0000 N   0  0  0  0  0  0  0  0  0  0  0  0
    1.5000    0.0000    0.0000 C   0  0  0  0  0  0  0  0  0  0  0  0
    0.7500    1.2990    0.0000 C   0  0  0  0  0  0  0  0  0  0  0  0
   -0.7500    1.2990    0.0000 C   0  0  0  0  0  0  0  0  0  0  0  0
   -1.5000    0.0000    0.0000 C   0  0  0  0  0  0  0  0  0  0  0  0
   -0.7500   -1.2990    0.0000 C   0  0  0  0  0  0  0  0  0  0  0  0
   -2.2418    1.4558    0.0000 O   0  0  0  0  0  0  0  0  0  0  0  0
   -2.5537    2.9231    0.0000 C   0  0  0  0  0  0  0  0  0  0  0  0
   -1.2546    3.6731    0.0000 C   0  0  0  0  0  0  0  0  0  0  0  0
   -0.9427    5.1403    0.0000 C   0  0  0  0  0  0  0  0  0  0  0  0
    0.4838    5.6038    0.0000 C   0  0  0  0  0  0  0  0  0  0  0  0
    1.5986    4.6001    0.0000 C   0  0  0  0  0  0  0  0  0  0  0  0
    1.2867    3.1329    0.0000 C   0  0  0  0  0  0  0  0  0  0  0  0
   -0.1399    2.6694    0.0000 C   0  0  0  0  0  0  0  0  0  0  0  0
    3.7500   -3.8971    0.0000 C   0  0  0  0  0  0  0  0  0  0  0  0
    4.5000   -5.1962    0.0000 C   0  0  0  0  0  0  0  0  0  0  0  0
  1  2  2  0
  2  3  1  0
  2  4  1  0
  4  5  1  0
  5  6  1  0
  6  7  2  0
  6  8  1  0
  8  9  2  0
  9 10  1  0
 10 11  2  0
 11 12  1  0
 12 13  2  0
 12 14  2  0
 12 15  1  0
 15 16  1  0
 16 17  1  0
 17 18  1  0
 18 19  1  0
 19 20  1  0
 18 21  1  0
 21 22  1  0
 22 23  1  0
 23 24  2  0
 24 25  1  0
 25 26  2  0
 26 27  1  0
 27 28  2  0
 11 29  1  0
 29 30  2  0
 30  8  1  0
 20 15  1  0
 28 23  1  0
 28 18  1  0
M  END

$$$$
",3.6575773191777943
"CHEMBL5290467","COc1cccc(C2CCN(S(=O)(=O)c3ccc(C(=O)NCC(=O)O)cc3)CC2)c1","
     RDKit          2D

 30 32  0  0  0  0  0  0  0  0999 V2000
    3.7500   -1.2990    0.0000 C   0  0  0  0  0  0  0  0  0  0  0  0
    3.0000    0.0000    0.0000 O   0  0  0  0  0  0  0  0  0  0  0  0
    1.5000    0.0000    0.0000 C   0  0  0  0  0  0  0  0  0  0  0  0
    0.7500   -1.2990    0.0000 C   0  0  0  0  0  0  0  0  0  0  0  0
   -0.7500   -1.2990    0.0000 C   0  0  0  0  0  0  0  0  0  0  0  0
   -1.5000    0.0000    0.0000 C   0  0  0  0  0  0  0  0  0  0  0  0
   -0.7500    1.2990    0.0000 C   0  0  0  0  0  0  0  0  0  0  0  0
   -1.5000    2.5981    0.0000 C   0  0  0  0  0  0  0  0  0  0  0  0
   -0.7500    3.8971    0.0000 C   0  0  0  0  0  0  0  0  0  0  0  0
   -1.5000    5.1962    0.0000 C   0  0  0  0  0  0  0  0  0  0  0  0
   -3.0000    5.1962    0.0000 N   0  0  0  0  0  0  0  0  0  0  0  0
   -3.7500    6.4952    0.0000 S   0  0  0  0  0  0  0  0  0  0  0  0
   -5.0490    5.7452    0.0000 O   0  0  0  0  0  0  0  0  0  0  0  0
   -2.4510    7.2452    0.0000 O   0  0  0  0  0  0  0  0  0  0  0  0
   -4.5000    7.7942    0.0000 C   0  0  0  0  0  0  0  0  0  0  0  0
   -3.7500    9.0933    0.0000 C   0  0  0  0  0  0  0  0  0  0  0  0
   -4.5000   10.3923    0.0000 C   0  0  0  0  0  0  0  0  0  0  0  0
   -6.0000   10.3923    0.0000 C   0  0  0  0  0  0  0  0  0  0  0  0
   -6.7500   11.6913    0.0000 C   0  0  0  0  0  0  0  0  0  0  0  0
   -8.2500   11.6913    0.0000 O   0  0  0  0  0  0  0  0  0  0  0  0
   -6.0000   12.9904    0.0000 N   0  0  0  0  0  0  0  0  0  0  0  0
   -6.7500   14.2894    0.0000 C   0  0  0  0  0  0  0  0  0  0  0  0
   -6.0000   15.5885    0.0000 C   0  0  0  0  0  0  0  0  0  0  0  0
   -6.7500   16.8875    0.0000 O   0  0  0  0  0  0  0  0  0  0  0  0
   -4.5000   15.5885    0.0000 O   0  0  0  0  0  0  0  0  0  0  0  0
   -6.7500    9.0933    0.0000 C   0  0  0  0  0  0  0  0  0  0  0  0
   -6.0000    7.7942    0.0000 C   0  0  0  0  0  0  0  0  0  0  0  0
   -3.7500    3.8971    0.0000 C   0  0  0  0  0  0  0  0  0  0  0  0
   -3.0000    2.5981    0.0000 C   0  0  0  0  0  0  0  0  0  0  0  0
    0.7500    1.2990    0.0000 C   0  0  0  0  0  0  0  0  0  0  0  0
  1  2  1  0
  2  3  1  0
  3  4  2  0
  4  5  1  0
  5  6  2  0
  6  7  1  0
  7  8  1  0
  8  9  1  0
  9 10  1  0
 10 11  1  0
 11 12  1  0
 12 13  2  0
 12 14  2  0
 12 15  1  0
 15 16  2  0
 16 17  1  0
 17 18  2  0
 18 19  1  0
 19 20  2  0
 19 21  1  0
 21 22  1  0
 22 23  1  0
 23 24  2  0
 23 25  1  0
 18 26  1  0
 26 27  2  0
 11 28  1  0
 28 29  1  0
  7 30  2  0
 30  3  1  0
 29  8  1  0
 27 15  1  0
M  END

$$$$
",4.408935392973501
"CHEMBL5269269","O=C(O)CNC(=O)c1ccc(S(=O)(=O)N2CCC(c3cccc(F)c3)CC2)cc1","
     RDKit          2D

 29 31  0  0  0  0  0  0  0  0999 V2000
    7.5000   -2.5981    0.0000 O   0  0  0  0  0  0  0  0  0  0  0  0
    6.0000   -2.5981    0.0000 C   0  0  0  0  0  0  0  0  0  0  0  0
    5.2500   -3.8971    0.0000 O   0  0  0  0  0  0  0  0  0  0  0  0
    5.2500   -1.2990    0.0000 C   0  0  0  0  0  0  0  0  0  0  0  0
    3.7500   -1.2990    0.0000 N   0  0  0  0  0  0  0  0  0  0  0  0
    3.0000    0.0000    0.0000 C   0  0  0  0  0  0  0  0  0  0  0  0
    3.7500    1.2990    0.0000 O   0  0  0  0  0  0  0  0  0  0  0  0
    1.5000    0.0000    0.0000 C   0  0  0  0  0  0  0  0  0  0  0  0
    0.7500   -1.2990    0.0000 C   0  0  0  0  0  0  0  0  0  0  0  0
   -0.7500   -1.2990    0.0000 C   0  0  0  0  0  0  0  0  0  0  0  0
   -1.5000    0.0000    0.0000 C   0  0  0  0  0  0  0  0  0  0  0  0
   -3.0000    0.0000    0.0000 S   0  0  0  0  0  0  0  0  0  0  0  0
   -3.0000    1.5000    0.0000 O   0  0  0  0  0  0  0  0  0  0  0  0
   -3.0000   -1.5000    0.0000 O   0  0  0  0  0  0  0  0  0  0  0  0
   -4.5000    0.0000    0.0000 N   0  0  0  0  0  0  0  0  0  0  0  0
   -5.2500    1.2990    0.0000 C   0  0  0  0  0  0  0  0  0  0  0  0
   -6.7500    1.2990    0.0000 C   0  0  0  0  0  0  0  0  0  0  0  0
   -7.5000    0.0000    0.0000 C   0  0  0  0  0  0  0  0  0  0  0  0
   -9.0000    0.0000    0.0000 C   0  0  0  0  0  0  0  0  0  0  0  0
   -9.7500    1.2990    0.0000 C   0  0  0  0  0  0  0  0  0  0  0  0
  -11.2500    1.2990    0.0000 C   0  0  0  0  0  0  0  0  0  0  0  0
  -12.0000   -0.0000    0.0000 C   0  0  0  0  0  0  0  0  0  0  0  0
  -11.2500   -1.2990    0.0000 C   0  0  0  0  0  0  0  0  0  0  0  0
  -12.0000   -2.5981    0.0000 F   0  0  0  0  0  0  0  0  0  0  0  0
   -9.7500   -1.2990    0.0000 C   0  0  0  0  0  0  0  0  0  0  0  0
   -6.7500   -1.2990    0.0000 C   0  0  0  0  0  0  0  0  0  0  0  0
   -5.2500   -1.2990    0.0000 C   0  0  0  0  0  0  0  0  0  0  0  0
   -0.7500    1.2990    0.0000 C   0  0  0  0  0  0  0  0  0  0  0  0
    0.7500    1.2990    0.0000 C   0  0  0  0  0  0  0  0  0  0  0  0
  1  2  2  0
  2  3  1  0
  2  4  1  0
  4  5  1  0
  5  6  1  0
  6  7  2  0
  6  8  1  0
  8  9  2  0
  9 10  1  0
 10 11  2  0
 11 12  1  0
 12 13  2  0
 12 14  2  0
 12 15  1  0
 15 16  1  0
 16 17  1  0
 17 18  1  0
 18 19  1  0
 19 20  2  0
 20 21  1  0
 21 22  2  0
 22 23  1  0
 23 24  1  0
 23 25  2  0
 18 26  1  0
 26 27  1  0
 11 28  1  0
 28 29  2  0
 29  8  1  0
 27 15  1  0
 25 19  1  0
M  END

$$$$
",4.508638306165728
"CHEMBL5268349","O=C(O)CNC(=O)c1cccc(S(=O)(=O)N2CCC(c3ccccc3)CC2)c1","
     RDKit          2D

 28 30  0  0  0  0  0  0  0  0999 V2000
    7.5000   -2.5981    0.0000 O   0  0  0  0  0  0  0  0  0  0  0  0
    6.0000   -2.5981    0.0000 C   0  0  0  0  0  0  0  0  0  0  0  0
    5.2500   -3.8971    0.0000 O   0  0  0  0  0  0  0  0  0  0  0  0
    5.2500   -1.2990    0.0000 C   0  0  0  0  0  0  0  0  0  0  0  0
    3.7500   -1.2990    0.0000 N   0  0  0  0  0  0  0  0  0  0  0  0
    3.0000    0.0000    0.0000 C   0  0  0  0  0  0  0  0  0  0  0  0
    3.7500    1.2990    0.0000 O   0  0  0  0  0  0  0  0  0  0  0  0
    1.5000    0.0000    0.0000 C   0  0  0  0  0  0  0  0  0  0  0  0
    0.7500   -1.2990    0.0000 C   0  0  0  0  0  0  0  0  0  0  0  0
   -0.7500   -1.2990    0.0000 C   0  0  0  0  0  0  0  0  0  0  0  0
   -1.5000    0.0000    0.0000 C   0  0  0  0  0  0  0  0  0  0  0  0
   -0.7500    1.2990    0.0000 C   0  0  0  0  0  0  0  0  0  0  0  0
   -1.5000    2.5981    0.0000 S   0  0  0  0  0  0  0  0  0  0  0  0
   -0.2010    3.3481    0.0000 O   0  0  0  0  0  0  0  0  0  0  0  0
   -2.7990    1.8481    0.0000 O   0  0  0  0  0  0  0  0  0  0  0  0
   -2.2500    3.8971    0.0000 N   0  0  0  0  0  0  0  0  0  0  0  0
   -1.5000    5.1962    0.0000 C   0  0  0  0  0  0  0  0  0  0  0  0
   -2.2500    6.4952    0.0000 C   0  0  0  0  0  0  0  0  0  0  0  0
   -3.7500    6.4952    0.0000 C   0  0  0  0  0  0  0  0  0  0  0  0
   -4.5000    7.7942    0.0000 C   0  0  0  0  0  0  0  0  0  0  0  0
   -3.7500    9.0933    0.0000 C   0  0  0  0  0  0  0  0  0  0  0  0
   -4.5000   10.3923    0.0000 C   0  0  0  0  0  0  0  0  0  0  0  0
   -6.0000   10.3923    0.0000 C   0  0  0  0  0  0  0  0  0  0  0  0
   -6.7500    9.0933    0.0000 C   0  0  0  0  0  0  0  0  0  0  0  0
   -6.0000    7.7942    0.0000 C   0  0  0  0  0  0  0  0  0  0  0  0
   -4.5000    5.1962    0.0000 C   0  0  0  0  0  0  0  0  0  0  0  0
   -3.7500    3.8971    0.0000 C   0  0  0  0  0  0  0  0  0  0  0  0
    0.7500    1.2990    0.0000 C   0  0  0  0  0  0  0  0  0  0  0  0
  1  2  2  0
  2  3  1  0
  2  4  1  0
  4  5  1  0
  5  6  1  0
  6  7  2  0
  6  8  1  0
  8  9  2  0
  9 10  1  0
 10 11  2  0
 11 12  1  0
 12 13  1  0
 13 14  2  0
 13 15  2  0
 13 16  1  0
 16 17  1  0
 17 18  1  0
 18 19  1  0
 19 20  1  0
 20 21  2  0
 21 22  1  0
 22 23  2  0
 23 24  1  0
 24 25  2  0
 19 26  1  0
 26 27  1  0
 12 28  2  0
 28  8  1  0
 27 16  1  0
 25 20  1  0
M  END

$$$$
",4.086186147616283
"CHEMBL5283754","O=C(O)CNC(=O)c1ccc(S(=O)(=O)N2CCC(N3CCCC3)CC2)cc1F","
     RDKit          2D

 28 30  0  0  0  0  0  0  0  0999 V2000
    7.5000   -2.5981    0.0000 O   0  0  0  0  0  0  0  0  0  0  0  0
    6.0000   -2.5981    0.0000 C   0  0  0  0  0  0  0  0  0  0  0  0
    5.2500   -3.8971    0.0000 O   0  0  0  0  0  0  0  0  0  0  0  0
    5.2500   -1.2990    0.0000 C   0  0  0  0  0  0  0  0  0  0  0  0
    3.7500   -1.2990    0.0000 N   0  0  0  0  0  0  0  0  0  0  0  0
    3.0000    0.0000    0.0000 C   0  0  0  0  0  0  0  0  0  0  0  0
    3.7500    1.2990    0.0000 O   0  0  0  0  0  0  0  0  0  0  0  0
    1.5000    0.0000    0.0000 C   0  0  0  0  0  0  0  0  0  0  0  0
    0.7500   -1.2990    0.0000 C   0  0  0  0  0  0  0  0  0  0  0  0
   -0.7500   -1.2990    0.0000 C   0  0  0  0  0  0  0  0  0  0  0  0
   -1.5000    0.0000    0.0000 C   0  0  0  0  0  0  0  0  0  0  0  0
   -3.0000    0.0000    0.0000 S   0  0  0  0  0  0  0  0  0  0  0  0
   -3.0000    1.5000    0.0000 O   0  0  0  0  0  0  0  0  0  0  0  0
   -3.0000   -1.5000    0.0000 O   0  0  0  0  0  0  0  0  0  0  0  0
   -4.5000    0.0000    0.0000 N   0  0  0  0  0  0  0  0  0  0  0  0
   -5.2500    1.2990    0.0000 C   0  0  0  0  0  0  0  0  0  0  0  0
   -6.7500    1.2990    0.0000 C   0  0  0  0  0  0  0  0  0  0  0  0
   -7.5000    0.0000    0.0000 C   0  0  0  0  0  0  0  0  0  0  0  0
   -9.0000    0.0000    0.0000 N   0  0  0  0  0  0  0  0  0  0  0  0
   -9.8817   -1.2135    0.0000 C   0  0  0  0  0  0  0  0  0  0  0  0
  -11.3083   -0.7500    0.0000 C   0  0  0  0  0  0  0  0  0  0  0  0
  -11.3083    0.7500    0.0000 C   0  0  0  0  0  0  0  0  0  0  0  0
   -9.8817    1.2135    0.0000 C   0  0  0  0  0  0  0  0  0  0  0  0
   -6.7500   -1.2990    0.0000 C   0  0  0  0  0  0  0  0  0  0  0  0
   -5.2500   -1.2990    0.0000 C   0  0  0  0  0  0  0  0  0  0  0  0
   -0.7500    1.2990    0.0000 C   0  0  0  0  0  0  0  0  0  0  0  0
    0.7500    1.2990    0.0000 C   0  0  0  0  0  0  0  0  0  0  0  0
    1.5000    2.5981    0.0000 F   0  0  0  0  0  0  0  0  0  0  0  0
  1  2  2  0
  2  3  1  0
  2  4  1  0
  4  5  1  0
  5  6  1  0
  6  7  2  0
  6  8  1  0
  8  9  2  0
  9 10  1  0
 10 11  2  0
 11 12  1  0
 12 13  2  0
 12 14  2  0
 12 15  1  0
 15 16  1  0
 16 17  1  0
 17 18  1  0
 18 19  1  0
 19 20  1  0
 20 21  1  0
 21 22  1  0
 22 23  1  0
 18 24  1  0
 24 25  1  0
 11 26  1  0
 26 27  2  0
 27 28  1  0
 27  8  1  0
 25 15  1  0
 23 19  1  0
M  END

$$$$
",4.795880017344076
"CHEMBL4440506","CC(C)c1ccc(C(=O)CCC(=O)O)cc1","
     RDKit          2D

 16 16  0  0  0  0  0  0  0  0999 V2000
    3.7500   -1.2990    0.0000 C   0  0  0  0  0  0  0  0  0  0  0  0
    3.0000    0.0000    0.0000 C   0  0  0  0  0  0  0  0  0  0  0  0
    3.7500    1.2990    0.0000 C   0  0  0  0  0  0  0  0  0  0  0  0
    1.5000    0.0000    0.0000 C   0  0  0  0  0  0  0  0  0  0  0  0
    0.7500   -1.2990    0.0000 C   0  0  0  0  0  0  0  0  0  0  0  0
   -0.7500   -1.2990    0.0000 C   0  0  0  0  0  0  0  0  0  0  0  0
   -1.5000    0.0000    0.0000 C   0  0  0  0  0  0  0  0  0  0  0  0
   -3.0000    0.0000    0.0000 C   0  0  0  0  0  0  0  0  0  0  0  0
   -3.7500   -1.2990    0.0000 O   0  0  0  0  0  0  0  0  0  0  0  0
   -3.7500    1.2990    0.0000 C   0  0  0  0  0  0  0  0  0  0  0  0
   -5.2500    1.2990    0.0000 C   0  0  0  0  0  0  0  0  0  0  0  0
   -6.0000    2.5981    0.0000 C   0  0  0  0  0  0  0  0  0  0  0  0
   -7.5000    2.5981    0.0000 O   0  0  0  0  0  0  0  0  0  0  0  0
   -5.2500    3.8971    0.0000 O   0  0  0  0  0  0  0  0  0  0  0  0
   -0.7500    1.2990    0.0000 C   0  0  0  0  0  0  0  0  0  0  0  0
    0.7500    1.2990    0.0000 C   0  0  0  0  0  0  0  0  0  0  0  0
  1  2  1  0
  2  3  1  0
  2  4  1  0
  4  5  2  0
  5  6  1  0
  6  7  2  0
  7  8  1  0
  8  9  2  0
  8 10  1  0
 10 11  1  0
 11 12  1  0
 12 13  2  0
 12 14  1  0
  7 15  1  0
 15 16  2  0
 16  4  1  0
M  END

$$$$
",4.096910013008057
